CLIENT_ID,NAME_PRODUCT_TYPE,CAR_AGE,TOTAL_INCOME,PRIORIDAD_VENTA
ES182432980R,PRODUCT 1,11.0,54000.0,2. Alta (Renovación)
ES182429258K,PRODUCT 1,27.0,43200.0,1. Urgente (Chatarra)
ES182387126M,PRODUCT 1,16.0,37800.0,1. Urgente (Chatarra)
ES182445335J,PRODUCT 1,21.0,29700.0,1. Urgente (Chatarra)
ES182206341O,PRODUCT 1,16.0,24300.0,1. Urgente (Chatarra)
ES182141198Q,PRODUCT 1,14.0,24300.0,2. Alta (Renovación)
ES182431111I,PRODUCT 1,30.0,21600.0,1. Urgente (Chatarra)
ES182290319K,PRODUCT 1,18.0,21600.0,1. Urgente (Chatarra)
ES182204565G,PRODUCT 1,14.0,18900.0,2. Alta (Renovación)
ES182396363Z,PRODUCT 1,11.0,16578.0,2. Alta (Renovación)
ES182373399U,PRODUCT 1,11.0,16200.0,2. Alta (Renovación)
ES182210485O,PRODUCT 2,11.0,16200.0,2. Alta (Renovación)
ES182128538O,PRODUCT 2,10.0,16200.0,2. Alta (Renovación)
ES182301256U,PRODUCT 1,14.0,16200.0,2. Alta (Renovación)
ES182220023T,PRODUCT 1,11.0,15120.0,2. Alta (Renovación)
ES182292841J,PRODUCT 1,19.0,14580.0,1. Urgente (Chatarra)
ES182439504V,PRODUCT 1,12.0,13500.0,2. Alta (Renovación)
ES182302018I,PRODUCT 1,13.0,13500.0,2. Alta (Renovación)
ES182288105S,PRODUCT 1,14.0,13500.0,2. Alta (Renovación)
ES182290805W,PRODUCT 1,16.0,13500.0,1. Urgente (Chatarra)
ES182106637K,PRODUCT 1,64.0,11610.0,1. Urgente (Chatarra)
ES182302089R,PRODUCT 1,10.0,10800.0,2. Alta (Renovación)
ES182252254P,PRODUCT 1,15.0,10800.0,2. Alta (Renovación)
ES182326050C,PRODUCT 1,11.0,10800.0,2. Alta (Renovación)
ES182196466J,PRODUCT 1,12.0,10800.0,2. Alta (Renovación)
ES182267212I,PRODUCT 1,27.0,10800.0,1. Urgente (Chatarra)
ES182203573V,PRODUCT 1,11.0,10800.0,2. Alta (Renovación)
ES182326271V,PRODUCT 1,23.0,10800.0,1. Urgente (Chatarra)
ES182225078U,PRODUCT 2,15.0,10800.0,2. Alta (Renovación)
ES182439038V,PRODUCT 2,10.0,10800.0,2. Alta (Renovación)
ES182406112A,PRODUCT 2,18.0,10800.0,1. Urgente (Chatarra)
ES182423716G,PRODUCT 1,11.0,10800.0,2. Alta (Renovación)
ES182110860B,PRODUCT 2,14.0,10800.0,2. Alta (Renovación)
ES182121686Q,PRODUCT 1,21.0,10800.0,1. Urgente (Chatarra)
ES182224431E,PRODUCT 2,15.0,10800.0,2. Alta (Renovación)
ES182299668S,PRODUCT 1,11.0,10530.0,2. Alta (Renovación)
ES182148213O,PRODUCT 1,10.0,9936.0,2. Alta (Renovación)
ES182157059I,PRODUCT 2,10.0,9720.0,2. Alta (Renovación)
ES182282972Q,PRODUCT 1,22.0,9720.0,1. Urgente (Chatarra)
ES182370210P,PRODUCT 1,15.0,9720.0,2. Alta (Renovación)
ES182148342F,PRODUCT 1,14.0,9720.0,2. Alta (Renovación)
ES182434237V,PRODUCT 1,11.0,9450.0,2. Alta (Renovación)
ES182233766A,PRODUCT 1,10.0,9180.0,2. Alta (Renovación)
ES182405025G,PRODUCT 2,12.0,9180.0,2. Alta (Renovación)
ES182383416B,PRODUCT 1,10.0,9180.0,2. Alta (Renovación)
ES182307365X,PRODUCT 1,21.0,8640.0,1. Urgente (Chatarra)
ES182394790Z,PRODUCT 2,10.0,8640.0,2. Alta (Renovación)
ES182303021W,PRODUCT 1,13.0,8640.0,2. Alta (Renovación)
ES182148684G,PRODUCT 1,19.0,8640.0,1. Urgente (Chatarra)
ES182439596G,PRODUCT 1,13.0,8640.0,2. Alta (Renovación)
ES182131750Q,PRODUCT 1,18.0,8640.0,1. Urgente (Chatarra)
ES182312745F,PRODUCT 1,17.0,8640.0,1. Urgente (Chatarra)
ES182353359R,PRODUCT 2,64.0,8640.0,1. Urgente (Chatarra)
ES182147158H,PRODUCT 1,64.0,8100.0,1. Urgente (Chatarra)
ES182243054M,PRODUCT 2,15.0,8100.0,2. Alta (Renovación)
ES182382527I,PRODUCT 1,16.0,8100.0,1. Urgente (Chatarra)
ES182226596J,PRODUCT 1,25.0,8100.0,1. Urgente (Chatarra)
ES182255884L,PRODUCT 1,10.0,8100.0,2. Alta (Renovación)
ES182290520D,PRODUCT 1,19.0,8100.0,1. Urgente (Chatarra)
ES182272191Y,PRODUCT 1,15.0,8100.0,2. Alta (Renovación)
ES182253104O,PRODUCT 1,12.0,8100.0,2. Alta (Renovación)
ES182146383T,PRODUCT 1,19.0,8100.0,1. Urgente (Chatarra)
ES182391254V,PRODUCT 1,11.0,8100.0,2. Alta (Renovación)
ES182429293Z,PRODUCT 1,18.0,8100.0,1. Urgente (Chatarra)
ES182413575C,PRODUCT 1,10.0,8100.0,2. Alta (Renovación)
ES182297368E,PRODUCT 1,11.0,8100.0,2. Alta (Renovación)
ES182325292U,PRODUCT 2,13.0,8100.0,2. Alta (Renovación)
ES182128925F,PRODUCT 1,10.0,8100.0,2. Alta (Renovación)
ES182229466X,PRODUCT 1,27.0,8100.0,1. Urgente (Chatarra)
ES182159010N,PRODUCT 1,10.0,8100.0,2. Alta (Renovación)
ES182197094J,PRODUCT 1,15.0,8100.0,2. Alta (Renovación)
ES182411784A,PRODUCT 1,14.0,8100.0,2. Alta (Renovación)
ES182138737D,PRODUCT 1,14.0,8100.0,2. Alta (Renovación)
ES182289219C,PRODUCT 1,64.0,8100.0,1. Urgente (Chatarra)
ES182110434P,PRODUCT 1,15.0,8100.0,2. Alta (Renovación)
ES182380558G,PRODUCT 1,12.0,8100.0,2. Alta (Renovación)
ES182320530X,PRODUCT 1,16.0,8100.0,1. Urgente (Chatarra)
ES182285364B,PRODUCT 1,64.5,8100.0,1. Urgente (Chatarra)
ES182321954V,PRODUCT 2,23.0,8100.0,1. Urgente (Chatarra)
ES182453799G,PRODUCT 1,14.0,8100.0,2. Alta (Renovación)
ES182167094N,PRODUCT 1,14.0,8100.0,2. Alta (Renovación)
ES182247640J,PRODUCT 1,13.0,8100.0,2. Alta (Renovación)
ES182197717P,PRODUCT 1,15.0,8100.0,2. Alta (Renovación)
ES182321050U,PRODUCT 1,11.0,8100.0,2. Alta (Renovación)
ES182451658D,PRODUCT 1,14.0,8100.0,2. Alta (Renovación)
ES182308740Z,PRODUCT 1,10.0,8100.0,2. Alta (Renovación)
ES182136413B,PRODUCT 1,10.0,8100.0,2. Alta (Renovación)
ES182215269W,PRODUCT 1,12.0,8100.0,2. Alta (Renovación)
ES182339989K,PRODUCT 1,12.0,8100.0,2. Alta (Renovación)
ES182244817H,PRODUCT 1,15.0,8100.0,2. Alta (Renovación)
ES182396433N,PRODUCT 1,64.0,8100.0,1. Urgente (Chatarra)
ES182295382E,PRODUCT 1,17.0,8100.0,1. Urgente (Chatarra)
ES182221903B,PRODUCT 1,23.0,8100.0,1. Urgente (Chatarra)
ES182255202R,PRODUCT 1,18.0,8100.0,1. Urgente (Chatarra)
ES182448708I,PRODUCT 1,11.0,8100.0,2. Alta (Renovación)
ES182243020K,PRODUCT 1,21.0,8100.0,1. Urgente (Chatarra)
ES182249436M,PRODUCT 2,10.0,8100.0,2. Alta (Renovación)
ES182325085V,PRODUCT 1,16.0,8100.0,1. Urgente (Chatarra)
ES182388003C,PRODUCT 1,13.0,8100.0,2. Alta (Renovación)
ES182275033G,PRODUCT 1,15.0,7614.0,2. Alta (Renovación)
ES182240825L,PRODUCT 1,10.0,7614.0,2. Alta (Renovación)
ES182221468P,PRODUCT 1,17.0,7560.0,1. Urgente (Chatarra)
ES182175985V,PRODUCT 1,18.0,7560.0,1. Urgente (Chatarra)
ES182307136V,PRODUCT 1,11.0,7560.0,2. Alta (Renovación)
ES182452563Z,PRODUCT 1,11.0,7560.0,2. Alta (Renovación)
ES182335817N,PRODUCT 1,16.0,7560.0,1. Urgente (Chatarra)
ES182357529C,PRODUCT 1,20.0,7560.0,1. Urgente (Chatarra)
ES182361113G,PRODUCT 1,14.0,7290.0,2. Alta (Renovación)
ES182366384R,PRODUCT 1,24.0,7128.0,1. Urgente (Chatarra)
ES182165077L,PRODUCT 1,13.0,7020.0,2. Alta (Renovación)
ES182404916L,PRODUCT 1,19.0,7020.0,1. Urgente (Chatarra)
ES182371158G,PRODUCT 1,10.0,7020.0,2. Alta (Renovación)
ES182299222V,PRODUCT 1,64.5,7020.0,1. Urgente (Chatarra)
ES182284697X,PRODUCT 1,12.0,7020.0,2. Alta (Renovación)
ES182247751G,PRODUCT 2,16.0,7020.0,1. Urgente (Chatarra)
ES182413555K,PRODUCT 1,14.0,7020.0,2. Alta (Renovación)
ES182109747G,PRODUCT 1,15.0,7020.0,2. Alta (Renovación)
ES182228441J,PRODUCT 1,15.0,7020.0,2. Alta (Renovación)
ES182126531I,PRODUCT 1,12.0,7020.0,2. Alta (Renovación)
ES182135795Q,PRODUCT 1,10.0,7020.0,2. Alta (Renovación)
ES182137330Z,PRODUCT 1,16.0,6750.0,1. Urgente (Chatarra)
ES182257537C,PRODUCT 1,13.0,6750.0,2. Alta (Renovación)
ES182123749W,PRODUCT 1,11.0,6750.0,2. Alta (Renovación)
ES182203786C,PRODUCT 1,13.0,6750.0,2. Alta (Renovación)
ES182140045P,PRODUCT 1,64.0,6723.0,1. Urgente (Chatarra)
ES182446675N,PRODUCT 1,12.0,6500.52,2. Alta (Renovación)
ES182171557X,PRODUCT 2,20.0,6480.0,1. Urgente (Chatarra)
ES182114345E,PRODUCT 1,32.0,6480.0,1. Urgente (Chatarra)
ES182238466J,PRODUCT 1,14.0,6480.0,2. Alta (Renovación)
ES182433845L,PRODUCT 1,18.0,6480.0,1. Urgente (Chatarra)
ES182424445F,PRODUCT 1,18.0,6480.0,1. Urgente (Chatarra)
ES182318066I,PRODUCT 1,19.0,6480.0,1. Urgente (Chatarra)
ES182282669Z,PRODUCT 1,10.0,6480.0,2. Alta (Renovación)
ES182165217X,PRODUCT 1,11.0,6480.0,2. Alta (Renovación)
ES182370515V,PRODUCT 2,12.0,6480.0,2. Alta (Renovación)
ES182408202G,PRODUCT 1,14.0,6480.0,2. Alta (Renovación)
ES182451659P,PRODUCT 1,16.0,6480.0,1. Urgente (Chatarra)
ES182319408D,PRODUCT 1,16.0,6480.0,1. Urgente (Chatarra)
ES182201978K,PRODUCT 1,23.0,6480.0,1. Urgente (Chatarra)
ES182156403S,PRODUCT 1,13.0,6480.0,2. Alta (Renovación)
ES182276969D,PRODUCT 1,11.0,6480.0,2. Alta (Renovación)
ES182332968Z,PRODUCT 1,12.0,6480.0,2. Alta (Renovación)
ES182376675K,PRODUCT 2,10.0,6480.0,2. Alta (Renovación)
ES182346815X,PRODUCT 1,17.0,6480.0,1. Urgente (Chatarra)
ES182113774M,PRODUCT 1,17.0,6480.0,1. Urgente (Chatarra)
ES182388949F,PRODUCT 1,11.0,6480.0,2. Alta (Renovación)
ES182108781Y,PRODUCT 1,17.0,6480.0,1. Urgente (Chatarra)
ES182255769Q,PRODUCT 1,27.0,6480.0,1. Urgente (Chatarra)
ES182274968J,PRODUCT 1,10.0,6480.0,2. Alta (Renovación)
ES182107099O,PRODUCT 1,12.0,6480.0,2. Alta (Renovación)
ES182145970V,PRODUCT 1,34.0,6480.0,1. Urgente (Chatarra)
ES182222340U,PRODUCT 1,19.0,6480.0,1. Urgente (Chatarra)
ES182313281S,PRODUCT 1,23.0,6480.0,1. Urgente (Chatarra)
ES182350633U,PRODUCT 1,10.0,6480.0,2. Alta (Renovación)
ES182120442N,PRODUCT 1,11.0,6480.0,2. Alta (Renovación)
ES182234304I,PRODUCT 1,11.0,6480.0,2. Alta (Renovación)
ES182373346G,PRODUCT 1,10.0,6480.0,2. Alta (Renovación)
ES182384711C,PRODUCT 1,17.0,6480.0,1. Urgente (Chatarra)
ES182257445C,PRODUCT 1,11.0,6480.0,2. Alta (Renovación)
ES182291126R,PRODUCT 1,10.0,6480.0,2. Alta (Renovación)
ES182212596D,PRODUCT 1,13.0,6480.0,2. Alta (Renovación)
ES182214040C,PRODUCT 1,24.0,6480.0,1. Urgente (Chatarra)
ES182227358J,PRODUCT 1,15.0,6480.0,2. Alta (Renovación)
ES182430616L,PRODUCT 2,10.0,6480.0,2. Alta (Renovación)
ES182204212V,PRODUCT 1,14.0,6480.0,2. Alta (Renovación)
ES182408411D,PRODUCT 2,22.0,6480.0,1. Urgente (Chatarra)
ES182140066T,PRODUCT 1,14.0,6480.0,2. Alta (Renovación)
ES182222407A,PRODUCT 1,16.0,6480.0,1. Urgente (Chatarra)
ES182183942I,PRODUCT 1,19.0,6480.0,1. Urgente (Chatarra)
ES182367284W,PRODUCT 1,11.0,6480.0,2. Alta (Renovación)
ES182430158E,PRODUCT 1,23.0,6480.0,1. Urgente (Chatarra)
ES182307754O,PRODUCT 1,10.0,6480.0,2. Alta (Renovación)
ES182232010S,PRODUCT 1,24.0,6480.0,1. Urgente (Chatarra)
ES182337030Y,PRODUCT 1,15.0,6480.0,2. Alta (Renovación)
ES182100810F,PRODUCT 2,13.0,6480.0,2. Alta (Renovación)
ES182446646K,PRODUCT 1,10.0,6480.0,2. Alta (Renovación)
ES182266920O,PRODUCT 1,19.0,6480.0,1. Urgente (Chatarra)
ES182396124G,PRODUCT 1,11.0,6480.0,2. Alta (Renovación)
ES182178635O,PRODUCT 1,14.0,6480.0,2. Alta (Renovación)
ES182416663X,PRODUCT 1,10.0,6480.0,2. Alta (Renovación)
ES182423460O,PRODUCT 1,25.0,6480.0,1. Urgente (Chatarra)
ES182133411I,PRODUCT 1,16.0,6480.0,1. Urgente (Chatarra)
ES182292466I,PRODUCT 1,10.0,6480.0,2. Alta (Renovación)
ES182255092W,PRODUCT 1,17.0,6480.0,1. Urgente (Chatarra)
ES182225253M,PRODUCT 1,13.0,6480.0,2. Alta (Renovación)
ES182419016V,PRODUCT 2,10.0,6480.0,2. Alta (Renovación)
ES182227021Q,PRODUCT 1,12.0,6480.0,2. Alta (Renovación)
ES182418280O,PRODUCT 1,64.0,6480.0,1. Urgente (Chatarra)
ES182336087Q,PRODUCT 1,11.0,6372.0,2. Alta (Renovación)
ES182134049Y,PRODUCT 1,11.0,6264.0,2. Alta (Renovación)
ES182214612C,PRODUCT 1,10.0,6210.0,2. Alta (Renovación)
ES182441005V,PRODUCT 1,13.0,6210.0,2. Alta (Renovación)
ES182147984O,PRODUCT 1,10.0,6210.0,2. Alta (Renovación)
ES182334380O,PRODUCT 1,17.0,6210.0,1. Urgente (Chatarra)
ES182114443Q,PRODUCT 1,14.0,6102.0,2. Alta (Renovación)
ES182216841O,PRODUCT 1,17.0,5994.0,1. Urgente (Chatarra)
ES182291682J,PRODUCT 1,14.0,5940.0,2. Alta (Renovación)
ES182400142X,PRODUCT 1,19.0,5940.0,1. Urgente (Chatarra)
ES182118049R,PRODUCT 1,13.0,5940.0,2. Alta (Renovación)
ES182278308J,PRODUCT 1,18.0,5940.0,1. Urgente (Chatarra)
ES182177792M,PRODUCT 2,12.0,5940.0,2. Alta (Renovación)
ES182343386L,PRODUCT 1,15.0,5940.0,2. Alta (Renovación)
ES182305545P,PRODUCT 1,18.0,5940.0,1. Urgente (Chatarra)
ES182439034D,PRODUCT 1,64.0,5940.0,1. Urgente (Chatarra)
ES182214290H,PRODUCT 1,14.0,5940.0,2. Alta (Renovación)
ES182410885Z,PRODUCT 1,23.0,5940.0,1. Urgente (Chatarra)
ES182396469L,PRODUCT 1,64.0,5940.0,1. Urgente (Chatarra)
ES182140405L,PRODUCT 1,11.0,5940.0,2. Alta (Renovación)
ES182397264G,PRODUCT 1,25.0,5940.0,1. Urgente (Chatarra)
ES182337828I,PRODUCT 1,15.0,5940.0,2. Alta (Renovación)
ES182196586F,PRODUCT 1,11.0,5940.0,2. Alta (Renovación)
ES182398304Z,PRODUCT 1,39.0,5940.0,1. Urgente (Chatarra)
ES182295426O,PRODUCT 1,16.0,5940.0,1. Urgente (Chatarra)
ES182162194P,PRODUCT 1,10.0,5940.0,2. Alta (Renovación)
ES182294747J,PRODUCT 1,24.0,5940.0,1. Urgente (Chatarra)
ES182276736B,PRODUCT 1,10.0,5940.0,2. Alta (Renovación)
ES182180667Y,PRODUCT 1,16.0,5940.0,1. Urgente (Chatarra)
ES182123241Z,PRODUCT 1,17.0,5940.0,1. Urgente (Chatarra)
ES182207715H,PRODUCT 1,11.0,5940.0,2. Alta (Renovación)
ES182395352P,PRODUCT 1,22.0,5832.0,1. Urgente (Chatarra)
ES182339575N,PRODUCT 1,10.0,5778.0,2. Alta (Renovación)
ES182143474I,PRODUCT 1,11.0,5778.0,2. Alta (Renovación)
ES182167558K,PRODUCT 1,12.0,5670.0,2. Alta (Renovación)
ES182434998E,PRODUCT 1,11.0,5670.0,2. Alta (Renovación)
ES182341295L,PRODUCT 1,10.0,5670.0,2. Alta (Renovación)
ES182350828Z,PRODUCT 1,17.0,5670.0,1. Urgente (Chatarra)
ES182396072I,PRODUCT 1,13.0,5670.0,2. Alta (Renovación)
ES182346339M,PRODUCT 1,15.0,5670.0,2. Alta (Renovación)
ES182183968C,PRODUCT 1,21.0,5670.0,1. Urgente (Chatarra)
ES182318004Z,PRODUCT 1,15.0,5670.0,2. Alta (Renovación)
ES182414286D,PRODUCT 1,14.0,5508.0,2. Alta (Renovación)
ES182115799V,PRODUCT 1,14.0,5454.0,2. Alta (Renovación)
ES182200251J,PRODUCT 1,13.0,5400.0,2. Alta (Renovación)
ES182146062I,PRODUCT 1,15.0,5400.0,2. Alta (Renovación)
ES182213005R,PRODUCT 1,15.0,5400.0,2. Alta (Renovación)
ES182213502T,PRODUCT 1,10.0,5400.0,2. Alta (Renovación)
ES182203777N,PRODUCT 2,16.0,5400.0,1. Urgente (Chatarra)
ES182225155V,PRODUCT 1,20.0,5400.0,1. Urgente (Chatarra)
ES182329671T,PRODUCT 1,19.0,5400.0,1. Urgente (Chatarra)
ES182398281D,PRODUCT 1,16.0,5400.0,1. Urgente (Chatarra)
ES182189767C,PRODUCT 1,13.0,5400.0,2. Alta (Renovación)
ES182371778H,PRODUCT 1,13.0,5400.0,2. Alta (Renovación)
ES182222448X,PRODUCT 1,15.0,5400.0,2. Alta (Renovación)
ES182173796Y,PRODUCT 1,22.0,5400.0,1. Urgente (Chatarra)
ES182266755E,PRODUCT 1,17.0,5400.0,1. Urgente (Chatarra)
ES182135473O,PRODUCT 1,20.0,5400.0,1. Urgente (Chatarra)
ES182279921Y,PRODUCT 1,25.0,5400.0,1. Urgente (Chatarra)
ES182327398V,PRODUCT 2,16.0,5400.0,1. Urgente (Chatarra)
ES182256917Z,PRODUCT 1,24.0,5400.0,1. Urgente (Chatarra)
ES182207525Y,PRODUCT 1,12.0,5400.0,2. Alta (Renovación)
ES182225014A,PRODUCT 1,15.0,5400.0,2. Alta (Renovación)
ES182208072U,PRODUCT 1,12.0,5400.0,2. Alta (Renovación)
ES182362571V,PRODUCT 1,20.0,5400.0,1. Urgente (Chatarra)
ES182245838H,PRODUCT 1,23.0,5400.0,1. Urgente (Chatarra)
ES182259368Q,PRODUCT 1,11.0,5400.0,2. Alta (Renovación)
ES182184465M,PRODUCT 1,20.0,5400.0,1. Urgente (Chatarra)
ES182402843W,PRODUCT 1,15.0,5400.0,2. Alta (Renovación)
ES182255467V,PRODUCT 1,15.0,5400.0,2. Alta (Renovación)
ES182141424Z,PRODUCT 1,25.0,5400.0,1. Urgente (Chatarra)
ES182455991K,PRODUCT 1,13.0,5400.0,2. Alta (Renovación)
ES182255198A,PRODUCT 1,12.0,5400.0,2. Alta (Renovación)
ES182140627U,PRODUCT 1,18.0,5400.0,1. Urgente (Chatarra)
ES182284345V,PRODUCT 1,13.0,5400.0,2. Alta (Renovación)
ES182240384K,PRODUCT 1,14.0,5400.0,2. Alta (Renovación)
ES182387089E,PRODUCT 1,33.0,5400.0,1. Urgente (Chatarra)
ES182395996X,PRODUCT 1,25.0,5400.0,1. Urgente (Chatarra)
ES182429872I,PRODUCT 1,11.0,5400.0,2. Alta (Renovación)
ES182411695A,PRODUCT 1,10.0,5400.0,2. Alta (Renovación)
ES182351808S,PRODUCT 1,21.0,5400.0,1. Urgente (Chatarra)
ES182178968O,PRODUCT 1,12.0,5400.0,2. Alta (Renovación)
ES182445665Y,PRODUCT 1,21.0,5400.0,1. Urgente (Chatarra)
ES182261679T,PRODUCT 1,12.0,5400.0,2. Alta (Renovación)
ES182197550I,PRODUCT 1,12.0,5400.0,2. Alta (Renovación)
ES182287256S,PRODUCT 1,10.0,5400.0,2. Alta (Renovación)
ES182376403P,PRODUCT 1,16.0,5400.0,1. Urgente (Chatarra)
ES182406775G,PRODUCT 1,12.0,5400.0,2. Alta (Renovación)
ES182178905U,PRODUCT 1,15.0,5400.0,2. Alta (Renovación)
ES182241787T,PRODUCT 1,16.0,5400.0,1. Urgente (Chatarra)
ES182368189W,PRODUCT 1,10.0,5400.0,2. Alta (Renovación)
ES182134113A,PRODUCT 1,24.0,5400.0,1. Urgente (Chatarra)
ES182353633P,PRODUCT 1,18.0,5400.0,1. Urgente (Chatarra)
ES182395138W,PRODUCT 1,21.0,5400.0,1. Urgente (Chatarra)
ES182369868G,PRODUCT 1,13.0,5400.0,2. Alta (Renovación)
ES182185766Q,PRODUCT 1,12.0,5400.0,2. Alta (Renovación)
ES182335189R,PRODUCT 1,10.0,5400.0,2. Alta (Renovación)
ES182212299Q,PRODUCT 1,13.0,5400.0,2. Alta (Renovación)
ES182211280N,PRODUCT 1,13.0,5400.0,2. Alta (Renovación)
ES182146925B,PRODUCT 1,16.0,5400.0,1. Urgente (Chatarra)
ES182448990F,PRODUCT 1,11.0,5400.0,2. Alta (Renovación)
ES182436898H,PRODUCT 1,11.0,5400.0,2. Alta (Renovación)
ES182108755F,PRODUCT 1,14.0,5400.0,2. Alta (Renovación)
ES182127505C,PRODUCT 1,12.0,5400.0,2. Alta (Renovación)
ES182373881C,PRODUCT 2,13.0,5400.0,2. Alta (Renovación)
ES182343216I,PRODUCT 2,14.0,5400.0,2. Alta (Renovación)
ES182348301B,PRODUCT 1,10.0,5400.0,2. Alta (Renovación)
ES182331356O,PRODUCT 1,11.0,5400.0,2. Alta (Renovación)
ES182168958K,PRODUCT 1,11.0,5400.0,2. Alta (Renovación)
ES182324330F,PRODUCT 1,11.0,5400.0,2. Alta (Renovación)
ES182314633U,PRODUCT 1,10.0,5400.0,2. Alta (Renovación)
ES182209290V,PRODUCT 1,11.0,5400.0,2. Alta (Renovación)
ES182206306P,PRODUCT 1,20.0,5400.0,1. Urgente (Chatarra)
ES182124186F,PRODUCT 1,13.0,5400.0,2. Alta (Renovación)
ES182375357P,PRODUCT 1,10.0,5400.0,2. Alta (Renovación)
ES182427100D,PRODUCT 1,16.0,5400.0,1. Urgente (Chatarra)
ES182217092D,PRODUCT 1,22.0,5400.0,1. Urgente (Chatarra)
ES182338233H,PRODUCT 1,10.0,5400.0,2. Alta (Renovación)
ES182284452L,PRODUCT 1,13.0,5400.0,2. Alta (Renovación)
ES182159088I,PRODUCT 1,12.0,5400.0,2. Alta (Renovación)
ES182261803G,PRODUCT 2,11.0,5400.0,2. Alta (Renovación)
ES182346718D,PRODUCT 1,21.0,5400.0,1. Urgente (Chatarra)
ES182179120O,PRODUCT 1,12.0,5400.0,2. Alta (Renovación)
ES182335902A,PRODUCT 1,19.0,5400.0,1. Urgente (Chatarra)
ES182427194A,PRODUCT 1,10.0,5400.0,2. Alta (Renovación)
ES182281006B,PRODUCT 1,15.0,5400.0,2. Alta (Renovación)
ES182442784L,PRODUCT 1,14.0,5400.0,2. Alta (Renovación)
ES182259346P,PRODUCT 1,14.0,5400.0,2. Alta (Renovación)
ES182227929V,PRODUCT 2,12.0,5400.0,2. Alta (Renovación)
ES182215379R,PRODUCT 1,13.0,5400.0,2. Alta (Renovación)
ES182118941P,PRODUCT 1,12.0,5400.0,2. Alta (Renovación)
ES182432110J,PRODUCT 1,12.0,5400.0,2. Alta (Renovación)
ES182346241K,PRODUCT 1,13.0,5400.0,2. Alta (Renovación)
ES182230011D,PRODUCT 1,12.0,5400.0,2. Alta (Renovación)
ES182447572A,PRODUCT 1,10.0,5400.0,2. Alta (Renovación)
ES182316621Y,PRODUCT 1,10.0,5400.0,2. Alta (Renovación)
ES182443323D,PRODUCT 1,13.0,5400.0,2. Alta (Renovación)
ES182250004S,PRODUCT 1,12.0,5400.0,2. Alta (Renovación)
ES182174042N,PRODUCT 1,16.0,5400.0,1. Urgente (Chatarra)
ES182333770P,PRODUCT 2,10.0,5400.0,2. Alta (Renovación)
ES182121369N,PRODUCT 1,10.0,5400.0,2. Alta (Renovación)
ES182401234S,PRODUCT 1,17.0,5400.0,1. Urgente (Chatarra)
ES182257400O,PRODUCT 1,64.5,5400.0,1. Urgente (Chatarra)
ES182185596C,PRODUCT 1,23.0,5400.0,1. Urgente (Chatarra)
ES182427614R,PRODUCT 1,15.0,5400.0,2. Alta (Renovación)
ES182328840T,PRODUCT 1,15.0,5400.0,2. Alta (Renovación)
ES182145581A,PRODUCT 1,11.0,5400.0,2. Alta (Renovación)
ES182456190S,PRODUCT 1,13.0,5400.0,2. Alta (Renovación)
ES182335279Z,PRODUCT 1,12.0,5400.0,2. Alta (Renovación)
ES182221621T,PRODUCT 1,14.0,5400.0,2. Alta (Renovación)
ES182237231B,PRODUCT 2,12.0,5400.0,2. Alta (Renovación)
ES182379093H,PRODUCT 1,12.0,5400.0,2. Alta (Renovación)
ES182426182I,PRODUCT 1,22.0,5400.0,1. Urgente (Chatarra)
ES182434666O,PRODUCT 2,10.0,5400.0,2. Alta (Renovación)
ES182415896E,PRODUCT 2,11.0,5400.0,2. Alta (Renovación)
ES182231372V,PRODUCT 1,23.0,5400.0,1. Urgente (Chatarra)
ES182418397M,PRODUCT 1,11.0,5400.0,2. Alta (Renovación)
ES182429966P,PRODUCT 1,37.0,5400.0,1. Urgente (Chatarra)
ES182100474G,PRODUCT 2,15.0,5400.0,2. Alta (Renovación)
ES182137926H,PRODUCT 1,11.0,5400.0,2. Alta (Renovación)
ES182373281P,PRODUCT 1,10.0,5400.0,2. Alta (Renovación)
ES182225502E,PRODUCT 2,64.0,5400.0,1. Urgente (Chatarra)
ES182420760N,PRODUCT 1,64.0,5400.0,1. Urgente (Chatarra)
ES182385001N,PRODUCT 1,18.0,5400.0,1. Urgente (Chatarra)
ES182338220W,PRODUCT 1,12.0,5400.0,2. Alta (Renovación)
ES182186044T,PRODUCT 2,10.0,5400.0,2. Alta (Renovación)
ES182354357C,PRODUCT 1,13.0,5400.0,2. Alta (Renovación)
ES182125516W,PRODUCT 1,14.0,5400.0,2. Alta (Renovación)
ES182165733O,PRODUCT 1,11.0,5400.0,2. Alta (Renovación)
ES182259006S,PRODUCT 1,15.0,5400.0,2. Alta (Renovación)
ES182352529K,PRODUCT 1,64.0,5400.0,1. Urgente (Chatarra)
ES182368766H,PRODUCT 1,23.0,5400.0,1. Urgente (Chatarra)
ES182409078L,PRODUCT 1,12.0,5400.0,2. Alta (Renovación)
ES182423601T,PRODUCT 1,14.0,5400.0,2. Alta (Renovación)
ES182431882H,PRODUCT 1,12.0,5400.0,2. Alta (Renovación)
ES182418281R,PRODUCT 1,10.0,5400.0,2. Alta (Renovación)
ES182194964Y,PRODUCT 1,12.0,5400.0,2. Alta (Renovación)
ES182444257Q,PRODUCT 1,11.0,5400.0,2. Alta (Renovación)
ES182314695F,PRODUCT 1,15.0,5400.0,2. Alta (Renovación)
ES182438464B,PRODUCT 1,12.0,5400.0,2. Alta (Renovación)
ES182304900S,PRODUCT 1,15.0,5400.0,2. Alta (Renovación)
ES182141607A,PRODUCT 2,14.0,5400.0,2. Alta (Renovación)
ES182177991W,PRODUCT 1,24.0,5400.0,1. Urgente (Chatarra)
ES182350267C,PRODUCT 1,15.0,5400.0,2. Alta (Renovación)
ES182163435G,PRODUCT 1,15.0,5400.0,2. Alta (Renovación)
ES182167021R,PRODUCT 1,10.0,5400.0,2. Alta (Renovación)
ES182217005A,PRODUCT 1,33.0,5400.0,1. Urgente (Chatarra)
ES182295959Q,PRODUCT 1,11.0,5400.0,2. Alta (Renovación)
ES182147817H,PRODUCT 1,23.0,5400.0,1. Urgente (Chatarra)
ES182139785U,PRODUCT 1,13.0,5400.0,2. Alta (Renovación)
ES182347336N,PRODUCT 2,64.0,5400.0,1. Urgente (Chatarra)
ES182172737A,PRODUCT 2,15.0,5400.0,2. Alta (Renovación)
ES182325848O,PRODUCT 1,20.0,5400.0,1. Urgente (Chatarra)
ES182203676F,PRODUCT 1,11.0,5400.0,2. Alta (Renovación)
ES182275433T,PRODUCT 1,12.0,5400.0,2. Alta (Renovación)
ES182140322I,PRODUCT 1,12.0,5400.0,2. Alta (Renovación)
ES182118608S,PRODUCT 2,24.0,5400.0,1. Urgente (Chatarra)
ES182302725I,PRODUCT 1,22.0,5400.0,1. Urgente (Chatarra)
ES182310024L,PRODUCT 1,20.0,5400.0,1. Urgente (Chatarra)
ES182179423P,PRODUCT 1,16.0,5400.0,1. Urgente (Chatarra)
ES182162851P,PRODUCT 1,10.0,5400.0,2. Alta (Renovación)
ES182435338Y,PRODUCT 1,17.0,5400.0,1. Urgente (Chatarra)
ES182385536R,PRODUCT 1,14.0,5400.0,2. Alta (Renovación)
ES182273211J,PRODUCT 1,10.0,5400.0,2. Alta (Renovación)
ES182415392M,PRODUCT 2,14.0,5400.0,2. Alta (Renovación)
ES182121231Z,PRODUCT 1,14.0,5400.0,2. Alta (Renovación)
ES182132343K,PRODUCT 1,17.0,5400.0,1. Urgente (Chatarra)
ES182194683A,PRODUCT 1,10.0,5400.0,2. Alta (Renovación)
ES182391729A,PRODUCT 1,14.0,5400.0,2. Alta (Renovación)
ES182156473O,PRODUCT 1,64.0,5400.0,1. Urgente (Chatarra)
ES182292867J,PRODUCT 1,11.0,5400.0,2. Alta (Renovación)
ES182213335G,PRODUCT 1,14.0,5400.0,2. Alta (Renovación)
ES182341193R,PRODUCT 1,16.0,5400.0,1. Urgente (Chatarra)
ES182422651F,PRODUCT 2,12.0,5400.0,2. Alta (Renovación)
ES182177856F,PRODUCT 1,18.0,5400.0,1. Urgente (Chatarra)
ES182300015W,PRODUCT 1,24.0,5400.0,1. Urgente (Chatarra)
ES182329180R,PRODUCT 1,19.0,5400.0,1. Urgente (Chatarra)
ES182436838C,PRODUCT 1,17.0,5400.0,1. Urgente (Chatarra)
ES182250977W,PRODUCT 1,64.0,5400.0,1. Urgente (Chatarra)
ES182321631N,PRODUCT 1,12.0,5400.0,2. Alta (Renovación)
ES182367418C,PRODUCT 1,12.0,5400.0,2. Alta (Renovación)
ES182102823L,PRODUCT 1,10.0,5400.0,2. Alta (Renovación)
ES182261253X,PRODUCT 1,13.0,5400.0,2. Alta (Renovación)
ES182229190Q,PRODUCT 1,17.0,5400.0,1. Urgente (Chatarra)
ES182188708T,PRODUCT 1,19.0,5400.0,1. Urgente (Chatarra)
ES182449371Z,PRODUCT 1,16.0,5400.0,1. Urgente (Chatarra)
ES182374934U,PRODUCT 1,17.0,5400.0,1. Urgente (Chatarra)
ES182185432M,PRODUCT 1,16.0,5346.0,1. Urgente (Chatarra)
ES182276336G,PRODUCT 1,24.0,5340.6,1. Urgente (Chatarra)
ES182377912Y,PRODUCT 1,64.5,5292.0,1. Urgente (Chatarra)
ES182349648M,PRODUCT 1,64.5,5292.0,1. Urgente (Chatarra)
ES182106163U,PRODUCT 1,11.0,5292.0,2. Alta (Renovación)
ES182159403T,PRODUCT 1,10.0,5292.0,2. Alta (Renovación)
ES182438868Q,PRODUCT 1,16.0,5292.0,1. Urgente (Chatarra)
ES182204952E,PRODUCT 1,14.0,5292.0,2. Alta (Renovación)
ES182389341T,PRODUCT 1,15.0,5292.0,2. Alta (Renovación)
ES182313309Z,PRODUCT 1,64.0,5265.0,1. Urgente (Chatarra)
ES182154106F,PRODUCT 2,15.0,5238.0,2. Alta (Renovación)
ES182242834J,PRODUCT 1,13.0,5238.0,2. Alta (Renovación)
ES182248527C,PRODUCT 1,11.0,5238.0,2. Alta (Renovación)
ES182199590A,PRODUCT 1,18.0,5184.0,1. Urgente (Chatarra)
ES182239359F,PRODUCT 1,16.0,5184.0,1. Urgente (Chatarra)
ES182147719L,PRODUCT 1,10.0,5184.0,2. Alta (Renovación)
ES182229901S,PRODUCT 2,10.0,5130.0,2. Alta (Renovación)
ES182265512E,PRODUCT 1,10.0,5130.0,2. Alta (Renovación)
ES182243100V,PRODUCT 1,14.0,5130.0,2. Alta (Renovación)
ES182210494Q,PRODUCT 1,13.0,5130.0,2. Alta (Renovación)
ES182181394G,PRODUCT 1,17.0,5130.0,1. Urgente (Chatarra)
ES182115829P,PRODUCT 1,23.0,5130.0,1. Urgente (Chatarra)
ES182314846P,PRODUCT 1,34.0,5130.0,1. Urgente (Chatarra)
ES182306638I,PRODUCT 1,16.0,5130.0,1. Urgente (Chatarra)
ES182423026A,PRODUCT 1,10.0,5130.0,2. Alta (Renovación)
ES182290212M,PRODUCT 1,18.0,5130.0,1. Urgente (Chatarra)
ES182304656H,PRODUCT 1,18.0,5130.0,1. Urgente (Chatarra)
ES182118011N,PRODUCT 1,15.0,5130.0,2. Alta (Renovación)
ES182175275X,PRODUCT 1,12.0,5130.0,2. Alta (Renovación)
ES182286573X,PRODUCT 1,15.0,5130.0,2. Alta (Renovación)
ES182324434Y,PRODUCT 1,12.0,5130.0,2. Alta (Renovación)
ES182233501D,PRODUCT 1,11.0,5130.0,2. Alta (Renovación)
ES182340215C,PRODUCT 1,20.0,5130.0,1. Urgente (Chatarra)
ES182428960K,PRODUCT 1,19.0,5130.0,1. Urgente (Chatarra)
ES182299954S,PRODUCT 1,10.0,5130.0,2. Alta (Renovación)
ES182310444M,PRODUCT 1,12.0,5130.0,2. Alta (Renovación)
ES182304227R,PRODUCT 1,12.0,5130.0,2. Alta (Renovación)
ES182400875K,PRODUCT 1,13.0,5130.0,2. Alta (Renovación)
ES182153357L,PRODUCT 1,18.0,5130.0,1. Urgente (Chatarra)
ES182386746C,PRODUCT 1,20.0,5130.0,1. Urgente (Chatarra)
ES182411751M,PRODUCT 1,10.0,5130.0,2. Alta (Renovación)
ES182406846A,PRODUCT 1,10.0,5130.0,2. Alta (Renovación)
ES182321683V,PRODUCT 1,15.0,5130.0,2. Alta (Renovación)
ES182286527A,PRODUCT 1,13.0,5130.0,2. Alta (Renovación)
ES182175956N,PRODUCT 1,15.0,5130.0,2. Alta (Renovación)
ES182245749I,PRODUCT 1,64.5,5130.0,1. Urgente (Chatarra)
ES182190938G,PRODUCT 1,18.0,5130.0,1. Urgente (Chatarra)
ES182253103D,PRODUCT 1,10.0,5130.0,2. Alta (Renovación)
ES182303501T,PRODUCT 1,13.0,5130.0,2. Alta (Renovación)
ES182301781W,PRODUCT 1,19.0,5130.0,1. Urgente (Chatarra)
ES182125062F,PRODUCT 1,11.0,5130.0,2. Alta (Renovación)
ES182344330Y,PRODUCT 1,11.0,5130.0,2. Alta (Renovación)
ES182388070S,PRODUCT 1,26.0,5130.0,1. Urgente (Chatarra)
ES182419714H,PRODUCT 1,10.0,5130.0,2. Alta (Renovación)
ES182387690F,PRODUCT 1,11.0,5130.0,2. Alta (Renovación)
ES182399114Z,PRODUCT 1,25.0,5130.0,1. Urgente (Chatarra)
ES182174426C,PRODUCT 1,17.0,5130.0,1. Urgente (Chatarra)
ES182315304W,PRODUCT 1,11.0,5130.0,2. Alta (Renovación)
ES182340536Y,PRODUCT 2,35.0,5130.0,1. Urgente (Chatarra)
ES182229494H,PRODUCT 1,11.0,5130.0,2. Alta (Renovación)
ES182117089N,PRODUCT 1,14.0,5130.0,2. Alta (Renovación)
ES182417937L,PRODUCT 1,11.0,5076.0,2. Alta (Renovación)
ES182181055F,PRODUCT 1,16.0,5076.0,1. Urgente (Chatarra)
ES182354950L,PRODUCT 1,14.0,4968.0,2. Alta (Renovación)
ES182324023N,PRODUCT 1,14.0,4968.0,2. Alta (Renovación)
ES182173059M,PRODUCT 1,21.0,4930.2,1. Urgente (Chatarra)
ES182181723D,PRODUCT 1,64.5,4860.0,1. Urgente (Chatarra)
ES182362013I,PRODUCT 1,11.0,4860.0,2. Alta (Renovación)
ES182162366K,PRODUCT 1,64.0,4860.0,1. Urgente (Chatarra)
ES182333759K,PRODUCT 1,12.0,4860.0,2. Alta (Renovación)
ES182353731Y,PRODUCT 1,11.0,4860.0,2. Alta (Renovación)
ES182286921Q,PRODUCT 1,10.0,4860.0,2. Alta (Renovación)
ES182220268R,PRODUCT 1,14.0,4860.0,2. Alta (Renovación)
ES182168923G,PRODUCT 1,23.0,4860.0,1. Urgente (Chatarra)
ES182274085I,PRODUCT 1,15.0,4860.0,2. Alta (Renovación)
ES182103469V,PRODUCT 2,25.0,4860.0,1. Urgente (Chatarra)
ES182117978A,PRODUCT 1,20.0,4860.0,1. Urgente (Chatarra)
ES182110709O,PRODUCT 1,64.0,4860.0,1. Urgente (Chatarra)
ES182393550K,PRODUCT 1,11.0,4860.0,2. Alta (Renovación)
ES182150607T,PRODUCT 2,14.0,4860.0,2. Alta (Renovación)
ES182332693B,PRODUCT 1,11.0,4860.0,2. Alta (Renovación)
ES182280288O,PRODUCT 1,17.0,4860.0,1. Urgente (Chatarra)
ES182135821T,PRODUCT 2,11.0,4860.0,2. Alta (Renovación)
ES182190308L,PRODUCT 1,13.0,4860.0,2. Alta (Renovación)
ES182346625K,PRODUCT 2,16.0,4860.0,1. Urgente (Chatarra)
ES182153396S,PRODUCT 1,14.0,4860.0,2. Alta (Renovación)
ES182308277K,PRODUCT 2,17.0,4860.0,1. Urgente (Chatarra)
ES182223048B,PRODUCT 1,18.0,4860.0,1. Urgente (Chatarra)
ES182122936D,PRODUCT 1,19.0,4860.0,1. Urgente (Chatarra)
ES182230755L,PRODUCT 1,10.0,4860.0,2. Alta (Renovación)
ES182444408B,PRODUCT 1,14.0,4860.0,2. Alta (Renovación)
ES182279771L,PRODUCT 1,11.0,4860.0,2. Alta (Renovación)
ES182446194D,PRODUCT 1,15.0,4860.0,2. Alta (Renovación)
ES182196735R,PRODUCT 1,11.0,4860.0,2. Alta (Renovación)
ES182219554H,PRODUCT 1,13.0,4860.0,2. Alta (Renovación)
ES182455144Y,PRODUCT 1,21.0,4860.0,1. Urgente (Chatarra)
ES182294679M,PRODUCT 2,15.0,4860.0,2. Alta (Renovación)
ES182404068Z,PRODUCT 1,10.0,4860.0,2. Alta (Renovación)
ES182143386D,PRODUCT 1,12.0,4860.0,2. Alta (Renovación)
ES182339020P,PRODUCT 1,19.0,4860.0,1. Urgente (Chatarra)
ES182106831B,PRODUCT 1,14.0,4860.0,2. Alta (Renovación)
ES182334504Y,PRODUCT 2,15.0,4860.0,2. Alta (Renovación)
ES182207576G,PRODUCT 1,13.0,4860.0,2. Alta (Renovación)
ES182409813O,PRODUCT 1,10.0,4860.0,2. Alta (Renovación)
ES182428094N,PRODUCT 1,14.0,4860.0,2. Alta (Renovación)
ES182392320Q,PRODUCT 1,22.0,4860.0,1. Urgente (Chatarra)
ES182355586C,PRODUCT 1,14.0,4860.0,2. Alta (Renovación)
ES182249349Z,PRODUCT 1,10.0,4860.0,2. Alta (Renovación)
ES182426037V,PRODUCT 1,10.0,4860.0,2. Alta (Renovación)
ES182448298T,PRODUCT 1,13.0,4860.0,2. Alta (Renovación)
ES182318921M,PRODUCT 1,30.0,4860.0,1. Urgente (Chatarra)
ES182453459S,PRODUCT 1,14.0,4860.0,2. Alta (Renovación)
ES182357990L,PRODUCT 1,17.0,4860.0,1. Urgente (Chatarra)
ES182175580M,PRODUCT 1,19.0,4860.0,1. Urgente (Chatarra)
ES182437660N,PRODUCT 1,14.0,4860.0,2. Alta (Renovación)
ES182332009W,PRODUCT 1,17.0,4860.0,1. Urgente (Chatarra)
ES182430456K,PRODUCT 1,12.0,4860.0,2. Alta (Renovación)
ES182302065B,PRODUCT 1,15.0,4860.0,2. Alta (Renovación)
ES182327380A,PRODUCT 2,34.0,4860.0,1. Urgente (Chatarra)
ES182188976Z,PRODUCT 1,25.0,4860.0,1. Urgente (Chatarra)
ES182408987Q,PRODUCT 1,20.0,4860.0,1. Urgente (Chatarra)
ES182136275T,PRODUCT 1,10.0,4860.0,2. Alta (Renovación)
ES182218803B,PRODUCT 1,11.0,4860.0,2. Alta (Renovación)
ES182316401L,PRODUCT 1,11.0,4860.0,2. Alta (Renovación)
ES182367743B,PRODUCT 1,10.0,4860.0,2. Alta (Renovación)
ES182387818V,PRODUCT 1,10.0,4860.0,2. Alta (Renovación)
ES182223389T,PRODUCT 1,13.0,4860.0,2. Alta (Renovación)
ES182412916O,PRODUCT 1,16.0,4860.0,1. Urgente (Chatarra)
ES182193477K,PRODUCT 2,11.0,4860.0,2. Alta (Renovación)
ES182168267Z,PRODUCT 1,27.0,4860.0,1. Urgente (Chatarra)
ES182272897A,PRODUCT 1,19.0,4860.0,1. Urgente (Chatarra)
ES182120288Q,PRODUCT 1,25.0,4860.0,1. Urgente (Chatarra)
ES182174111B,PRODUCT 1,14.0,4860.0,2. Alta (Renovación)
ES182287825A,PRODUCT 2,14.0,4860.0,2. Alta (Renovación)
ES182145054L,PRODUCT 1,10.0,4860.0,2. Alta (Renovación)
ES182296093U,PRODUCT 1,17.0,4860.0,1. Urgente (Chatarra)
ES182252229L,PRODUCT 1,13.0,4860.0,2. Alta (Renovación)
ES182219173K,PRODUCT 1,21.0,4860.0,1. Urgente (Chatarra)
ES182322225K,PRODUCT 1,16.0,4860.0,1. Urgente (Chatarra)
ES182262250C,PRODUCT 1,16.0,4860.0,1. Urgente (Chatarra)
ES182159705P,PRODUCT 1,12.0,4860.0,2. Alta (Renovación)
ES182211160U,PRODUCT 1,18.0,4860.0,1. Urgente (Chatarra)
ES182166589J,PRODUCT 1,14.0,4860.0,2. Alta (Renovación)
ES182383307T,PRODUCT 2,22.0,4860.0,1. Urgente (Chatarra)
ES182384321T,PRODUCT 1,15.0,4860.0,2. Alta (Renovación)
ES182338579X,PRODUCT 1,10.0,4860.0,2. Alta (Renovación)
ES182142434P,PRODUCT 1,27.0,4860.0,1. Urgente (Chatarra)
ES182442531J,PRODUCT 1,13.0,4860.0,2. Alta (Renovación)
ES182228777F,PRODUCT 1,10.0,4860.0,2. Alta (Renovación)
ES182290184V,PRODUCT 1,10.0,4860.0,2. Alta (Renovación)
ES182294820L,PRODUCT 1,14.0,4860.0,2. Alta (Renovación)
ES182430652S,PRODUCT 1,13.0,4860.0,2. Alta (Renovación)
ES182363854S,PRODUCT 1,12.0,4860.0,2. Alta (Renovación)
ES182222342V,PRODUCT 1,13.0,4860.0,2. Alta (Renovación)
ES182128718D,PRODUCT 1,10.0,4860.0,2. Alta (Renovación)
ES182387995K,PRODUCT 1,10.0,4860.0,2. Alta (Renovación)
ES182316496W,PRODUCT 1,11.0,4860.0,2. Alta (Renovación)
ES182400030J,PRODUCT 1,18.0,4860.0,1. Urgente (Chatarra)
ES182446768B,PRODUCT 1,16.0,4860.0,1. Urgente (Chatarra)
ES182300022K,PRODUCT 1,23.0,4860.0,1. Urgente (Chatarra)
ES182227859A,PRODUCT 1,14.0,4860.0,2. Alta (Renovación)
ES182406235Q,PRODUCT 1,15.0,4860.0,2. Alta (Renovación)
ES182452198J,PRODUCT 1,11.0,4860.0,2. Alta (Renovación)
ES182333445P,PRODUCT 1,17.0,4860.0,1. Urgente (Chatarra)
ES182179940L,PRODUCT 1,13.0,4860.0,2. Alta (Renovación)
ES182333945H,PRODUCT 1,13.0,4860.0,2. Alta (Renovación)
ES182161501E,PRODUCT 1,15.0,4860.0,2. Alta (Renovación)
ES182346436H,PRODUCT 1,16.0,4860.0,1. Urgente (Chatarra)
ES182451790E,PRODUCT 1,12.0,4860.0,2. Alta (Renovación)
ES182394896B,PRODUCT 1,28.0,4860.0,1. Urgente (Chatarra)
ES182105315Q,PRODUCT 1,11.0,4860.0,2. Alta (Renovación)
ES182413591E,PRODUCT 1,10.0,4860.0,2. Alta (Renovación)
ES182419647V,PRODUCT 1,64.0,4860.0,1. Urgente (Chatarra)
ES182443243N,PRODUCT 1,10.0,4860.0,2. Alta (Renovación)
ES182402486F,PRODUCT 2,15.0,4860.0,2. Alta (Renovación)
ES182324047T,PRODUCT 1,11.0,4860.0,2. Alta (Renovación)
ES182295577N,PRODUCT 1,16.0,4860.0,1. Urgente (Chatarra)
ES182308063J,PRODUCT 1,17.0,4860.0,1. Urgente (Chatarra)
ES182399845G,PRODUCT 1,11.0,4860.0,2. Alta (Renovación)
ES182321136H,PRODUCT 1,12.0,4860.0,2. Alta (Renovación)
ES182207444R,PRODUCT 1,10.0,4860.0,2. Alta (Renovación)
ES182391821Y,PRODUCT 1,12.0,4860.0,2. Alta (Renovación)
ES182360019V,PRODUCT 1,23.0,4860.0,1. Urgente (Chatarra)
ES182120140S,PRODUCT 1,14.0,4860.0,2. Alta (Renovación)
ES182126416T,PRODUCT 1,20.0,4860.0,1. Urgente (Chatarra)
ES182423455M,PRODUCT 1,23.0,4860.0,1. Urgente (Chatarra)
ES182394318F,PRODUCT 1,23.0,4860.0,1. Urgente (Chatarra)
ES182252317P,PRODUCT 1,11.0,4860.0,2. Alta (Renovación)
ES182121868V,PRODUCT 1,18.0,4860.0,1. Urgente (Chatarra)
ES182448773C,PRODUCT 1,13.0,4860.0,2. Alta (Renovación)
ES182265090E,PRODUCT 2,18.0,4860.0,1. Urgente (Chatarra)
ES182268160V,PRODUCT 1,15.0,4860.0,2. Alta (Renovación)
ES182190114J,PRODUCT 1,11.0,4860.0,2. Alta (Renovación)
ES182272028X,PRODUCT 1,14.0,4860.0,2. Alta (Renovación)
ES182426687P,PRODUCT 1,15.0,4860.0,2. Alta (Renovación)
ES182449840C,PRODUCT 1,15.0,4860.0,2. Alta (Renovación)
ES182396773G,PRODUCT 1,14.0,4860.0,2. Alta (Renovación)
ES182285133M,PRODUCT 1,13.0,4860.0,2. Alta (Renovación)
ES182266900X,PRODUCT 1,26.0,4860.0,1. Urgente (Chatarra)
ES182134367H,PRODUCT 1,13.0,4860.0,2. Alta (Renovación)
ES182355788M,PRODUCT 1,13.0,4811.78,2. Alta (Renovación)
ES182247362I,PRODUCT 1,11.0,4806.0,2. Alta (Renovación)
ES182361091Q,PRODUCT 1,20.0,4806.0,1. Urgente (Chatarra)
ES182365881E,PRODUCT 1,12.0,4806.0,2. Alta (Renovación)
ES182199784W,PRODUCT 1,24.0,4806.0,1. Urgente (Chatarra)
ES182338629V,PRODUCT 1,18.0,4752.0,1. Urgente (Chatarra)
ES182289142U,PRODUCT 1,17.0,4752.0,1. Urgente (Chatarra)
ES182351167F,PRODUCT 1,23.0,4725.0,1. Urgente (Chatarra)
ES182106437N,PRODUCT 1,14.0,4698.0,2. Alta (Renovación)
ES182213077Q,PRODUCT 1,15.0,4698.0,2. Alta (Renovación)
ES182283822R,PRODUCT 1,10.0,4698.0,2. Alta (Renovación)
ES182408188Q,PRODUCT 1,16.0,4698.0,1. Urgente (Chatarra)
ES182439445O,PRODUCT 1,18.0,4671.0,1. Urgente (Chatarra)
ES182330612L,PRODUCT 1,10.0,4644.0,2. Alta (Renovación)
ES182384666A,PRODUCT 1,17.0,4644.0,1. Urgente (Chatarra)
ES182320998D,PRODUCT 1,10.0,4644.0,2. Alta (Renovación)
ES182443689K,PRODUCT 2,64.0,4644.0,1. Urgente (Chatarra)
ES182145273A,PRODUCT 1,24.0,4644.0,1. Urgente (Chatarra)
ES182294269Y,PRODUCT 1,11.0,4644.0,2. Alta (Renovación)
ES182341884P,PRODUCT 1,18.0,4644.0,1. Urgente (Chatarra)
ES182233253T,PRODUCT 1,10.0,4590.0,2. Alta (Renovación)
ES182136380C,PRODUCT 1,64.5,4590.0,1. Urgente (Chatarra)
ES182177513C,PRODUCT 1,15.0,4590.0,2. Alta (Renovación)
ES182176413S,PRODUCT 1,12.0,4590.0,2. Alta (Renovación)
ES182163034H,PRODUCT 1,21.0,4590.0,1. Urgente (Chatarra)
ES182414665W,PRODUCT 1,11.0,4590.0,2. Alta (Renovación)
ES182439160C,PRODUCT 1,44.0,4590.0,1. Urgente (Chatarra)
ES182197179A,PRODUCT 1,12.0,4590.0,2. Alta (Renovación)
ES182442537D,PRODUCT 1,14.0,4590.0,2. Alta (Renovación)
ES182125640D,PRODUCT 1,23.0,4590.0,1. Urgente (Chatarra)
ES182221757B,PRODUCT 1,10.0,4590.0,2. Alta (Renovación)
ES182110948H,PRODUCT 1,64.5,4590.0,1. Urgente (Chatarra)
ES182120063G,PRODUCT 1,14.0,4590.0,2. Alta (Renovación)
ES182129938U,PRODUCT 1,15.0,4590.0,2. Alta (Renovación)
ES182446412N,PRODUCT 1,14.0,4590.0,2. Alta (Renovación)
ES182167103P,PRODUCT 1,20.0,4590.0,1. Urgente (Chatarra)
ES182375546A,PRODUCT 1,14.0,4590.0,2. Alta (Renovación)
ES182262253R,PRODUCT 1,17.0,4590.0,1. Urgente (Chatarra)
ES182209686P,PRODUCT 1,19.0,4590.0,1. Urgente (Chatarra)
ES182218688Y,PRODUCT 1,12.0,4590.0,2. Alta (Renovación)
ES182215171W,PRODUCT 1,13.0,4590.0,2. Alta (Renovación)
ES182315363Q,PRODUCT 2,11.0,4590.0,2. Alta (Renovación)
ES182312265P,PRODUCT 1,11.0,4590.0,2. Alta (Renovación)
ES182382754R,PRODUCT 1,64.5,4590.0,1. Urgente (Chatarra)
ES182313461F,PRODUCT 1,11.0,4590.0,2. Alta (Renovación)
ES182388606N,PRODUCT 1,14.0,4590.0,2. Alta (Renovación)
ES182441790X,PRODUCT 1,11.0,4590.0,2. Alta (Renovación)
ES182228753R,PRODUCT 1,10.0,4590.0,2. Alta (Renovación)
ES182118634Z,PRODUCT 1,10.0,4590.0,2. Alta (Renovación)
ES182411874B,PRODUCT 1,29.0,4590.0,1. Urgente (Chatarra)
ES182256520T,PRODUCT 1,10.0,4590.0,2. Alta (Renovación)
ES182322856B,PRODUCT 1,19.0,4590.0,1. Urgente (Chatarra)
ES182412554S,PRODUCT 1,19.0,4590.0,1. Urgente (Chatarra)
ES182404914F,PRODUCT 1,15.0,4590.0,2. Alta (Renovación)
ES182303519O,PRODUCT 1,20.0,4590.0,1. Urgente (Chatarra)
ES182240793T,PRODUCT 1,17.0,4590.0,1. Urgente (Chatarra)
ES182423582A,PRODUCT 1,13.0,4590.0,2. Alta (Renovación)
ES182403434Q,PRODUCT 1,11.0,4590.0,2. Alta (Renovación)
ES182385155M,PRODUCT 2,10.0,4590.0,2. Alta (Renovación)
ES182320110O,PRODUCT 1,14.0,4590.0,2. Alta (Renovación)
ES182424754B,PRODUCT 1,26.0,4590.0,1. Urgente (Chatarra)
ES182244288F,PRODUCT 1,64.0,4590.0,1. Urgente (Chatarra)
ES182163211V,PRODUCT 1,40.0,4590.0,1. Urgente (Chatarra)
ES182326140D,PRODUCT 1,24.0,4590.0,1. Urgente (Chatarra)
ES182340404Z,PRODUCT 1,15.0,4590.0,2. Alta (Renovación)
ES182446719O,PRODUCT 1,12.0,4590.0,2. Alta (Renovación)
ES182439309H,PRODUCT 1,15.0,4590.0,2. Alta (Renovación)
ES182247291A,PRODUCT 1,11.0,4590.0,2. Alta (Renovación)
ES182239614X,PRODUCT 1,12.0,4590.0,2. Alta (Renovación)
ES182158302H,PRODUCT 1,27.0,4590.0,1. Urgente (Chatarra)
ES182430385X,PRODUCT 1,12.0,4590.0,2. Alta (Renovación)
ES182448110C,PRODUCT 1,64.0,4590.0,1. Urgente (Chatarra)
ES182122535V,PRODUCT 1,13.0,4590.0,2. Alta (Renovación)
ES182305079Y,PRODUCT 1,10.0,4590.0,2. Alta (Renovación)
ES182252204L,PRODUCT 1,10.0,4590.0,2. Alta (Renovación)
ES182295598W,PRODUCT 1,11.0,4590.0,2. Alta (Renovación)
ES182439232H,PRODUCT 1,13.0,4590.0,2. Alta (Renovación)
ES182352748G,PRODUCT 1,14.0,4590.0,2. Alta (Renovación)
ES182219724D,PRODUCT 1,25.0,4590.0,1. Urgente (Chatarra)
ES182157732B,PRODUCT 1,24.0,4590.0,1. Urgente (Chatarra)
ES182136153F,PRODUCT 1,10.0,4590.0,2. Alta (Renovación)
ES182355839L,PRODUCT 1,13.0,4590.0,2. Alta (Renovación)
ES182308515A,PRODUCT 1,20.0,4590.0,1. Urgente (Chatarra)
ES182337302P,PRODUCT 1,11.0,4590.0,2. Alta (Renovación)
ES182402480K,PRODUCT 1,11.0,4590.0,2. Alta (Renovación)
ES182295424O,PRODUCT 1,30.0,4590.0,1. Urgente (Chatarra)
ES182156136C,PRODUCT 1,10.0,4590.0,2. Alta (Renovación)
ES182143861X,PRODUCT 1,64.0,4590.0,1. Urgente (Chatarra)
ES182103168D,PRODUCT 1,12.0,4590.0,2. Alta (Renovación)
ES182154298N,PRODUCT 1,11.0,4590.0,2. Alta (Renovación)
ES182441981L,PRODUCT 1,15.0,4590.0,2. Alta (Renovación)
ES182373628F,PRODUCT 2,21.0,4590.0,1. Urgente (Chatarra)
ES182298516T,PRODUCT 1,15.0,4590.0,2. Alta (Renovación)
ES182227216W,PRODUCT 1,64.5,4590.0,1. Urgente (Chatarra)
ES182291152G,PRODUCT 1,14.0,4590.0,2. Alta (Renovación)
ES182198631E,PRODUCT 1,18.0,4590.0,1. Urgente (Chatarra)
ES182444335G,PRODUCT 1,16.0,4590.0,1. Urgente (Chatarra)
ES182455620S,PRODUCT 1,10.0,4590.0,2. Alta (Renovación)
ES182192934J,PRODUCT 1,17.0,4590.0,1. Urgente (Chatarra)
ES182343882L,PRODUCT 1,17.0,4576.5,1. Urgente (Chatarra)
ES182416414P,PRODUCT 1,15.0,4536.0,2. Alta (Renovación)
ES182216398S,PRODUCT 1,13.0,4536.0,2. Alta (Renovación)
ES182380104K,PRODUCT 1,20.0,4536.0,1. Urgente (Chatarra)
ES182185583V,PRODUCT 1,25.0,4536.0,1. Urgente (Chatarra)
ES182310124T,PRODUCT 1,16.0,4536.0,1. Urgente (Chatarra)
ES182175460M,PRODUCT 1,11.0,4536.0,2. Alta (Renovación)
ES182174872W,PRODUCT 1,19.0,4536.0,1. Urgente (Chatarra)
ES182265332D,PRODUCT 1,13.0,4536.0,2. Alta (Renovación)
ES182394009W,PRODUCT 1,12.0,4536.0,2. Alta (Renovación)
ES182149579J,PRODUCT 1,13.0,4482.0,2. Alta (Renovación)
ES182111520F,PRODUCT 1,11.0,4482.0,2. Alta (Renovación)
ES182229685U,PRODUCT 1,12.0,4482.0,2. Alta (Renovación)
ES182211938E,PRODUCT 1,10.0,4482.0,2. Alta (Renovación)
ES182180924R,PRODUCT 1,19.0,4482.0,1. Urgente (Chatarra)
ES182275423F,PRODUCT 1,14.0,4428.0,2. Alta (Renovación)
ES182327397A,PRODUCT 1,16.0,4428.0,1. Urgente (Chatarra)
ES182147861Q,PRODUCT 1,17.0,4428.0,1. Urgente (Chatarra)
ES182247192I,PRODUCT 1,21.0,4428.0,1. Urgente (Chatarra)
ES182143171F,PRODUCT 1,64.0,4428.0,1. Urgente (Chatarra)
ES182262423O,PRODUCT 1,17.0,4428.0,1. Urgente (Chatarra)
ES182344018A,PRODUCT 1,16.0,4374.0,1. Urgente (Chatarra)
ES182196279Q,PRODUCT 1,12.0,4374.0,2. Alta (Renovación)
ES182125658C,PRODUCT 1,10.0,4374.0,2. Alta (Renovación)
ES182439203G,PRODUCT 1,11.0,4374.0,2. Alta (Renovación)
ES182267768H,PRODUCT 1,12.0,4374.0,2. Alta (Renovación)
ES182352631U,PRODUCT 1,16.0,4326.1,1. Urgente (Chatarra)
ES182394609R,PRODUCT 1,16.0,4320.0,1. Urgente (Chatarra)
ES182311940F,PRODUCT 1,13.0,4320.0,2. Alta (Renovación)
ES182431669V,PRODUCT 1,11.0,4320.0,2. Alta (Renovación)
ES182198545W,PRODUCT 1,14.0,4320.0,2. Alta (Renovación)
ES182234940Z,PRODUCT 1,12.0,4320.0,2. Alta (Renovación)
ES182107828E,PRODUCT 1,14.0,4320.0,2. Alta (Renovación)
ES182418849L,PRODUCT 1,13.0,4320.0,2. Alta (Renovación)
ES182184143B,PRODUCT 1,10.0,4320.0,2. Alta (Renovación)
ES182155906F,PRODUCT 1,16.0,4320.0,1. Urgente (Chatarra)
ES182414279S,PRODUCT 2,15.0,4320.0,2. Alta (Renovación)
ES182405824U,PRODUCT 2,64.0,4320.0,1. Urgente (Chatarra)
ES182390779C,PRODUCT 1,11.0,4320.0,2. Alta (Renovación)
ES182388322M,PRODUCT 1,14.0,4320.0,2. Alta (Renovación)
ES182293927G,PRODUCT 1,14.0,4320.0,2. Alta (Renovación)
ES182202739D,PRODUCT 1,32.0,4320.0,1. Urgente (Chatarra)
ES182185196Q,PRODUCT 1,31.0,4320.0,1. Urgente (Chatarra)
ES182112421T,PRODUCT 1,19.0,4320.0,1. Urgente (Chatarra)
ES182166886M,PRODUCT 1,25.0,4320.0,1. Urgente (Chatarra)
ES182196268S,PRODUCT 1,17.0,4320.0,1. Urgente (Chatarra)
ES182269004W,PRODUCT 2,13.0,4320.0,2. Alta (Renovación)
ES182131958U,PRODUCT 1,14.0,4320.0,2. Alta (Renovación)
ES182137158E,PRODUCT 1,14.0,4320.0,2. Alta (Renovación)
ES182240134A,PRODUCT 1,39.0,4320.0,1. Urgente (Chatarra)
ES182288133X,PRODUCT 1,10.0,4320.0,2. Alta (Renovación)
ES182280082X,PRODUCT 1,14.0,4320.0,2. Alta (Renovación)
ES182378835G,PRODUCT 1,18.0,4320.0,1. Urgente (Chatarra)
ES182237415I,PRODUCT 1,20.0,4320.0,1. Urgente (Chatarra)
ES182176020K,PRODUCT 1,13.0,4320.0,2. Alta (Renovación)
ES182327610Q,PRODUCT 1,21.0,4320.0,1. Urgente (Chatarra)
ES182393941L,PRODUCT 1,21.0,4320.0,1. Urgente (Chatarra)
ES182344966G,PRODUCT 2,64.0,4320.0,1. Urgente (Chatarra)
ES182194862Z,PRODUCT 2,11.0,4320.0,2. Alta (Renovación)
ES182331351G,PRODUCT 1,10.0,4320.0,2. Alta (Renovación)
ES182226690V,PRODUCT 1,13.0,4320.0,2. Alta (Renovación)
ES182153609O,PRODUCT 1,19.0,4320.0,1. Urgente (Chatarra)
ES182408401H,PRODUCT 1,64.5,4320.0,1. Urgente (Chatarra)
ES182101932M,PRODUCT 1,29.0,4320.0,1. Urgente (Chatarra)
ES182172468Q,PRODUCT 1,11.0,4320.0,2. Alta (Renovación)
ES182300034U,PRODUCT 1,11.0,4320.0,2. Alta (Renovación)
ES182133828Z,PRODUCT 1,10.0,4320.0,2. Alta (Renovación)
ES182146348P,PRODUCT 1,19.0,4320.0,1. Urgente (Chatarra)
ES182189094B,PRODUCT 1,64.0,4320.0,1. Urgente (Chatarra)
ES182433170I,PRODUCT 1,14.0,4320.0,2. Alta (Renovación)
ES182204511E,PRODUCT 1,14.0,4320.0,2. Alta (Renovación)
ES182356619L,PRODUCT 1,12.0,4320.0,2. Alta (Renovación)
ES182200559Y,PRODUCT 1,11.0,4320.0,2. Alta (Renovación)
ES182434154L,PRODUCT 1,11.0,4320.0,2. Alta (Renovación)
ES182448389T,PRODUCT 1,21.0,4320.0,1. Urgente (Chatarra)
ES182380623J,PRODUCT 1,64.0,4320.0,1. Urgente (Chatarra)
ES182141992L,PRODUCT 1,11.0,4320.0,2. Alta (Renovación)
ES182154688Z,PRODUCT 1,11.0,4320.0,2. Alta (Renovación)
ES182315909W,PRODUCT 1,18.0,4320.0,1. Urgente (Chatarra)
ES182383146I,PRODUCT 1,16.0,4320.0,1. Urgente (Chatarra)
ES182245082H,PRODUCT 1,11.0,4320.0,2. Alta (Renovación)
ES182133326Z,PRODUCT 1,10.0,4320.0,2. Alta (Renovación)
ES182346687Y,PRODUCT 1,10.0,4320.0,2. Alta (Renovación)
ES182400294X,PRODUCT 1,26.0,4320.0,1. Urgente (Chatarra)
ES182270455C,PRODUCT 2,12.0,4320.0,2. Alta (Renovación)
ES182129689Q,PRODUCT 1,12.0,4320.0,2. Alta (Renovación)
ES182368235L,PRODUCT 1,21.0,4320.0,1. Urgente (Chatarra)
ES182163670Y,PRODUCT 1,11.0,4320.0,2. Alta (Renovación)
ES182158383B,PRODUCT 1,13.0,4320.0,2. Alta (Renovación)
ES182290994D,PRODUCT 1,11.0,4320.0,2. Alta (Renovación)
ES182295066R,PRODUCT 1,25.0,4320.0,1. Urgente (Chatarra)
ES182146637N,PRODUCT 1,13.0,4320.0,2. Alta (Renovación)
ES182343087Z,PRODUCT 1,20.0,4320.0,1. Urgente (Chatarra)
ES182150495Q,PRODUCT 1,22.0,4320.0,1. Urgente (Chatarra)
ES182219264B,PRODUCT 1,11.0,4320.0,2. Alta (Renovación)
ES182288634G,PRODUCT 1,17.0,4320.0,1. Urgente (Chatarra)
ES182363483C,PRODUCT 1,11.0,4320.0,2. Alta (Renovación)
ES182353878Z,PRODUCT 1,27.0,4320.0,1. Urgente (Chatarra)
ES182152622O,PRODUCT 1,13.0,4320.0,2. Alta (Renovación)
ES182160587P,PRODUCT 1,19.0,4320.0,1. Urgente (Chatarra)
ES182217995U,PRODUCT 1,64.0,4320.0,1. Urgente (Chatarra)
ES182110431T,PRODUCT 1,16.0,4320.0,1. Urgente (Chatarra)
ES182210040K,PRODUCT 1,13.0,4320.0,2. Alta (Renovación)
ES182455776M,PRODUCT 2,17.0,4320.0,1. Urgente (Chatarra)
ES182242007P,PRODUCT 1,11.0,4320.0,2. Alta (Renovación)
ES182429306O,PRODUCT 1,12.0,4320.0,2. Alta (Renovación)
ES182306726C,PRODUCT 1,19.0,4320.0,1. Urgente (Chatarra)
ES182206268Y,PRODUCT 1,14.0,4320.0,2. Alta (Renovación)
ES182436751P,PRODUCT 1,13.0,4320.0,2. Alta (Renovación)
ES182284282C,PRODUCT 1,14.0,4320.0,2. Alta (Renovación)
ES182272848U,PRODUCT 1,15.0,4320.0,2. Alta (Renovación)
ES182405296G,PRODUCT 1,12.0,4320.0,2. Alta (Renovación)
ES182274086I,PRODUCT 1,22.0,4320.0,1. Urgente (Chatarra)
ES182280245K,PRODUCT 1,40.0,4320.0,1. Urgente (Chatarra)
ES182181341V,PRODUCT 1,13.0,4320.0,2. Alta (Renovación)
ES182275360G,PRODUCT 1,10.0,4320.0,2. Alta (Renovación)
ES182288292P,PRODUCT 1,13.0,4320.0,2. Alta (Renovación)
ES182338710F,PRODUCT 1,64.5,4320.0,1. Urgente (Chatarra)
ES182361493N,PRODUCT 1,18.0,4320.0,1. Urgente (Chatarra)
ES182137982G,PRODUCT 1,14.0,4320.0,2. Alta (Renovación)
ES182153950J,PRODUCT 1,10.0,4320.0,2. Alta (Renovación)
ES182412542K,PRODUCT 1,14.0,4320.0,2. Alta (Renovación)
ES182449112P,PRODUCT 1,12.0,4320.0,2. Alta (Renovación)
ES182111132D,PRODUCT 1,10.0,4320.0,2. Alta (Renovación)
ES182311112W,PRODUCT 1,27.0,4320.0,1. Urgente (Chatarra)
ES182451511N,PRODUCT 1,12.0,4320.0,2. Alta (Renovación)
ES182450629C,PRODUCT 1,17.0,4320.0,1. Urgente (Chatarra)
ES182248844Q,PRODUCT 1,16.0,4320.0,1. Urgente (Chatarra)
ES182416482O,PRODUCT 1,15.0,4320.0,2. Alta (Renovación)
ES182334520M,PRODUCT 1,21.0,4320.0,1. Urgente (Chatarra)
ES182391115C,PRODUCT 1,13.0,4320.0,2. Alta (Renovación)
ES182156658W,PRODUCT 1,11.0,4320.0,2. Alta (Renovación)
ES182209787Q,PRODUCT 1,10.0,4320.0,2. Alta (Renovación)
ES182171125W,PRODUCT 1,64.5,4320.0,1. Urgente (Chatarra)
ES182398806F,PRODUCT 1,64.5,4320.0,1. Urgente (Chatarra)
ES182348659P,PRODUCT 2,16.0,4320.0,1. Urgente (Chatarra)
ES182317379V,PRODUCT 1,64.5,4320.0,1. Urgente (Chatarra)
ES182367376Q,PRODUCT 1,19.0,4320.0,1. Urgente (Chatarra)
ES182325266E,PRODUCT 1,18.0,4320.0,1. Urgente (Chatarra)
ES182232673M,PRODUCT 1,21.0,4320.0,1. Urgente (Chatarra)
ES182170038V,PRODUCT 1,21.0,4320.0,1. Urgente (Chatarra)
ES182248786G,PRODUCT 1,15.0,4320.0,2. Alta (Renovación)
ES182150783R,PRODUCT 1,22.0,4320.0,1. Urgente (Chatarra)
ES182408641I,PRODUCT 1,16.0,4320.0,1. Urgente (Chatarra)
ES182134962A,PRODUCT 1,11.0,4320.0,2. Alta (Renovación)
ES182415141K,PRODUCT 1,10.0,4320.0,2. Alta (Renovación)
ES182438367P,PRODUCT 1,11.0,4320.0,2. Alta (Renovación)
ES182330433C,PRODUCT 1,13.0,4320.0,2. Alta (Renovación)
ES182395956B,PRODUCT 1,19.0,4320.0,1. Urgente (Chatarra)
ES182401937H,PRODUCT 1,13.0,4320.0,2. Alta (Renovación)
ES182453764B,PRODUCT 1,17.0,4320.0,1. Urgente (Chatarra)
ES182377588L,PRODUCT 1,19.0,4320.0,1. Urgente (Chatarra)
ES182421227X,PRODUCT 1,12.0,4320.0,2. Alta (Renovación)
ES182303516E,PRODUCT 1,13.0,4320.0,2. Alta (Renovación)
ES182213026U,PRODUCT 1,19.0,4320.0,1. Urgente (Chatarra)
ES182142520V,PRODUCT 1,17.0,4320.0,1. Urgente (Chatarra)
ES182255578K,PRODUCT 1,20.0,4320.0,1. Urgente (Chatarra)
ES182181560D,PRODUCT 2,24.0,4320.0,1. Urgente (Chatarra)
ES182435554N,PRODUCT 1,10.0,4320.0,2. Alta (Renovación)
ES182428061R,PRODUCT 1,18.0,4320.0,1. Urgente (Chatarra)
ES182436505A,PRODUCT 1,14.0,4320.0,2. Alta (Renovación)
ES182381346X,PRODUCT 1,17.0,4320.0,1. Urgente (Chatarra)
ES182129900P,PRODUCT 1,13.0,4320.0,2. Alta (Renovación)
ES182403899N,PRODUCT 1,64.0,4320.0,1. Urgente (Chatarra)
ES182222491L,PRODUCT 1,12.0,4320.0,2. Alta (Renovación)
ES182155037F,PRODUCT 1,15.0,4320.0,2. Alta (Renovación)
ES182229128B,PRODUCT 1,10.0,4320.0,2. Alta (Renovación)
ES182384159W,PRODUCT 1,17.0,4320.0,1. Urgente (Chatarra)
ES182435864R,PRODUCT 2,12.0,4320.0,2. Alta (Renovación)
ES182269530B,PRODUCT 1,11.0,4320.0,2. Alta (Renovación)
ES182396563B,PRODUCT 1,16.0,4320.0,1. Urgente (Chatarra)
ES182328775D,PRODUCT 1,10.0,4320.0,2. Alta (Renovación)
ES182383157N,PRODUCT 1,12.0,4320.0,2. Alta (Renovación)
ES182114341Z,PRODUCT 1,11.0,4320.0,2. Alta (Renovación)
ES182269151Y,PRODUCT 1,15.0,4320.0,2. Alta (Renovación)
ES182408750T,PRODUCT 1,10.0,4320.0,2. Alta (Renovación)
ES182330797K,PRODUCT 2,11.0,4320.0,2. Alta (Renovación)
ES182326022N,PRODUCT 1,14.0,4320.0,2. Alta (Renovación)
ES182147550J,PRODUCT 1,14.0,4320.0,2. Alta (Renovación)
ES182127804Z,PRODUCT 1,11.0,4320.0,2. Alta (Renovación)
ES182402351U,PRODUCT 1,11.0,4320.0,2. Alta (Renovación)
ES182109957K,PRODUCT 1,32.0,4320.0,1. Urgente (Chatarra)
ES182163599V,PRODUCT 1,14.0,4320.0,2. Alta (Renovación)
ES182113813F,PRODUCT 1,25.0,4320.0,1. Urgente (Chatarra)
ES182453722N,PRODUCT 1,25.0,4320.0,1. Urgente (Chatarra)
ES182382278J,PRODUCT 1,14.0,4320.0,2. Alta (Renovación)
ES182389710Y,PRODUCT 1,19.0,4320.0,1. Urgente (Chatarra)
ES182416540X,PRODUCT 1,13.0,4320.0,2. Alta (Renovación)
ES182336836H,PRODUCT 2,12.0,4320.0,2. Alta (Renovación)
ES182188410P,PRODUCT 1,14.0,4320.0,2. Alta (Renovación)
ES182172188M,PRODUCT 1,13.0,4320.0,2. Alta (Renovación)
ES182441867X,PRODUCT 1,12.0,4320.0,2. Alta (Renovación)
ES182342670Q,PRODUCT 1,16.0,4320.0,1. Urgente (Chatarra)
ES182184053J,PRODUCT 1,10.0,4320.0,2. Alta (Renovación)
ES182179362H,PRODUCT 1,13.0,4320.0,2. Alta (Renovación)
ES182382776V,PRODUCT 1,25.0,4320.0,1. Urgente (Chatarra)
ES182237024R,PRODUCT 1,10.0,4320.0,2. Alta (Renovación)
ES182183125T,PRODUCT 1,12.0,4320.0,2. Alta (Renovación)
ES182422510O,PRODUCT 1,20.0,4320.0,1. Urgente (Chatarra)
ES182242933J,PRODUCT 1,15.0,4320.0,2. Alta (Renovación)
ES182172129C,PRODUCT 1,13.0,4320.0,2. Alta (Renovación)
ES182373485R,PRODUCT 1,11.0,4320.0,2. Alta (Renovación)
ES182177022M,PRODUCT 2,16.0,4320.0,1. Urgente (Chatarra)
ES182442182Q,PRODUCT 1,13.0,4320.0,2. Alta (Renovación)
ES182325630S,PRODUCT 1,18.0,4320.0,1. Urgente (Chatarra)
ES182389611N,PRODUCT 1,21.0,4320.0,1. Urgente (Chatarra)
ES182275621G,PRODUCT 1,17.0,4320.0,1. Urgente (Chatarra)
ES182113052P,PRODUCT 1,18.0,4320.0,1. Urgente (Chatarra)
ES182135774R,PRODUCT 1,17.0,4320.0,1. Urgente (Chatarra)
ES182260183T,PRODUCT 1,18.0,4320.0,1. Urgente (Chatarra)
ES182337127K,PRODUCT 1,14.0,4320.0,2. Alta (Renovación)
ES182369292F,PRODUCT 1,21.0,4320.0,1. Urgente (Chatarra)
ES182117159Q,PRODUCT 1,12.0,4320.0,2. Alta (Renovación)
ES182215566Y,PRODUCT 1,10.0,4320.0,2. Alta (Renovación)
ES182286887X,PRODUCT 1,10.0,4320.0,2. Alta (Renovación)
ES182111847K,PRODUCT 1,10.0,4320.0,2. Alta (Renovación)
ES182164559G,PRODUCT 1,17.0,4320.0,1. Urgente (Chatarra)
ES182427454D,PRODUCT 1,10.0,4320.0,2. Alta (Renovación)
ES182184882D,PRODUCT 1,12.0,4320.0,2. Alta (Renovación)
ES182123099Z,PRODUCT 1,16.0,4320.0,1. Urgente (Chatarra)
ES182296880H,PRODUCT 1,30.0,4320.0,1. Urgente (Chatarra)
ES182147005N,PRODUCT 1,12.0,4320.0,2. Alta (Renovación)
ES182132949R,PRODUCT 1,12.0,4320.0,2. Alta (Renovación)
ES182325749L,PRODUCT 1,10.0,4320.0,2. Alta (Renovación)
ES182142406L,PRODUCT 1,14.0,4320.0,2. Alta (Renovación)
ES182289537P,PRODUCT 1,17.0,4320.0,1. Urgente (Chatarra)
ES182411500O,PRODUCT 2,15.0,4320.0,2. Alta (Renovación)
ES182150630U,PRODUCT 1,16.0,4320.0,1. Urgente (Chatarra)
ES182269804N,PRODUCT 1,16.0,4320.0,1. Urgente (Chatarra)
ES182199636U,PRODUCT 1,12.0,4320.0,2. Alta (Renovación)
ES182103748U,PRODUCT 1,21.0,4320.0,1. Urgente (Chatarra)
ES182294680T,PRODUCT 1,64.5,4320.0,1. Urgente (Chatarra)
ES182292675E,PRODUCT 1,12.0,4320.0,2. Alta (Renovación)
ES182101701W,PRODUCT 1,13.0,4320.0,2. Alta (Renovación)
ES182182019P,PRODUCT 1,15.0,4320.0,2. Alta (Renovación)
ES182202249Z,PRODUCT 1,10.0,4320.0,2. Alta (Renovación)
ES182134595Y,PRODUCT 1,14.0,4320.0,2. Alta (Renovación)
ES182274543W,PRODUCT 1,12.0,4320.0,2. Alta (Renovación)
ES182420936Y,PRODUCT 2,15.0,4320.0,2. Alta (Renovación)
ES182229875T,PRODUCT 1,13.0,4320.0,2. Alta (Renovación)
ES182409136T,PRODUCT 1,15.0,4320.0,2. Alta (Renovación)
ES182455275U,PRODUCT 1,12.0,4320.0,2. Alta (Renovación)
ES182279496V,PRODUCT 1,11.0,4320.0,2. Alta (Renovación)
ES182352784R,PRODUCT 1,22.0,4320.0,1. Urgente (Chatarra)
ES182289561I,PRODUCT 1,11.0,4320.0,2. Alta (Renovación)
ES182241186T,PRODUCT 1,25.0,4320.0,1. Urgente (Chatarra)
ES182391140W,PRODUCT 1,20.0,4320.0,1. Urgente (Chatarra)
ES182442788U,PRODUCT 1,15.0,4320.0,2. Alta (Renovación)
ES182299451C,PRODUCT 1,18.0,4320.0,1. Urgente (Chatarra)
ES182258197G,PRODUCT 1,10.0,4320.0,2. Alta (Renovación)
ES182102869I,PRODUCT 1,14.0,4320.0,2. Alta (Renovación)
ES182123118W,PRODUCT 1,12.0,4320.0,2. Alta (Renovación)
ES182391825L,PRODUCT 1,19.0,4320.0,1. Urgente (Chatarra)
ES182124171D,PRODUCT 1,25.0,4320.0,1. Urgente (Chatarra)
ES182320844U,PRODUCT 1,10.0,4320.0,2. Alta (Renovación)
ES182318058V,PRODUCT 1,30.0,4320.0,1. Urgente (Chatarra)
ES182271498Y,PRODUCT 1,14.0,4320.0,2. Alta (Renovación)
ES182118014F,PRODUCT 1,12.0,4320.0,2. Alta (Renovación)
ES182209733I,PRODUCT 1,19.0,4320.0,1. Urgente (Chatarra)
ES182392044F,PRODUCT 1,11.0,4320.0,2. Alta (Renovación)
ES182352634D,PRODUCT 1,10.0,4320.0,2. Alta (Renovación)
ES182240208O,PRODUCT 1,17.0,4320.0,1. Urgente (Chatarra)
ES182445836X,PRODUCT 1,12.0,4320.0,2. Alta (Renovación)
ES182418818C,PRODUCT 1,10.0,4320.0,2. Alta (Renovación)
ES182399404D,PRODUCT 2,11.0,4320.0,2. Alta (Renovación)
ES182100069A,PRODUCT 1,10.0,4320.0,2. Alta (Renovación)
ES182105951N,PRODUCT 1,64.0,4320.0,1. Urgente (Chatarra)
ES182419355U,PRODUCT 1,13.0,4320.0,2. Alta (Renovación)
ES182123287B,PRODUCT 1,14.0,4320.0,2. Alta (Renovación)
ES182267174J,PRODUCT 1,15.0,4320.0,2. Alta (Renovación)
ES182133137G,PRODUCT 1,64.0,4320.0,1. Urgente (Chatarra)
ES182337552J,PRODUCT 1,22.0,4320.0,1. Urgente (Chatarra)
ES182419609A,PRODUCT 1,31.0,4320.0,1. Urgente (Chatarra)
ES182241989W,PRODUCT 1,21.0,4320.0,1. Urgente (Chatarra)
ES182377965E,PRODUCT 1,64.0,4320.0,1. Urgente (Chatarra)
ES182269707H,PRODUCT 1,64.0,4320.0,1. Urgente (Chatarra)
ES182103307V,PRODUCT 1,15.0,4320.0,2. Alta (Renovación)
ES182120553V,PRODUCT 1,10.0,4320.0,2. Alta (Renovación)
ES182328927S,PRODUCT 1,16.0,4320.0,1. Urgente (Chatarra)
ES182220598U,PRODUCT 1,11.0,4320.0,2. Alta (Renovación)
ES182156585V,PRODUCT 1,13.0,4320.0,2. Alta (Renovación)
ES182339486U,PRODUCT 1,28.0,4320.0,1. Urgente (Chatarra)
ES182170728Q,PRODUCT 1,12.0,4320.0,2. Alta (Renovación)
ES182101231X,PRODUCT 1,16.0,4320.0,1. Urgente (Chatarra)
ES182414209Q,PRODUCT 1,15.0,4320.0,2. Alta (Renovación)
ES182278061A,PRODUCT 1,12.0,4320.0,2. Alta (Renovación)
ES182214136S,PRODUCT 1,11.0,4320.0,2. Alta (Renovación)
ES182183909P,PRODUCT 1,11.0,4320.0,2. Alta (Renovación)
ES182253943N,PRODUCT 1,14.0,4320.0,2. Alta (Renovación)
ES182171807D,PRODUCT 1,64.0,4320.0,1. Urgente (Chatarra)
ES182217551S,PRODUCT 1,14.0,4320.0,2. Alta (Renovación)
ES182258243Y,PRODUCT 1,11.0,4320.0,2. Alta (Renovación)
ES182377384R,PRODUCT 1,14.0,4320.0,2. Alta (Renovación)
ES182439189P,PRODUCT 1,17.0,4320.0,1. Urgente (Chatarra)
ES182153384B,PRODUCT 1,16.0,4320.0,1. Urgente (Chatarra)
ES182166938I,PRODUCT 1,19.0,4320.0,1. Urgente (Chatarra)
ES182126026R,PRODUCT 1,64.0,4320.0,1. Urgente (Chatarra)
ES182334480F,PRODUCT 1,22.0,4320.0,1. Urgente (Chatarra)
ES182310725O,PRODUCT 1,10.0,4320.0,2. Alta (Renovación)
ES182263066G,PRODUCT 1,29.0,4320.0,1. Urgente (Chatarra)
ES182124538K,PRODUCT 1,27.0,4320.0,1. Urgente (Chatarra)
ES182259986J,PRODUCT 1,13.0,4320.0,2. Alta (Renovación)
ES182247024L,PRODUCT 1,10.0,4320.0,2. Alta (Renovación)
ES182359161Y,PRODUCT 1,19.0,4320.0,1. Urgente (Chatarra)
ES182311526C,PRODUCT 1,21.0,4320.0,1. Urgente (Chatarra)
ES182433595P,PRODUCT 1,11.0,4320.0,2. Alta (Renovación)
ES182301434W,PRODUCT 1,10.0,4320.0,2. Alta (Renovación)
ES182261219C,PRODUCT 1,16.0,4320.0,1. Urgente (Chatarra)
ES182326194X,PRODUCT 1,10.0,4320.0,2. Alta (Renovación)
ES182376205Q,PRODUCT 1,16.0,4320.0,1. Urgente (Chatarra)
ES182212381R,PRODUCT 1,40.0,4320.0,1. Urgente (Chatarra)
ES182205419J,PRODUCT 1,15.0,4320.0,2. Alta (Renovación)
ES182270465K,PRODUCT 1,12.0,4320.0,2. Alta (Renovación)
ES182113955T,PRODUCT 1,12.0,4320.0,2. Alta (Renovación)
ES182113666B,PRODUCT 1,12.0,4320.0,2. Alta (Renovación)
ES182323686Z,PRODUCT 2,19.0,4320.0,1. Urgente (Chatarra)
ES182182585Y,PRODUCT 1,13.0,4320.0,2. Alta (Renovación)
ES182450536T,PRODUCT 1,12.0,4320.0,2. Alta (Renovación)
ES182153305K,PRODUCT 1,16.0,4320.0,1. Urgente (Chatarra)
ES182148873N,PRODUCT 1,10.0,4320.0,2. Alta (Renovación)
ES182129752C,PRODUCT 1,10.0,4320.0,2. Alta (Renovación)
ES182152822X,PRODUCT 1,28.0,4320.0,1. Urgente (Chatarra)
ES182388802P,PRODUCT 1,10.0,4320.0,2. Alta (Renovación)
ES182302456C,PRODUCT 1,11.0,4320.0,2. Alta (Renovación)
ES182100583S,PRODUCT 1,23.0,4320.0,1. Urgente (Chatarra)
ES182349683M,PRODUCT 1,13.0,4320.0,2. Alta (Renovación)
ES182164170F,PRODUCT 1,17.0,4320.0,1. Urgente (Chatarra)
ES182156972H,PRODUCT 1,23.0,4320.0,1. Urgente (Chatarra)
ES182382174X,PRODUCT 1,11.0,4320.0,2. Alta (Renovación)
ES182209568X,PRODUCT 1,11.0,4320.0,2. Alta (Renovación)
ES182243673V,PRODUCT 1,11.0,4320.0,2. Alta (Renovación)
ES182253529N,PRODUCT 1,10.0,4320.0,2. Alta (Renovación)
ES182251551M,PRODUCT 1,18.0,4320.0,1. Urgente (Chatarra)
ES182222833Q,PRODUCT 1,11.0,4320.0,2. Alta (Renovación)
ES182108031R,PRODUCT 1,64.0,4320.0,1. Urgente (Chatarra)
ES182118185M,PRODUCT 1,64.0,4320.0,1. Urgente (Chatarra)
ES182372004A,PRODUCT 1,17.0,4320.0,1. Urgente (Chatarra)
ES182136945C,PRODUCT 1,16.0,4320.0,1. Urgente (Chatarra)
ES182342070W,PRODUCT 1,17.0,4320.0,1. Urgente (Chatarra)
ES182277343K,PRODUCT 2,64.0,4320.0,1. Urgente (Chatarra)
ES182107381V,PRODUCT 1,64.5,4320.0,1. Urgente (Chatarra)
ES182257999I,PRODUCT 1,10.0,4320.0,2. Alta (Renovación)
ES182111696J,PRODUCT 2,16.0,4320.0,1. Urgente (Chatarra)
ES182352398G,PRODUCT 1,11.0,4320.0,2. Alta (Renovación)
ES182332256S,PRODUCT 1,22.0,4320.0,1. Urgente (Chatarra)
ES182434693I,PRODUCT 1,11.0,4320.0,2. Alta (Renovación)
ES182290998Z,PRODUCT 1,16.0,4320.0,1. Urgente (Chatarra)
ES182301057R,PRODUCT 1,15.0,4320.0,2. Alta (Renovación)
ES182450875N,PRODUCT 1,14.0,4320.0,2. Alta (Renovación)
ES182211868B,PRODUCT 1,64.0,4320.0,1. Urgente (Chatarra)
ES182305380O,PRODUCT 1,13.0,4320.0,2. Alta (Renovación)
ES182186997F,PRODUCT 1,13.0,4320.0,2. Alta (Renovación)
ES182443809M,PRODUCT 1,17.0,4320.0,1. Urgente (Chatarra)
ES182316159L,PRODUCT 1,10.0,4320.0,2. Alta (Renovación)
ES182105771N,PRODUCT 1,13.0,4320.0,2. Alta (Renovación)
ES182172844S,PRODUCT 1,23.0,4320.0,1. Urgente (Chatarra)
ES182213564V,PRODUCT 1,16.0,4320.0,1. Urgente (Chatarra)
ES182384422H,PRODUCT 1,21.0,4320.0,1. Urgente (Chatarra)
ES182149667Q,PRODUCT 1,12.0,4320.0,2. Alta (Renovación)
ES182193330H,PRODUCT 1,15.0,4320.0,2. Alta (Renovación)
ES182326909S,PRODUCT 1,19.0,4320.0,1. Urgente (Chatarra)
ES182102317D,PRODUCT 1,11.0,4320.0,2. Alta (Renovación)
ES182337393T,PRODUCT 1,17.0,4320.0,1. Urgente (Chatarra)
ES182289719T,PRODUCT 1,11.0,4320.0,2. Alta (Renovación)
ES182117514M,PRODUCT 1,21.0,4320.0,1. Urgente (Chatarra)
ES182168132G,PRODUCT 1,17.0,4320.0,1. Urgente (Chatarra)
ES182422462J,PRODUCT 1,10.0,4320.0,2. Alta (Renovación)
ES182234447T,PRODUCT 1,22.0,4320.0,1. Urgente (Chatarra)
ES182221878I,PRODUCT 1,16.0,4320.0,1. Urgente (Chatarra)
ES182296798O,PRODUCT 2,17.0,4320.0,1. Urgente (Chatarra)
ES182142126G,PRODUCT 1,14.0,4320.0,2. Alta (Renovación)
ES182266403Z,PRODUCT 1,10.0,4320.0,2. Alta (Renovación)
ES182371966O,PRODUCT 1,25.0,4320.0,1. Urgente (Chatarra)
ES182229362X,PRODUCT 1,11.0,4320.0,2. Alta (Renovación)
ES182351481E,PRODUCT 1,10.0,4320.0,2. Alta (Renovación)
ES182452076T,PRODUCT 1,10.0,4320.0,2. Alta (Renovación)
ES182133908H,PRODUCT 1,12.0,4320.0,2. Alta (Renovación)
ES182128520J,PRODUCT 1,36.0,4320.0,1. Urgente (Chatarra)
ES182343526M,PRODUCT 1,64.0,4320.0,1. Urgente (Chatarra)
ES182209784T,PRODUCT 1,10.0,4320.0,2. Alta (Renovación)
ES182378132E,PRODUCT 1,14.0,4320.0,2. Alta (Renovación)
ES182362466E,PRODUCT 1,13.0,4320.0,2. Alta (Renovación)
ES182295940X,PRODUCT 1,14.0,4320.0,2. Alta (Renovación)
ES182202608A,PRODUCT 1,15.0,4320.0,2. Alta (Renovación)
ES182439220D,PRODUCT 1,20.0,4320.0,1. Urgente (Chatarra)
ES182281075T,PRODUCT 1,10.0,4320.0,2. Alta (Renovación)
ES182341693R,PRODUCT 1,28.0,4320.0,1. Urgente (Chatarra)
ES182374899S,PRODUCT 1,24.0,4320.0,1. Urgente (Chatarra)
ES182290264H,PRODUCT 1,12.0,4320.0,2. Alta (Renovación)
ES182193087H,PRODUCT 1,14.0,4320.0,2. Alta (Renovación)
ES182124710N,PRODUCT 1,13.0,4320.0,2. Alta (Renovación)
ES182339686E,PRODUCT 1,19.0,4320.0,1. Urgente (Chatarra)
ES182342531L,PRODUCT 2,11.0,4320.0,2. Alta (Renovación)
ES182444237Q,PRODUCT 1,16.0,4320.0,1. Urgente (Chatarra)
ES182449010N,PRODUCT 1,20.0,4320.0,1. Urgente (Chatarra)
ES182176706Z,PRODUCT 1,20.0,4320.0,1. Urgente (Chatarra)
ES182194148D,PRODUCT 1,14.0,4320.0,2. Alta (Renovación)
ES182288512Y,PRODUCT 1,12.0,4320.0,2. Alta (Renovación)
ES182144300T,PRODUCT 1,12.0,4320.0,2. Alta (Renovación)
ES182415306U,PRODUCT 1,12.0,4320.0,2. Alta (Renovación)
ES182197365T,PRODUCT 1,10.0,4320.0,2. Alta (Renovación)
ES182138872Q,PRODUCT 1,14.0,4320.0,2. Alta (Renovación)
ES182136315N,PRODUCT 1,10.0,4320.0,2. Alta (Renovación)
ES182454481V,PRODUCT 1,13.0,4320.0,2. Alta (Renovación)
ES182394085K,PRODUCT 1,21.0,4320.0,1. Urgente (Chatarra)
ES182199224C,PRODUCT 1,18.0,4320.0,1. Urgente (Chatarra)
ES182451133F,PRODUCT 1,13.0,4320.0,2. Alta (Renovación)
ES182161113Y,PRODUCT 1,64.5,4320.0,1. Urgente (Chatarra)
ES182111956W,PRODUCT 1,15.0,4320.0,2. Alta (Renovación)
ES182320529Q,PRODUCT 1,37.0,4320.0,1. Urgente (Chatarra)
ES182388084V,PRODUCT 1,18.0,4320.0,1. Urgente (Chatarra)
ES182452686G,PRODUCT 1,14.0,4320.0,2. Alta (Renovación)
ES182100376Z,PRODUCT 1,17.0,4320.0,1. Urgente (Chatarra)
ES182143264J,PRODUCT 1,10.0,4320.0,2. Alta (Renovación)
ES182235130F,PRODUCT 1,13.0,4320.0,2. Alta (Renovación)
ES182146576D,PRODUCT 2,20.0,4320.0,1. Urgente (Chatarra)
ES182200236N,PRODUCT 1,10.0,4320.0,2. Alta (Renovación)
ES182194506K,PRODUCT 1,10.0,4320.0,2. Alta (Renovación)
ES182433687J,PRODUCT 1,21.0,4298.4,1. Urgente (Chatarra)
ES182394478U,PRODUCT 1,21.0,4293.0,1. Urgente (Chatarra)
ES182376928D,PRODUCT 1,64.0,4282.2,1. Urgente (Chatarra)
ES182433076I,PRODUCT 1,16.0,4266.0,1. Urgente (Chatarra)
ES182275066A,PRODUCT 1,23.0,4266.0,1. Urgente (Chatarra)
ES182156531K,PRODUCT 1,16.0,4266.0,1. Urgente (Chatarra)
ES182282834P,PRODUCT 1,25.0,4266.0,1. Urgente (Chatarra)
ES182143178Z,PRODUCT 1,14.0,4266.0,2. Alta (Renovación)
ES182291636Y,PRODUCT 1,11.0,4266.0,2. Alta (Renovación)
ES182157904A,PRODUCT 1,10.0,4260.6,2. Alta (Renovación)
ES182277759D,PRODUCT 1,15.0,4222.69,2. Alta (Renovación)
ES182347488B,PRODUCT 1,14.0,4212.0,2. Alta (Renovación)
ES182270303U,PRODUCT 1,17.0,4212.0,1. Urgente (Chatarra)
ES182196601W,PRODUCT 1,12.0,4212.0,2. Alta (Renovación)
ES182415224R,PRODUCT 2,10.0,4212.0,2. Alta (Renovación)
ES182359867I,PRODUCT 1,23.0,4212.0,1. Urgente (Chatarra)
ES182424719Y,PRODUCT 2,15.0,4212.0,2. Alta (Renovación)
ES182109069Z,PRODUCT 1,18.0,4212.0,1. Urgente (Chatarra)
ES182440731O,PRODUCT 1,10.0,4212.0,2. Alta (Renovación)
ES182439491R,PRODUCT 1,15.0,4212.0,2. Alta (Renovación)
ES182411070J,PRODUCT 2,10.0,4181.54,2. Alta (Renovación)
ES182170096P,PRODUCT 1,18.0,4176.74,1. Urgente (Chatarra)
ES182109833O,PRODUCT 1,10.0,4158.0,2. Alta (Renovación)
ES182409396I,PRODUCT 1,16.0,4158.0,1. Urgente (Chatarra)
ES182392728M,PRODUCT 1,64.0,4158.0,1. Urgente (Chatarra)
ES182201562N,PRODUCT 2,16.0,4158.0,1. Urgente (Chatarra)
ES182178768Y,PRODUCT 2,14.0,4158.0,2. Alta (Renovación)
ES182161172Z,PRODUCT 1,16.0,4104.0,1. Urgente (Chatarra)
ES182172158U,PRODUCT 1,31.0,4104.0,1. Urgente (Chatarra)
ES182373601V,PRODUCT 1,18.0,4104.0,1. Urgente (Chatarra)
ES182313219N,PRODUCT 1,12.0,4104.0,2. Alta (Renovación)
ES182153304X,PRODUCT 1,12.0,4104.0,2. Alta (Renovación)
ES182195292X,PRODUCT 1,15.0,4104.0,2. Alta (Renovación)
ES182103177B,PRODUCT 1,11.0,4050.0,2. Alta (Renovación)
ES182433297V,PRODUCT 1,10.0,4050.0,2. Alta (Renovación)
ES182269231M,PRODUCT 1,12.0,4050.0,2. Alta (Renovación)
ES182364137Y,PRODUCT 1,19.0,4050.0,1. Urgente (Chatarra)
ES182296298Q,PRODUCT 1,12.0,4050.0,2. Alta (Renovación)
ES182206391N,PRODUCT 1,17.0,4050.0,1. Urgente (Chatarra)
ES182236023F,PRODUCT 2,15.0,4050.0,2. Alta (Renovación)
ES182438326S,PRODUCT 1,11.0,4050.0,2. Alta (Renovación)
ES182356908H,PRODUCT 1,10.0,4050.0,2. Alta (Renovación)
ES182367120E,PRODUCT 1,32.0,4050.0,1. Urgente (Chatarra)
ES182172002Z,PRODUCT 1,25.0,4050.0,1. Urgente (Chatarra)
ES182377502V,PRODUCT 1,13.0,4050.0,2. Alta (Renovación)
ES182303245K,PRODUCT 1,17.0,4050.0,1. Urgente (Chatarra)
ES182156968V,PRODUCT 1,21.0,4050.0,1. Urgente (Chatarra)
ES182219614S,PRODUCT 1,16.0,4050.0,1. Urgente (Chatarra)
ES182332843X,PRODUCT 2,24.0,4050.0,1. Urgente (Chatarra)
ES182439471L,PRODUCT 2,11.0,4050.0,2. Alta (Renovación)
ES182147832O,PRODUCT 1,15.0,4050.0,2. Alta (Renovación)
ES182264151Z,PRODUCT 1,64.0,4050.0,1. Urgente (Chatarra)
ES182275242T,PRODUCT 1,19.0,4050.0,1. Urgente (Chatarra)
ES182410829G,PRODUCT 1,12.0,4050.0,2. Alta (Renovación)
ES182196529Y,PRODUCT 1,15.0,4050.0,2. Alta (Renovación)
ES182279661Q,PRODUCT 1,12.0,4050.0,2. Alta (Renovación)
ES182399804F,PRODUCT 1,34.0,4050.0,1. Urgente (Chatarra)
ES182140557V,PRODUCT 1,13.0,4050.0,2. Alta (Renovación)
ES182110679I,PRODUCT 1,24.0,4050.0,1. Urgente (Chatarra)
ES182136760W,PRODUCT 1,15.0,4050.0,2. Alta (Renovación)
ES182325263P,PRODUCT 1,19.0,4050.0,1. Urgente (Chatarra)
ES182236358F,PRODUCT 1,16.0,4050.0,1. Urgente (Chatarra)
ES182338269W,PRODUCT 1,12.0,4050.0,2. Alta (Renovación)
ES182449366S,PRODUCT 1,64.0,4050.0,1. Urgente (Chatarra)
ES182364970W,PRODUCT 1,10.0,4050.0,2. Alta (Renovación)
ES182298454Z,PRODUCT 1,36.0,4050.0,1. Urgente (Chatarra)
ES182141938M,PRODUCT 1,25.0,4050.0,1. Urgente (Chatarra)
ES182381081A,PRODUCT 1,15.0,4050.0,2. Alta (Renovación)
ES182295049Z,PRODUCT 1,19.0,4050.0,1. Urgente (Chatarra)
ES182384087L,PRODUCT 1,15.0,4050.0,2. Alta (Renovación)
ES182305865K,PRODUCT 1,27.0,4050.0,1. Urgente (Chatarra)
ES182161749D,PRODUCT 1,14.0,4050.0,2. Alta (Renovación)
ES182330974Y,PRODUCT 1,14.0,4050.0,2. Alta (Renovación)
ES182397199J,PRODUCT 1,16.0,4050.0,1. Urgente (Chatarra)
ES182249502A,PRODUCT 1,15.0,4050.0,2. Alta (Renovación)
ES182113978R,PRODUCT 1,11.0,4050.0,2. Alta (Renovación)
ES182138349Y,PRODUCT 1,12.0,4050.0,2. Alta (Renovación)
ES182318295A,PRODUCT 1,13.0,4050.0,2. Alta (Renovación)
ES182267574C,PRODUCT 1,11.0,4050.0,2. Alta (Renovación)
ES182122007F,PRODUCT 2,15.0,4050.0,2. Alta (Renovación)
ES182440777B,PRODUCT 1,18.0,4050.0,1. Urgente (Chatarra)
ES182181614P,PRODUCT 1,64.5,4050.0,1. Urgente (Chatarra)
ES182281816M,PRODUCT 1,14.0,4050.0,2. Alta (Renovación)
ES182242382V,PRODUCT 1,14.0,4050.0,2. Alta (Renovación)
ES182293183D,PRODUCT 1,18.0,4050.0,1. Urgente (Chatarra)
ES182395033I,PRODUCT 1,17.0,4050.0,1. Urgente (Chatarra)
ES182244284R,PRODUCT 1,13.0,4050.0,2. Alta (Renovación)
ES182244135I,PRODUCT 1,14.0,4050.0,2. Alta (Renovación)
ES182277578Y,PRODUCT 1,16.0,4050.0,1. Urgente (Chatarra)
ES182263119Q,PRODUCT 1,64.5,4050.0,1. Urgente (Chatarra)
ES182253547Z,PRODUCT 1,12.0,4050.0,2. Alta (Renovación)
ES182312450T,PRODUCT 1,13.0,4050.0,2. Alta (Renovación)
ES182291725J,PRODUCT 1,64.0,4050.0,1. Urgente (Chatarra)
ES182140690G,PRODUCT 1,16.0,4050.0,1. Urgente (Chatarra)
ES182358550V,PRODUCT 2,16.0,4050.0,1. Urgente (Chatarra)
ES182214636K,PRODUCT 1,10.0,4050.0,2. Alta (Renovación)
ES182380965Q,PRODUCT 1,18.0,4050.0,1. Urgente (Chatarra)
ES182302932Y,PRODUCT 2,12.0,4050.0,2. Alta (Renovación)
ES182138891K,PRODUCT 2,10.0,4050.0,2. Alta (Renovación)
ES182285187L,PRODUCT 1,19.0,4050.0,1. Urgente (Chatarra)
ES182309609K,PRODUCT 1,11.0,4050.0,2. Alta (Renovación)
ES182368454N,PRODUCT 1,13.0,4050.0,2. Alta (Renovación)
ES182227662R,PRODUCT 1,11.0,4050.0,2. Alta (Renovación)
ES182268255Q,PRODUCT 1,11.0,4050.0,2. Alta (Renovación)
ES182198574X,PRODUCT 1,12.0,4050.0,2. Alta (Renovación)
ES182213660A,PRODUCT 1,64.0,4050.0,1. Urgente (Chatarra)
ES182122789S,PRODUCT 1,16.0,4050.0,1. Urgente (Chatarra)
ES182357300L,PRODUCT 1,14.0,4050.0,2. Alta (Renovación)
ES182292927I,PRODUCT 1,64.0,4050.0,1. Urgente (Chatarra)
ES182240153A,PRODUCT 1,11.0,4050.0,2. Alta (Renovación)
ES182134002I,PRODUCT 1,10.0,4050.0,2. Alta (Renovación)
ES182142057C,PRODUCT 1,11.0,4050.0,2. Alta (Renovación)
ES182228096K,PRODUCT 2,17.0,4050.0,1. Urgente (Chatarra)
ES182320783I,PRODUCT 1,16.0,4050.0,1. Urgente (Chatarra)
ES182178088W,PRODUCT 1,25.0,4050.0,1. Urgente (Chatarra)
ES182205397J,PRODUCT 1,10.0,4050.0,2. Alta (Renovación)
ES182141831M,PRODUCT 1,10.0,4050.0,2. Alta (Renovación)
ES182178520S,PRODUCT 1,15.0,4050.0,2. Alta (Renovación)
ES182279629B,PRODUCT 1,20.0,4050.0,1. Urgente (Chatarra)
ES182245409P,PRODUCT 1,64.5,4050.0,1. Urgente (Chatarra)
ES182209183K,PRODUCT 1,12.0,4050.0,2. Alta (Renovación)
ES182106383T,PRODUCT 1,14.0,4050.0,2. Alta (Renovación)
ES182416963D,PRODUCT 1,12.0,4050.0,2. Alta (Renovación)
ES182370147J,PRODUCT 1,18.0,4050.0,1. Urgente (Chatarra)
ES182155729P,PRODUCT 1,16.0,4050.0,1. Urgente (Chatarra)
ES182306702N,PRODUCT 1,25.0,4050.0,1. Urgente (Chatarra)
ES182234368U,PRODUCT 1,10.0,4050.0,2. Alta (Renovación)
ES182392785J,PRODUCT 1,14.0,4050.0,2. Alta (Renovación)
ES182345612I,PRODUCT 1,21.0,4050.0,1. Urgente (Chatarra)
ES182102038Y,PRODUCT 2,14.0,4050.0,2. Alta (Renovación)
ES182416691Y,PRODUCT 1,21.0,4050.0,1. Urgente (Chatarra)
ES182359696B,PRODUCT 1,12.0,4050.0,2. Alta (Renovación)
ES182213507P,PRODUCT 1,11.0,4050.0,2. Alta (Renovación)
ES182282323K,PRODUCT 1,28.0,4050.0,1. Urgente (Chatarra)
ES182314015K,PRODUCT 1,18.0,4050.0,1. Urgente (Chatarra)
ES182107298T,PRODUCT 1,64.0,4050.0,1. Urgente (Chatarra)
ES182399059K,PRODUCT 1,13.0,4050.0,2. Alta (Renovación)
ES182295011L,PRODUCT 1,10.0,4050.0,2. Alta (Renovación)
ES182263959W,PRODUCT 1,10.0,4050.0,2. Alta (Renovación)
ES182170369L,PRODUCT 1,10.0,4050.0,2. Alta (Renovación)
ES182222431O,PRODUCT 1,13.0,4050.0,2. Alta (Renovación)
ES182198277G,PRODUCT 1,12.0,4050.0,2. Alta (Renovación)
ES182333580P,PRODUCT 1,13.0,4050.0,2. Alta (Renovación)
ES182314460V,PRODUCT 1,11.0,4050.0,2. Alta (Renovación)
ES182200872G,PRODUCT 1,29.0,4050.0,1. Urgente (Chatarra)
ES182256922V,PRODUCT 1,19.0,4050.0,1. Urgente (Chatarra)
ES182265327U,PRODUCT 1,14.0,4050.0,2. Alta (Renovación)
ES182376416A,PRODUCT 1,13.0,4050.0,2. Alta (Renovación)
ES182124676F,PRODUCT 1,14.0,4050.0,2. Alta (Renovación)
ES182348000Q,PRODUCT 1,11.0,4050.0,2. Alta (Renovación)
ES182379729Q,PRODUCT 1,13.0,4050.0,2. Alta (Renovación)
ES182221168R,PRODUCT 1,22.0,4050.0,1. Urgente (Chatarra)
ES182120445J,PRODUCT 1,12.0,4050.0,2. Alta (Renovación)
ES182102706L,PRODUCT 1,12.0,4050.0,2. Alta (Renovación)
ES182453210O,PRODUCT 1,13.0,4050.0,2. Alta (Renovación)
ES182100835C,PRODUCT 1,64.0,4050.0,1. Urgente (Chatarra)
ES182384934O,PRODUCT 1,15.0,4050.0,2. Alta (Renovación)
ES182316712G,PRODUCT 1,12.0,4050.0,2. Alta (Renovación)
ES182357838X,PRODUCT 1,12.0,4050.0,2. Alta (Renovación)
ES182231181S,PRODUCT 1,15.0,4050.0,2. Alta (Renovación)
ES182256505I,PRODUCT 2,10.0,4050.0,2. Alta (Renovación)
ES182342354C,PRODUCT 1,11.0,4050.0,2. Alta (Renovación)
ES182115616I,PRODUCT 1,11.0,4050.0,2. Alta (Renovación)
ES182132339U,PRODUCT 1,64.0,4050.0,1. Urgente (Chatarra)
ES182287385P,PRODUCT 1,13.0,4050.0,2. Alta (Renovación)
ES182340175N,PRODUCT 1,13.0,4050.0,2. Alta (Renovación)
ES182356142G,PRODUCT 1,64.5,4050.0,1. Urgente (Chatarra)
ES182154206A,PRODUCT 1,15.0,4050.0,2. Alta (Renovación)
ES182279264P,PRODUCT 1,31.0,4050.0,1. Urgente (Chatarra)
ES182298304X,PRODUCT 1,10.0,4050.0,2. Alta (Renovación)
ES182306342U,PRODUCT 1,12.0,4050.0,2. Alta (Renovación)
ES182130507M,PRODUCT 1,12.0,4050.0,2. Alta (Renovación)
ES182311439E,PRODUCT 1,14.0,4050.0,2. Alta (Renovación)
ES182324042Z,PRODUCT 1,10.0,4050.0,2. Alta (Renovación)
ES182446806O,PRODUCT 1,64.0,4050.0,1. Urgente (Chatarra)
ES182405888M,PRODUCT 1,11.0,4050.0,2. Alta (Renovación)
ES182288217V,PRODUCT 1,13.0,4050.0,2. Alta (Renovación)
ES182353723L,PRODUCT 1,15.0,4050.0,2. Alta (Renovación)
ES182369053C,PRODUCT 1,16.0,4050.0,1. Urgente (Chatarra)
ES182355399C,PRODUCT 1,14.0,4050.0,2. Alta (Renovación)
ES182398070N,PRODUCT 1,15.0,4050.0,2. Alta (Renovación)
ES182442421O,PRODUCT 1,27.0,4050.0,1. Urgente (Chatarra)
ES182335607N,PRODUCT 1,23.0,4050.0,1. Urgente (Chatarra)
ES182391936H,PRODUCT 1,26.0,4050.0,1. Urgente (Chatarra)
ES182223639Q,PRODUCT 1,14.0,4050.0,2. Alta (Renovación)
ES182374371I,PRODUCT 1,16.0,4050.0,1. Urgente (Chatarra)
ES182172850L,PRODUCT 1,15.0,4050.0,2. Alta (Renovación)
ES182227509I,PRODUCT 1,15.0,4050.0,2. Alta (Renovación)
ES182154859H,PRODUCT 1,14.0,4050.0,2. Alta (Renovación)
ES182381652N,PRODUCT 2,26.0,4050.0,1. Urgente (Chatarra)
ES182277091I,PRODUCT 1,21.0,4050.0,1. Urgente (Chatarra)
ES182283111B,PRODUCT 1,14.0,4050.0,2. Alta (Renovación)
ES182167225Z,PRODUCT 1,10.0,4050.0,2. Alta (Renovación)
ES182414020U,PRODUCT 1,14.0,4050.0,2. Alta (Renovación)
ES182244495S,PRODUCT 1,13.0,4050.0,2. Alta (Renovación)
ES182204649X,PRODUCT 1,22.0,4050.0,1. Urgente (Chatarra)
ES182308317R,PRODUCT 1,21.0,4050.0,1. Urgente (Chatarra)
ES182357710N,PRODUCT 1,64.0,4050.0,1. Urgente (Chatarra)
ES182289639B,PRODUCT 1,19.0,3996.0,1. Urgente (Chatarra)
ES182146450N,PRODUCT 1,22.0,3996.0,1. Urgente (Chatarra)
ES182338959E,PRODUCT 1,10.0,3996.0,2. Alta (Renovación)
ES182432212D,PRODUCT 1,26.0,3996.0,1. Urgente (Chatarra)
ES182333306I,PRODUCT 1,12.0,3996.0,2. Alta (Renovación)
ES182437291M,PRODUCT 1,13.0,3996.0,2. Alta (Renovación)
ES182440964Q,PRODUCT 2,21.0,3996.0,1. Urgente (Chatarra)
ES182296190N,PRODUCT 1,22.0,3996.0,1. Urgente (Chatarra)
ES182396695T,PRODUCT 1,10.0,3942.0,2. Alta (Renovación)
ES182142787O,PRODUCT 2,13.0,3942.0,2. Alta (Renovación)
ES182375478P,PRODUCT 1,10.0,3942.0,2. Alta (Renovación)
ES182342628I,PRODUCT 1,12.0,3942.0,2. Alta (Renovación)
ES182217603L,PRODUCT 1,14.0,3942.0,2. Alta (Renovación)
ES182359774I,PRODUCT 1,15.0,3942.0,2. Alta (Renovación)
ES182375154M,PRODUCT 1,13.0,3942.0,2. Alta (Renovación)
ES182128537J,PRODUCT 1,16.0,3942.0,1. Urgente (Chatarra)
ES182310386S,PRODUCT 1,64.0,3942.0,1. Urgente (Chatarra)
ES182253614L,PRODUCT 1,18.0,3888.0,1. Urgente (Chatarra)
ES182453803L,PRODUCT 1,13.0,3888.0,2. Alta (Renovación)
ES182145380A,PRODUCT 1,10.0,3888.0,2. Alta (Renovación)
ES182213893Y,PRODUCT 1,13.0,3888.0,2. Alta (Renovación)
ES182262836G,PRODUCT 1,42.0,3888.0,1. Urgente (Chatarra)
ES182350525E,PRODUCT 1,11.0,3888.0,2. Alta (Renovación)
ES182210711H,PRODUCT 1,21.0,3888.0,1. Urgente (Chatarra)
ES182426210C,PRODUCT 1,16.0,3888.0,1. Urgente (Chatarra)
ES182191367F,PRODUCT 1,16.0,3888.0,1. Urgente (Chatarra)
ES182159994Z,PRODUCT 2,11.0,3888.0,2. Alta (Renovación)
ES182311651T,PRODUCT 1,64.5,3888.0,1. Urgente (Chatarra)
ES182168512G,PRODUCT 1,64.0,3888.0,1. Urgente (Chatarra)
ES182274456S,PRODUCT 1,16.0,3888.0,1. Urgente (Chatarra)
ES182420578Q,PRODUCT 1,16.0,3834.0,1. Urgente (Chatarra)
ES182302848I,PRODUCT 1,25.0,3834.0,1. Urgente (Chatarra)
ES182150059K,PRODUCT 1,12.0,3805.06,2. Alta (Renovación)
ES182441506Y,PRODUCT 1,26.0,3780.0,1. Urgente (Chatarra)
ES182429735P,PRODUCT 1,18.0,3780.0,1. Urgente (Chatarra)
ES182372573B,PRODUCT 1,24.0,3780.0,1. Urgente (Chatarra)
ES182208493A,PRODUCT 1,12.0,3780.0,2. Alta (Renovación)
ES182225355A,PRODUCT 1,16.0,3780.0,1. Urgente (Chatarra)
ES182378165O,PRODUCT 1,20.0,3780.0,1. Urgente (Chatarra)
ES182402048O,PRODUCT 1,12.0,3780.0,2. Alta (Renovación)
ES182250064L,PRODUCT 1,11.0,3780.0,2. Alta (Renovación)
ES182109716L,PRODUCT 1,12.0,3780.0,2. Alta (Renovación)
ES182147562X,PRODUCT 1,20.0,3780.0,1. Urgente (Chatarra)
ES182254819G,PRODUCT 1,11.0,3780.0,2. Alta (Renovación)
ES182111303N,PRODUCT 2,10.0,3780.0,2. Alta (Renovación)
ES182316583J,PRODUCT 1,10.0,3780.0,2. Alta (Renovación)
ES182447348X,PRODUCT 1,12.0,3780.0,2. Alta (Renovación)
ES182400190Q,PRODUCT 1,12.0,3780.0,2. Alta (Renovación)
ES182455101V,PRODUCT 1,25.0,3780.0,1. Urgente (Chatarra)
ES182283541L,PRODUCT 2,64.0,3780.0,1. Urgente (Chatarra)
ES182369195D,PRODUCT 1,11.0,3780.0,2. Alta (Renovación)
ES182226304D,PRODUCT 1,16.0,3780.0,1. Urgente (Chatarra)
ES182152025O,PRODUCT 1,10.0,3780.0,2. Alta (Renovación)
ES182317067B,PRODUCT 1,12.0,3780.0,2. Alta (Renovación)
ES182286802A,PRODUCT 1,13.0,3780.0,2. Alta (Renovación)
ES182401648X,PRODUCT 1,12.0,3780.0,2. Alta (Renovación)
ES182147600Q,PRODUCT 1,11.0,3780.0,2. Alta (Renovación)
ES182168095F,PRODUCT 1,14.0,3780.0,2. Alta (Renovación)
ES182455873L,PRODUCT 1,15.0,3780.0,2. Alta (Renovación)
ES182251985Q,PRODUCT 1,17.0,3780.0,1. Urgente (Chatarra)
ES182347608K,PRODUCT 1,22.0,3780.0,1. Urgente (Chatarra)
ES182352164A,PRODUCT 1,29.0,3780.0,1. Urgente (Chatarra)
ES182362613O,PRODUCT 1,17.0,3780.0,1. Urgente (Chatarra)
ES182447247A,PRODUCT 1,10.0,3780.0,2. Alta (Renovación)
ES182400428N,PRODUCT 1,21.0,3780.0,1. Urgente (Chatarra)
ES182174686F,PRODUCT 2,12.0,3780.0,2. Alta (Renovación)
ES182208018S,PRODUCT 1,31.0,3780.0,1. Urgente (Chatarra)
ES182227527M,PRODUCT 1,14.0,3780.0,2. Alta (Renovación)
ES182360040C,PRODUCT 1,10.0,3780.0,2. Alta (Renovación)
ES182339620U,PRODUCT 1,22.0,3780.0,1. Urgente (Chatarra)
ES182345842D,PRODUCT 2,13.0,3780.0,2. Alta (Renovación)
ES182143458R,PRODUCT 1,13.0,3780.0,2. Alta (Renovación)
ES182389337U,PRODUCT 1,13.0,3780.0,2. Alta (Renovación)
ES182153554X,PRODUCT 1,16.0,3780.0,1. Urgente (Chatarra)
ES182148387Z,PRODUCT 1,14.0,3780.0,2. Alta (Renovación)
ES182194744E,PRODUCT 1,13.0,3780.0,2. Alta (Renovación)
ES182401423E,PRODUCT 1,13.0,3780.0,2. Alta (Renovación)
ES182385015C,PRODUCT 1,16.0,3780.0,1. Urgente (Chatarra)
ES182352934C,PRODUCT 1,10.0,3780.0,2. Alta (Renovación)
ES182242576E,PRODUCT 1,19.0,3780.0,1. Urgente (Chatarra)
ES182216069S,PRODUCT 1,17.0,3780.0,1. Urgente (Chatarra)
ES182141582Q,PRODUCT 1,16.0,3780.0,1. Urgente (Chatarra)
ES182382574Z,PRODUCT 1,16.0,3780.0,1. Urgente (Chatarra)
ES182162987T,PRODUCT 1,64.0,3780.0,1. Urgente (Chatarra)
ES182152926A,PRODUCT 1,12.0,3780.0,2. Alta (Renovación)
ES182314394U,PRODUCT 1,10.0,3780.0,2. Alta (Renovación)
ES182376192V,PRODUCT 1,13.0,3780.0,2. Alta (Renovación)
ES182321838X,PRODUCT 1,12.0,3780.0,2. Alta (Renovación)
ES182176158P,PRODUCT 1,16.0,3780.0,1. Urgente (Chatarra)
ES182112399Q,PRODUCT 1,14.0,3780.0,2. Alta (Renovación)
ES182414982A,PRODUCT 1,19.0,3780.0,1. Urgente (Chatarra)
ES182400098L,PRODUCT 1,12.0,3780.0,2. Alta (Renovación)
ES182329470T,PRODUCT 1,16.0,3780.0,1. Urgente (Chatarra)
ES182243863L,PRODUCT 1,15.0,3780.0,2. Alta (Renovación)
ES182264082L,PRODUCT 1,27.0,3780.0,1. Urgente (Chatarra)
ES182275844K,PRODUCT 1,10.0,3780.0,2. Alta (Renovación)
ES182312463Z,PRODUCT 1,13.0,3780.0,2. Alta (Renovación)
ES182388406R,PRODUCT 2,34.0,3780.0,1. Urgente (Chatarra)
ES182272660X,PRODUCT 1,20.0,3780.0,1. Urgente (Chatarra)
ES182208458M,PRODUCT 1,15.0,3780.0,2. Alta (Renovación)
ES182206289X,PRODUCT 2,13.0,3780.0,2. Alta (Renovación)
ES182313182G,PRODUCT 1,22.0,3780.0,1. Urgente (Chatarra)
ES182185301M,PRODUCT 1,11.0,3780.0,2. Alta (Renovación)
ES182316509F,PRODUCT 1,11.0,3780.0,2. Alta (Renovación)
ES182164928J,PRODUCT 2,24.0,3780.0,1. Urgente (Chatarra)
ES182354703U,PRODUCT 1,20.0,3780.0,1. Urgente (Chatarra)
ES182283349A,PRODUCT 1,28.0,3780.0,1. Urgente (Chatarra)
ES182310041Q,PRODUCT 1,16.0,3780.0,1. Urgente (Chatarra)
ES182334869U,PRODUCT 1,29.0,3780.0,1. Urgente (Chatarra)
ES182186107D,PRODUCT 1,10.0,3780.0,2. Alta (Renovación)
ES182325272Y,PRODUCT 1,14.0,3780.0,2. Alta (Renovación)
ES182359469S,PRODUCT 1,11.0,3780.0,2. Alta (Renovación)
ES182185648T,PRODUCT 1,11.0,3780.0,2. Alta (Renovación)
ES182386104W,PRODUCT 1,12.0,3780.0,2. Alta (Renovación)
ES182395145X,PRODUCT 2,11.0,3780.0,2. Alta (Renovación)
ES182132992F,PRODUCT 1,19.0,3780.0,1. Urgente (Chatarra)
ES182422951D,PRODUCT 1,16.0,3780.0,1. Urgente (Chatarra)
ES182144762M,PRODUCT 1,64.0,3780.0,1. Urgente (Chatarra)
ES182237232O,PRODUCT 2,10.0,3780.0,2. Alta (Renovación)
ES182434032C,PRODUCT 1,11.0,3780.0,2. Alta (Renovación)
ES182324897U,PRODUCT 1,64.0,3780.0,1. Urgente (Chatarra)
ES182206021V,PRODUCT 1,64.0,3780.0,1. Urgente (Chatarra)
ES182318661U,PRODUCT 1,22.0,3780.0,1. Urgente (Chatarra)
ES182229975Y,PRODUCT 1,19.0,3780.0,1. Urgente (Chatarra)
ES182203948M,PRODUCT 1,15.0,3780.0,2. Alta (Renovación)
ES182332812M,PRODUCT 1,16.0,3780.0,1. Urgente (Chatarra)
ES182409392J,PRODUCT 1,11.0,3780.0,2. Alta (Renovación)
ES182291664M,PRODUCT 1,11.0,3780.0,2. Alta (Renovación)
ES182305761N,PRODUCT 1,23.0,3780.0,1. Urgente (Chatarra)
ES182229586G,PRODUCT 1,20.0,3780.0,1. Urgente (Chatarra)
ES182314806S,PRODUCT 1,12.0,3780.0,2. Alta (Renovación)
ES182206893N,PRODUCT 1,11.0,3780.0,2. Alta (Renovación)
ES182240094M,PRODUCT 1,11.0,3780.0,2. Alta (Renovación)
ES182273652M,PRODUCT 1,25.0,3780.0,1. Urgente (Chatarra)
ES182360203C,PRODUCT 1,15.0,3780.0,2. Alta (Renovación)
ES182444499T,PRODUCT 1,14.0,3780.0,2. Alta (Renovación)
ES182364395P,PRODUCT 1,13.0,3780.0,2. Alta (Renovación)
ES182283411D,PRODUCT 1,10.0,3780.0,2. Alta (Renovación)
ES182226839R,PRODUCT 1,20.0,3780.0,1. Urgente (Chatarra)
ES182352615P,PRODUCT 1,18.0,3780.0,1. Urgente (Chatarra)
ES182290255Y,PRODUCT 1,11.0,3780.0,2. Alta (Renovación)
ES182333492A,PRODUCT 2,11.0,3780.0,2. Alta (Renovación)
ES182375943A,PRODUCT 1,11.0,3780.0,2. Alta (Renovación)
ES182453225A,PRODUCT 1,16.0,3780.0,1. Urgente (Chatarra)
ES182249586G,PRODUCT 1,18.0,3780.0,1. Urgente (Chatarra)
ES182294267B,PRODUCT 1,10.0,3780.0,2. Alta (Renovación)
ES182139123B,PRODUCT 1,17.0,3780.0,1. Urgente (Chatarra)
ES182339502W,PRODUCT 1,16.0,3780.0,1. Urgente (Chatarra)
ES182166312L,PRODUCT 1,11.0,3780.0,2. Alta (Renovación)
ES182318545X,PRODUCT 1,14.0,3780.0,2. Alta (Renovación)
ES182183314O,PRODUCT 1,23.0,3780.0,1. Urgente (Chatarra)
ES182345707K,PRODUCT 1,14.0,3780.0,2. Alta (Renovación)
ES182425609B,PRODUCT 1,16.0,3780.0,1. Urgente (Chatarra)
ES182248935J,PRODUCT 1,20.0,3780.0,1. Urgente (Chatarra)
ES182331970O,PRODUCT 1,14.0,3780.0,2. Alta (Renovación)
ES182341397U,PRODUCT 1,10.0,3780.0,2. Alta (Renovación)
ES182162183J,PRODUCT 1,15.0,3780.0,2. Alta (Renovación)
ES182446221A,PRODUCT 1,13.0,3780.0,2. Alta (Renovación)
ES182364845H,PRODUCT 1,11.0,3780.0,2. Alta (Renovación)
ES182263943X,PRODUCT 1,15.0,3780.0,2. Alta (Renovación)
ES182218456L,PRODUCT 1,64.0,3780.0,1. Urgente (Chatarra)
ES182416108X,PRODUCT 1,21.0,3780.0,1. Urgente (Chatarra)
ES182159349K,PRODUCT 1,10.0,3780.0,2. Alta (Renovación)
ES182203809H,PRODUCT 2,14.0,3780.0,2. Alta (Renovación)
ES182382290F,PRODUCT 1,25.0,3780.0,1. Urgente (Chatarra)
ES182426905Q,PRODUCT 1,64.0,3780.0,1. Urgente (Chatarra)
ES182421796D,PRODUCT 2,14.0,3780.0,2. Alta (Renovación)
ES182400955O,PRODUCT 1,17.0,3780.0,1. Urgente (Chatarra)
ES182159264O,PRODUCT 1,13.0,3780.0,2. Alta (Renovación)
ES182312059P,PRODUCT 1,12.0,3780.0,2. Alta (Renovación)
ES182157187O,PRODUCT 1,27.0,3780.0,1. Urgente (Chatarra)
ES182321422F,PRODUCT 1,64.5,3780.0,1. Urgente (Chatarra)
ES182346744Q,PRODUCT 1,11.0,3780.0,2. Alta (Renovación)
ES182167482Z,PRODUCT 1,10.0,3780.0,2. Alta (Renovación)
ES182132388X,PRODUCT 1,11.0,3780.0,2. Alta (Renovación)
ES182411907P,PRODUCT 1,11.0,3780.0,2. Alta (Renovación)
ES182127601F,PRODUCT 1,16.0,3780.0,1. Urgente (Chatarra)
ES182286351B,PRODUCT 1,28.0,3780.0,1. Urgente (Chatarra)
ES182314901R,PRODUCT 1,15.0,3780.0,2. Alta (Renovación)
ES182257966B,PRODUCT 2,11.0,3780.0,2. Alta (Renovación)
ES182339623L,PRODUCT 1,16.0,3780.0,1. Urgente (Chatarra)
ES182421735I,PRODUCT 1,14.0,3780.0,2. Alta (Renovación)
ES182362230L,PRODUCT 1,12.0,3780.0,2. Alta (Renovación)
ES182128087J,PRODUCT 1,19.0,3780.0,1. Urgente (Chatarra)
ES182124590K,PRODUCT 1,15.0,3780.0,2. Alta (Renovación)
ES182142395P,PRODUCT 1,12.0,3780.0,2. Alta (Renovación)
ES182359794E,PRODUCT 1,64.0,3780.0,1. Urgente (Chatarra)
ES182254333A,PRODUCT 1,32.0,3780.0,1. Urgente (Chatarra)
ES182170434R,PRODUCT 1,27.0,3780.0,1. Urgente (Chatarra)
ES182135165Y,PRODUCT 1,11.0,3780.0,2. Alta (Renovación)
ES182129618O,PRODUCT 1,26.0,3780.0,1. Urgente (Chatarra)
ES182299283L,PRODUCT 1,21.0,3780.0,1. Urgente (Chatarra)
ES182133614C,PRODUCT 1,10.0,3780.0,2. Alta (Renovación)
ES182402893V,PRODUCT 1,20.0,3780.0,1. Urgente (Chatarra)
ES182133514R,PRODUCT 1,10.0,3780.0,2. Alta (Renovación)
ES182165418E,PRODUCT 1,64.0,3780.0,1. Urgente (Chatarra)
ES182292624V,PRODUCT 1,10.0,3780.0,2. Alta (Renovación)
ES182193830Y,PRODUCT 2,21.0,3780.0,1. Urgente (Chatarra)
ES182278589S,PRODUCT 1,14.0,3780.0,2. Alta (Renovación)
ES182263605A,PRODUCT 1,19.0,3780.0,1. Urgente (Chatarra)
ES182418569R,PRODUCT 1,23.0,3780.0,1. Urgente (Chatarra)
ES182193497V,PRODUCT 1,23.0,3780.0,1. Urgente (Chatarra)
ES182352546U,PRODUCT 1,11.0,3780.0,2. Alta (Renovación)
ES182212603C,PRODUCT 1,14.0,3780.0,2. Alta (Renovación)
ES182265538V,PRODUCT 1,64.0,3780.0,1. Urgente (Chatarra)
ES182111098D,PRODUCT 1,10.0,3780.0,2. Alta (Renovación)
ES182311021E,PRODUCT 1,11.0,3780.0,2. Alta (Renovación)
ES182154426N,PRODUCT 1,27.0,3780.0,1. Urgente (Chatarra)
ES182230385L,PRODUCT 1,12.0,3780.0,2. Alta (Renovación)
ES182390831Y,PRODUCT 1,22.0,3780.0,1. Urgente (Chatarra)
ES182244357F,PRODUCT 1,12.0,3780.0,2. Alta (Renovación)
ES182363346C,PRODUCT 1,44.0,3780.0,1. Urgente (Chatarra)
ES182365654N,PRODUCT 1,18.0,3780.0,1. Urgente (Chatarra)
ES182203837O,PRODUCT 1,11.0,3780.0,2. Alta (Renovación)
ES182329738M,PRODUCT 1,27.0,3780.0,1. Urgente (Chatarra)
ES182289432F,PRODUCT 1,22.0,3780.0,1. Urgente (Chatarra)
ES182102233W,PRODUCT 1,16.0,3780.0,1. Urgente (Chatarra)
ES182217053I,PRODUCT 1,10.0,3780.0,2. Alta (Renovación)
ES182354125K,PRODUCT 2,12.0,3780.0,2. Alta (Renovación)
ES182317908L,PRODUCT 1,10.0,3780.0,2. Alta (Renovación)
ES182210213P,PRODUCT 1,21.0,3780.0,1. Urgente (Chatarra)
ES182306188I,PRODUCT 1,10.0,3780.0,2. Alta (Renovación)
ES182129130R,PRODUCT 2,18.0,3780.0,1. Urgente (Chatarra)
ES182337962R,PRODUCT 1,15.0,3780.0,2. Alta (Renovación)
ES182106998Q,PRODUCT 1,25.0,3780.0,1. Urgente (Chatarra)
ES182126585I,PRODUCT 1,10.0,3780.0,2. Alta (Renovación)
ES182126565Y,PRODUCT 1,21.0,3780.0,1. Urgente (Chatarra)
ES182366802G,PRODUCT 1,10.0,3780.0,2. Alta (Renovación)
ES182339662E,PRODUCT 1,15.0,3780.0,2. Alta (Renovación)
ES182349461S,PRODUCT 1,18.0,3780.0,1. Urgente (Chatarra)
ES182210661I,PRODUCT 1,15.0,3780.0,2. Alta (Renovación)
ES182335836E,PRODUCT 1,12.0,3780.0,2. Alta (Renovación)
ES182139937T,PRODUCT 1,11.0,3780.0,2. Alta (Renovación)
ES182412834X,PRODUCT 1,14.0,3780.0,2. Alta (Renovación)
ES182143101W,PRODUCT 1,18.0,3780.0,1. Urgente (Chatarra)
ES182120765E,PRODUCT 1,14.0,3780.0,2. Alta (Renovación)
ES182120159V,PRODUCT 1,12.0,3780.0,2. Alta (Renovación)
ES182287341E,PRODUCT 1,12.0,3780.0,2. Alta (Renovación)
ES182375981E,PRODUCT 1,12.0,3780.0,2. Alta (Renovación)
ES182145351W,PRODUCT 1,14.0,3780.0,2. Alta (Renovación)
ES182178730D,PRODUCT 1,16.0,3780.0,1. Urgente (Chatarra)
ES182158625K,PRODUCT 1,17.0,3780.0,1. Urgente (Chatarra)
ES182194927J,PRODUCT 1,17.0,3780.0,1. Urgente (Chatarra)
ES182280440Z,PRODUCT 1,64.0,3780.0,1. Urgente (Chatarra)
ES182396863E,PRODUCT 1,25.0,3780.0,1. Urgente (Chatarra)
ES182278977W,PRODUCT 1,13.0,3780.0,2. Alta (Renovación)
ES182390232P,PRODUCT 1,19.0,3780.0,1. Urgente (Chatarra)
ES182107266H,PRODUCT 1,16.0,3780.0,1. Urgente (Chatarra)
ES182276538S,PRODUCT 1,16.0,3780.0,1. Urgente (Chatarra)
ES182250751W,PRODUCT 1,12.0,3780.0,2. Alta (Renovación)
ES182400580C,PRODUCT 1,10.0,3780.0,2. Alta (Renovación)
ES182440967W,PRODUCT 1,13.0,3780.0,2. Alta (Renovación)
ES182380680Q,PRODUCT 1,15.0,3780.0,2. Alta (Renovación)
ES182111293I,PRODUCT 1,16.0,3780.0,1. Urgente (Chatarra)
ES182308195H,PRODUCT 1,64.0,3780.0,1. Urgente (Chatarra)
ES182174763C,PRODUCT 1,11.0,3780.0,2. Alta (Renovación)
ES182304068P,PRODUCT 1,14.0,3780.0,2. Alta (Renovación)
ES182247398Q,PRODUCT 1,13.0,3780.0,2. Alta (Renovación)
ES182390082K,PRODUCT 1,13.0,3780.0,2. Alta (Renovación)
ES182357526U,PRODUCT 1,21.0,3780.0,1. Urgente (Chatarra)
ES182122928A,PRODUCT 1,21.0,3780.0,1. Urgente (Chatarra)
ES182143922Q,PRODUCT 1,10.0,3780.0,2. Alta (Renovación)
ES182223865V,PRODUCT 1,11.0,3780.0,2. Alta (Renovación)
ES182326519L,PRODUCT 1,10.0,3780.0,2. Alta (Renovación)
ES182310996N,PRODUCT 1,12.0,3780.0,2. Alta (Renovación)
ES182122865W,PRODUCT 1,11.0,3780.0,2. Alta (Renovación)
ES182421481Y,PRODUCT 1,13.0,3780.0,2. Alta (Renovación)
ES182118541O,PRODUCT 1,19.0,3780.0,1. Urgente (Chatarra)
ES182441310F,PRODUCT 1,12.0,3780.0,2. Alta (Renovación)
ES182269340B,PRODUCT 1,15.0,3780.0,2. Alta (Renovación)
ES182293928M,PRODUCT 1,18.0,3780.0,1. Urgente (Chatarra)
ES182428932V,PRODUCT 1,14.0,3780.0,2. Alta (Renovación)
ES182174751C,PRODUCT 1,64.5,3780.0,1. Urgente (Chatarra)
ES182112050L,PRODUCT 1,64.0,3780.0,1. Urgente (Chatarra)
ES182365036X,PRODUCT 1,10.0,3780.0,2. Alta (Renovación)
ES182118761P,PRODUCT 1,11.0,3780.0,2. Alta (Renovación)
ES182114474Q,PRODUCT 1,14.0,3780.0,2. Alta (Renovación)
ES182203610Z,PRODUCT 1,10.0,3780.0,2. Alta (Renovación)
ES182407653T,PRODUCT 1,11.0,3780.0,2. Alta (Renovación)
ES182246406I,PRODUCT 1,14.0,3780.0,2. Alta (Renovación)
ES182344050J,PRODUCT 1,13.0,3780.0,2. Alta (Renovación)
ES182139766A,PRODUCT 1,13.0,3780.0,2. Alta (Renovación)
ES182224988A,PRODUCT 1,18.0,3780.0,1. Urgente (Chatarra)
ES182399216R,PRODUCT 1,22.0,3780.0,1. Urgente (Chatarra)
ES182279650I,PRODUCT 1,13.0,3780.0,2. Alta (Renovación)
ES182162869Z,PRODUCT 1,10.0,3780.0,2. Alta (Renovación)
ES182270202R,PRODUCT 1,13.0,3780.0,2. Alta (Renovación)
ES182301471X,PRODUCT 1,10.0,3780.0,2. Alta (Renovación)
ES182390532N,PRODUCT 1,13.0,3780.0,2. Alta (Renovación)
ES182253770M,PRODUCT 1,15.0,3780.0,2. Alta (Renovación)
ES182164658M,PRODUCT 1,17.0,3780.0,1. Urgente (Chatarra)
ES182210574Y,PRODUCT 1,20.0,3780.0,1. Urgente (Chatarra)
ES182129941F,PRODUCT 1,24.0,3780.0,1. Urgente (Chatarra)
ES182423049Z,PRODUCT 1,11.0,3780.0,2. Alta (Renovación)
ES182212564L,PRODUCT 1,14.0,3780.0,2. Alta (Renovación)
ES182137801M,PRODUCT 1,10.0,3780.0,2. Alta (Renovación)
ES182140032Q,PRODUCT 1,12.0,3780.0,2. Alta (Renovación)
ES182331284N,PRODUCT 1,10.0,3780.0,2. Alta (Renovación)
ES182195390V,PRODUCT 1,13.0,3780.0,2. Alta (Renovación)
ES182148552B,PRODUCT 1,25.0,3780.0,1. Urgente (Chatarra)
ES182372062Q,PRODUCT 1,29.0,3780.0,1. Urgente (Chatarra)
ES182282050P,PRODUCT 1,19.0,3780.0,1. Urgente (Chatarra)
ES182105849O,PRODUCT 1,16.0,3780.0,1. Urgente (Chatarra)
ES182427744O,PRODUCT 1,11.0,3780.0,2. Alta (Renovación)
ES182385424T,PRODUCT 1,18.0,3780.0,1. Urgente (Chatarra)
ES182159180A,PRODUCT 1,24.0,3780.0,1. Urgente (Chatarra)
ES182123068G,PRODUCT 1,14.0,3780.0,2. Alta (Renovación)
ES182381928M,PRODUCT 1,20.0,3780.0,1. Urgente (Chatarra)
ES182161413D,PRODUCT 2,16.0,3780.0,1. Urgente (Chatarra)
ES182385025X,PRODUCT 2,11.0,3780.0,2. Alta (Renovación)
ES182444079P,PRODUCT 1,16.0,3780.0,1. Urgente (Chatarra)
ES182260963G,PRODUCT 1,21.0,3780.0,1. Urgente (Chatarra)
ES182384285W,PRODUCT 1,64.5,3780.0,1. Urgente (Chatarra)
ES182167786D,PRODUCT 1,25.0,3780.0,1. Urgente (Chatarra)
ES182261026B,PRODUCT 2,11.0,3780.0,2. Alta (Renovación)
ES182367726A,PRODUCT 1,15.0,3780.0,2. Alta (Renovación)
ES182238573A,PRODUCT 1,15.0,3780.0,2. Alta (Renovación)
ES182128900Q,PRODUCT 1,17.0,3780.0,1. Urgente (Chatarra)
ES182293673E,PRODUCT 1,12.0,3780.0,2. Alta (Renovación)
ES182181008H,PRODUCT 1,17.0,3780.0,1. Urgente (Chatarra)
ES182180174G,PRODUCT 1,15.0,3780.0,2. Alta (Renovación)
ES182380098H,PRODUCT 1,14.0,3780.0,2. Alta (Renovación)
ES182343711Y,PRODUCT 1,64.0,3780.0,1. Urgente (Chatarra)
ES182393087I,PRODUCT 1,11.0,3780.0,2. Alta (Renovación)
ES182415809H,PRODUCT 1,12.0,3780.0,2. Alta (Renovación)
ES182358860K,PRODUCT 1,11.0,3780.0,2. Alta (Renovación)
ES182234060T,PRODUCT 1,19.0,3780.0,1. Urgente (Chatarra)
ES182180972K,PRODUCT 1,17.0,3780.0,1. Urgente (Chatarra)
ES182277851H,PRODUCT 1,17.0,3780.0,1. Urgente (Chatarra)
ES182411941Y,PRODUCT 1,17.0,3780.0,1. Urgente (Chatarra)
ES182111558W,PRODUCT 1,16.0,3780.0,1. Urgente (Chatarra)
ES182144944K,PRODUCT 1,18.0,3780.0,1. Urgente (Chatarra)
ES182275827S,PRODUCT 1,11.0,3780.0,2. Alta (Renovación)
ES182166056A,PRODUCT 1,19.0,3780.0,1. Urgente (Chatarra)
ES182426575P,PRODUCT 1,10.0,3780.0,2. Alta (Renovación)
ES182131835J,PRODUCT 1,17.0,3780.0,1. Urgente (Chatarra)
ES182226999A,PRODUCT 1,10.0,3780.0,2. Alta (Renovación)
ES182334011R,PRODUCT 1,14.0,3780.0,2. Alta (Renovación)
ES182164421V,PRODUCT 1,27.0,3780.0,1. Urgente (Chatarra)
ES182374859H,PRODUCT 1,12.0,3780.0,2. Alta (Renovación)
ES182184830M,PRODUCT 1,19.0,3780.0,1. Urgente (Chatarra)
ES182444705S,PRODUCT 1,10.0,3780.0,2. Alta (Renovación)
ES182214565Y,PRODUCT 1,15.0,3780.0,2. Alta (Renovación)
ES182113836L,PRODUCT 1,12.0,3780.0,2. Alta (Renovación)
ES182211531Z,PRODUCT 1,18.0,3780.0,1. Urgente (Chatarra)
ES182297907L,PRODUCT 2,14.0,3780.0,2. Alta (Renovación)
ES182349454C,PRODUCT 1,28.0,3780.0,1. Urgente (Chatarra)
ES182216567P,PRODUCT 1,16.0,3780.0,1. Urgente (Chatarra)
ES182140625J,PRODUCT 2,19.0,3780.0,1. Urgente (Chatarra)
ES182286060C,PRODUCT 1,10.0,3780.0,2. Alta (Renovación)
ES182227432C,PRODUCT 1,10.0,3780.0,2. Alta (Renovación)
ES182401985W,PRODUCT 1,64.5,3780.0,1. Urgente (Chatarra)
ES182248768X,PRODUCT 1,11.0,3780.0,2. Alta (Renovación)
ES182105098Q,PRODUCT 1,11.0,3780.0,2. Alta (Renovación)
ES182198305D,PRODUCT 1,64.5,3780.0,1. Urgente (Chatarra)
ES182127393X,PRODUCT 1,12.0,3780.0,2. Alta (Renovación)
ES182190624M,PRODUCT 1,26.0,3780.0,1. Urgente (Chatarra)
ES182372931M,PRODUCT 1,16.0,3780.0,1. Urgente (Chatarra)
ES182285954N,PRODUCT 1,14.0,3780.0,2. Alta (Renovación)
ES182101914M,PRODUCT 2,23.0,3780.0,1. Urgente (Chatarra)
ES182365398H,PRODUCT 1,13.0,3780.0,2. Alta (Renovación)
ES182392768A,PRODUCT 1,15.0,3780.0,2. Alta (Renovación)
ES182178714Q,PRODUCT 1,13.0,3780.0,2. Alta (Renovación)
ES182384674F,PRODUCT 1,26.0,3780.0,1. Urgente (Chatarra)
ES182261024O,PRODUCT 1,12.0,3780.0,2. Alta (Renovación)
ES182125620J,PRODUCT 1,13.0,3780.0,2. Alta (Renovación)
ES182382844N,PRODUCT 1,10.0,3780.0,2. Alta (Renovación)
ES182443331P,PRODUCT 1,10.0,3780.0,2. Alta (Renovación)
ES182229489C,PRODUCT 1,14.0,3780.0,2. Alta (Renovación)
ES182234993Z,PRODUCT 1,15.0,3780.0,2. Alta (Renovación)
ES182358570I,PRODUCT 1,11.0,3780.0,2. Alta (Renovación)
ES182380729J,PRODUCT 1,10.0,3780.0,2. Alta (Renovación)
ES182187290O,PRODUCT 1,11.0,3780.0,2. Alta (Renovación)
ES182128010Y,PRODUCT 1,17.0,3780.0,1. Urgente (Chatarra)
ES182378933I,PRODUCT 1,16.0,3780.0,1. Urgente (Chatarra)
ES182365941K,PRODUCT 2,24.0,3780.0,1. Urgente (Chatarra)
ES182380021R,PRODUCT 1,15.0,3780.0,2. Alta (Renovación)
ES182271560Q,PRODUCT 1,12.0,3780.0,2. Alta (Renovación)
ES182253185B,PRODUCT 1,22.0,3780.0,1. Urgente (Chatarra)
ES182448434B,PRODUCT 1,10.0,3780.0,2. Alta (Renovación)
ES182424779U,PRODUCT 2,25.0,3780.0,1. Urgente (Chatarra)
ES182432945B,PRODUCT 1,16.0,3780.0,1. Urgente (Chatarra)
ES182281799D,PRODUCT 1,10.0,3780.0,2. Alta (Renovación)
ES182167852F,PRODUCT 1,15.0,3780.0,2. Alta (Renovación)
ES182101145T,PRODUCT 1,19.0,3780.0,1. Urgente (Chatarra)
ES182448568Q,PRODUCT 1,19.0,3780.0,1. Urgente (Chatarra)
ES182269348R,PRODUCT 1,21.0,3780.0,1. Urgente (Chatarra)
ES182350092V,PRODUCT 1,20.0,3780.0,1. Urgente (Chatarra)
ES182415148E,PRODUCT 1,11.0,3780.0,2. Alta (Renovación)
ES182186470C,PRODUCT 1,15.0,3780.0,2. Alta (Renovación)
ES182213353A,PRODUCT 1,18.0,3780.0,1. Urgente (Chatarra)
ES182160565H,PRODUCT 1,22.0,3780.0,1. Urgente (Chatarra)
ES182401849H,PRODUCT 1,11.0,3780.0,2. Alta (Renovación)
ES182429416M,PRODUCT 1,19.0,3780.0,1. Urgente (Chatarra)
ES182100957M,PRODUCT 1,11.0,3780.0,2. Alta (Renovación)
ES182129547N,PRODUCT 1,64.0,3780.0,1. Urgente (Chatarra)
ES182339437R,PRODUCT 1,13.0,3780.0,2. Alta (Renovación)
ES182192923F,PRODUCT 1,19.0,3780.0,1. Urgente (Chatarra)
ES182149152C,PRODUCT 1,24.0,3780.0,1. Urgente (Chatarra)
ES182288695A,PRODUCT 1,64.0,3780.0,1. Urgente (Chatarra)
ES182237107B,PRODUCT 1,10.0,3780.0,2. Alta (Renovación)
ES182216528J,PRODUCT 1,10.0,3780.0,2. Alta (Renovación)
ES182217643N,PRODUCT 1,17.0,3780.0,1. Urgente (Chatarra)
ES182384662M,PRODUCT 1,14.0,3780.0,2. Alta (Renovación)
ES182318313Z,PRODUCT 1,64.0,3780.0,1. Urgente (Chatarra)
ES182160261Y,PRODUCT 1,10.0,3780.0,2. Alta (Renovación)
ES182369176D,PRODUCT 2,17.0,3780.0,1. Urgente (Chatarra)
ES182421788L,PRODUCT 1,14.0,3780.0,2. Alta (Renovación)
ES182353655V,PRODUCT 1,12.0,3780.0,2. Alta (Renovación)
ES182237042R,PRODUCT 1,12.0,3780.0,2. Alta (Renovación)
ES182315484L,PRODUCT 1,10.0,3780.0,2. Alta (Renovación)
ES182210225G,PRODUCT 1,15.0,3780.0,2. Alta (Renovación)
ES182379443V,PRODUCT 1,10.0,3780.0,2. Alta (Renovación)
ES182185871C,PRODUCT 1,10.0,3780.0,2. Alta (Renovación)
ES182420808Q,PRODUCT 1,32.0,3780.0,1. Urgente (Chatarra)
ES182159784Z,PRODUCT 2,10.0,3780.0,2. Alta (Renovación)
ES182283828U,PRODUCT 1,35.0,3780.0,1. Urgente (Chatarra)
ES182119849Q,PRODUCT 2,22.0,3780.0,1. Urgente (Chatarra)
ES182320649X,PRODUCT 1,12.0,3780.0,2. Alta (Renovación)
ES182387345Y,PRODUCT 1,13.0,3780.0,2. Alta (Renovación)
ES182180023I,PRODUCT 1,12.0,3780.0,2. Alta (Renovación)
ES182104462E,PRODUCT 1,11.0,3780.0,2. Alta (Renovación)
ES182120426R,PRODUCT 1,12.0,3780.0,2. Alta (Renovación)
ES182419445K,PRODUCT 1,12.0,3780.0,2. Alta (Renovación)
ES182353802F,PRODUCT 1,10.0,3780.0,2. Alta (Renovación)
ES182155263H,PRODUCT 1,17.0,3780.0,1. Urgente (Chatarra)
ES182422601A,PRODUCT 1,12.0,3780.0,2. Alta (Renovación)
ES182451317H,PRODUCT 1,45.0,3780.0,1. Urgente (Chatarra)
ES182295802W,PRODUCT 1,10.0,3780.0,2. Alta (Renovación)
ES182242429W,PRODUCT 1,11.0,3780.0,2. Alta (Renovación)
ES182213126A,PRODUCT 1,16.0,3780.0,1. Urgente (Chatarra)
ES182376263V,PRODUCT 1,18.0,3780.0,1. Urgente (Chatarra)
ES182118256O,PRODUCT 2,28.0,3780.0,1. Urgente (Chatarra)
ES182250378D,PRODUCT 1,10.0,3780.0,2. Alta (Renovación)
ES182425573V,PRODUCT 1,11.0,3780.0,2. Alta (Renovación)
ES182276707W,PRODUCT 2,13.0,3780.0,2. Alta (Renovación)
ES182331549Z,PRODUCT 1,18.0,3780.0,1. Urgente (Chatarra)
ES182435575L,PRODUCT 2,14.0,3780.0,2. Alta (Renovación)
ES182398462P,PRODUCT 1,14.0,3780.0,2. Alta (Renovación)
ES182368378S,PRODUCT 1,11.0,3780.0,2. Alta (Renovación)
ES182206065Q,PRODUCT 1,40.0,3780.0,1. Urgente (Chatarra)
ES182156598P,PRODUCT 1,18.0,3780.0,1. Urgente (Chatarra)
ES182201267Y,PRODUCT 1,21.0,3780.0,1. Urgente (Chatarra)
ES182216865J,PRODUCT 1,13.0,3780.0,2. Alta (Renovación)
ES182198750P,PRODUCT 1,10.0,3780.0,2. Alta (Renovación)
ES182342597M,PRODUCT 1,31.0,3780.0,1. Urgente (Chatarra)
ES182242948E,PRODUCT 1,12.0,3780.0,2. Alta (Renovación)
ES182327539K,PRODUCT 1,25.0,3780.0,1. Urgente (Chatarra)
ES182409420L,PRODUCT 1,25.0,3780.0,1. Urgente (Chatarra)
ES182163140V,PRODUCT 1,64.0,3780.0,1. Urgente (Chatarra)
ES182235336C,PRODUCT 1,12.0,3780.0,2. Alta (Renovación)
ES182213568B,PRODUCT 1,13.0,3780.0,2. Alta (Renovación)
ES182413585V,PRODUCT 1,15.0,3780.0,2. Alta (Renovación)
ES182354229R,PRODUCT 1,13.0,3780.0,2. Alta (Renovación)
ES182258605M,PRODUCT 1,12.0,3780.0,2. Alta (Renovación)
ES182329128S,PRODUCT 1,11.0,3780.0,2. Alta (Renovación)
ES182299065A,PRODUCT 1,13.0,3780.0,2. Alta (Renovación)
ES182414861N,PRODUCT 1,12.0,3780.0,2. Alta (Renovación)
ES182333337O,PRODUCT 1,12.0,3780.0,2. Alta (Renovación)
ES182125595U,PRODUCT 1,11.0,3780.0,2. Alta (Renovación)
ES182362103P,PRODUCT 1,19.0,3780.0,1. Urgente (Chatarra)
ES182249968D,PRODUCT 1,18.0,3780.0,1. Urgente (Chatarra)
ES182269770C,PRODUCT 1,12.0,3780.0,2. Alta (Renovación)
ES182235553Y,PRODUCT 1,12.0,3780.0,2. Alta (Renovación)
ES182421124Y,PRODUCT 1,12.0,3780.0,2. Alta (Renovación)
ES182432054O,PRODUCT 1,14.0,3780.0,2. Alta (Renovación)
ES182371232L,PRODUCT 2,12.0,3780.0,2. Alta (Renovación)
ES182402328W,PRODUCT 1,16.0,3780.0,1. Urgente (Chatarra)
ES182228683X,PRODUCT 1,22.0,3780.0,1. Urgente (Chatarra)
ES182335120D,PRODUCT 1,15.0,3780.0,2. Alta (Renovación)
ES182445154P,PRODUCT 1,12.0,3780.0,2. Alta (Renovación)
ES182235245O,PRODUCT 1,14.0,3780.0,2. Alta (Renovación)
ES182273739X,PRODUCT 2,15.0,3780.0,2. Alta (Renovación)
ES182316610B,PRODUCT 1,13.0,3780.0,2. Alta (Renovación)
ES182173397H,PRODUCT 1,24.0,3780.0,1. Urgente (Chatarra)
ES182144063X,PRODUCT 1,12.0,3780.0,2. Alta (Renovación)
ES182127338J,PRODUCT 1,14.0,3780.0,2. Alta (Renovación)
ES182442925T,PRODUCT 1,64.0,3780.0,1. Urgente (Chatarra)
ES182181130S,PRODUCT 1,13.0,3780.0,2. Alta (Renovación)
ES182152555D,PRODUCT 1,23.0,3780.0,1. Urgente (Chatarra)
ES182226256I,PRODUCT 2,14.0,3780.0,2. Alta (Renovación)
ES182147056M,PRODUCT 1,23.0,3780.0,1. Urgente (Chatarra)
ES182149347K,PRODUCT 1,24.0,3780.0,1. Urgente (Chatarra)
ES182348299S,PRODUCT 1,15.0,3780.0,2. Alta (Renovación)
ES182180123B,PRODUCT 1,35.0,3780.0,1. Urgente (Chatarra)
ES182169733N,PRODUCT 1,20.0,3780.0,1. Urgente (Chatarra)
ES182213608P,PRODUCT 1,11.0,3780.0,2. Alta (Renovación)
ES182328674Z,PRODUCT 1,64.0,3780.0,1. Urgente (Chatarra)
ES182368606M,PRODUCT 1,12.0,3780.0,2. Alta (Renovación)
ES182277159D,PRODUCT 1,16.0,3780.0,1. Urgente (Chatarra)
ES182385683B,PRODUCT 1,64.0,3780.0,1. Urgente (Chatarra)
ES182370754D,PRODUCT 1,19.0,3780.0,1. Urgente (Chatarra)
ES182370007S,PRODUCT 1,12.0,3780.0,2. Alta (Renovación)
ES182241212U,PRODUCT 1,11.0,3780.0,2. Alta (Renovación)
ES182335780V,PRODUCT 1,20.0,3780.0,1. Urgente (Chatarra)
ES182219895K,PRODUCT 1,15.0,3780.0,2. Alta (Renovación)
ES182275857R,PRODUCT 1,64.0,3780.0,1. Urgente (Chatarra)
ES182406657G,PRODUCT 1,14.0,3780.0,2. Alta (Renovación)
ES182249699Z,PRODUCT 1,12.0,3780.0,2. Alta (Renovación)
ES182253710Z,PRODUCT 1,11.0,3780.0,2. Alta (Renovación)
ES182378809U,PRODUCT 1,13.0,3780.0,2. Alta (Renovación)
ES182142978V,PRODUCT 1,11.0,3780.0,2. Alta (Renovación)
ES182235237D,PRODUCT 1,64.0,3780.0,1. Urgente (Chatarra)
ES182253821X,PRODUCT 2,64.0,3780.0,1. Urgente (Chatarra)
ES182176666U,PRODUCT 1,13.0,3780.0,2. Alta (Renovación)
ES182384281D,PRODUCT 1,13.0,3780.0,2. Alta (Renovación)
ES182211449I,PRODUCT 2,18.0,3780.0,1. Urgente (Chatarra)
ES182195965S,PRODUCT 1,11.0,3780.0,2. Alta (Renovación)
ES182393861S,PRODUCT 1,17.0,3780.0,1. Urgente (Chatarra)
ES182282793Q,PRODUCT 1,18.0,3780.0,1. Urgente (Chatarra)
ES182435039D,PRODUCT 1,11.0,3780.0,2. Alta (Renovación)
ES182147585O,PRODUCT 1,16.0,3780.0,1. Urgente (Chatarra)
ES182222846A,PRODUCT 1,15.0,3780.0,2. Alta (Renovación)
ES182181669P,PRODUCT 1,12.0,3780.0,2. Alta (Renovación)
ES182238829J,PRODUCT 1,14.0,3780.0,2. Alta (Renovación)
ES182379161T,PRODUCT 1,24.0,3780.0,1. Urgente (Chatarra)
ES182448713X,PRODUCT 1,16.0,3780.0,1. Urgente (Chatarra)
ES182271235N,PRODUCT 1,16.0,3780.0,1. Urgente (Chatarra)
ES182223829A,PRODUCT 1,64.0,3780.0,1. Urgente (Chatarra)
ES182151402Q,PRODUCT 1,20.0,3780.0,1. Urgente (Chatarra)
ES182429718J,PRODUCT 1,24.0,3780.0,1. Urgente (Chatarra)
ES182437346Y,PRODUCT 1,17.0,3780.0,1. Urgente (Chatarra)
ES182226403X,PRODUCT 1,17.0,3780.0,1. Urgente (Chatarra)
ES182143648L,PRODUCT 1,28.0,3780.0,1. Urgente (Chatarra)
ES182331763N,PRODUCT 1,21.0,3780.0,1. Urgente (Chatarra)
ES182386507J,PRODUCT 1,64.0,3780.0,1. Urgente (Chatarra)
ES182358769B,PRODUCT 1,15.0,3780.0,2. Alta (Renovación)
ES182265193S,PRODUCT 1,26.0,3780.0,1. Urgente (Chatarra)
ES182215123L,PRODUCT 1,22.0,3780.0,1. Urgente (Chatarra)
ES182405580U,PRODUCT 1,14.0,3780.0,2. Alta (Renovación)
ES182300879T,PRODUCT 1,12.0,3780.0,2. Alta (Renovación)
ES182413433E,PRODUCT 1,12.0,3780.0,2. Alta (Renovación)
ES182286196E,PRODUCT 1,16.0,3780.0,1. Urgente (Chatarra)
ES182305664K,PRODUCT 1,10.0,3780.0,2. Alta (Renovación)
ES182454484X,PRODUCT 1,14.0,3780.0,2. Alta (Renovación)
ES182367128N,PRODUCT 1,25.0,3780.0,1. Urgente (Chatarra)
ES182276019M,PRODUCT 1,16.0,3780.0,1. Urgente (Chatarra)
ES182335190S,PRODUCT 1,12.0,3780.0,2. Alta (Renovación)
ES182438869G,PRODUCT 1,11.0,3780.0,2. Alta (Renovación)
ES182281805F,PRODUCT 1,15.0,3780.0,2. Alta (Renovación)
ES182260033P,PRODUCT 1,18.0,3780.0,1. Urgente (Chatarra)
ES182387376D,PRODUCT 2,14.0,3780.0,2. Alta (Renovación)
ES182449295K,PRODUCT 1,14.0,3780.0,2. Alta (Renovación)
ES182245130Z,PRODUCT 1,10.0,3780.0,2. Alta (Renovación)
ES182175181V,PRODUCT 1,21.0,3780.0,1. Urgente (Chatarra)
ES182363010B,PRODUCT 1,12.0,3780.0,2. Alta (Renovación)
ES182434389B,PRODUCT 1,14.0,3780.0,2. Alta (Renovación)
ES182127059C,PRODUCT 1,17.0,3780.0,1. Urgente (Chatarra)
ES182114570J,PRODUCT 1,16.0,3780.0,1. Urgente (Chatarra)
ES182294049R,PRODUCT 1,12.0,3780.0,2. Alta (Renovación)
ES182321291T,PRODUCT 1,10.0,3780.0,2. Alta (Renovación)
ES182206778B,PRODUCT 1,21.0,3780.0,1. Urgente (Chatarra)
ES182182112P,PRODUCT 1,26.0,3780.0,1. Urgente (Chatarra)
ES182373647B,PRODUCT 1,15.0,3780.0,2. Alta (Renovación)
ES182184092U,PRODUCT 1,20.0,3780.0,1. Urgente (Chatarra)
ES182353204K,PRODUCT 1,14.0,3780.0,2. Alta (Renovación)
ES182378883N,PRODUCT 1,16.0,3780.0,1. Urgente (Chatarra)
ES182151392S,PRODUCT 1,15.0,3780.0,2. Alta (Renovación)
ES182358340B,PRODUCT 1,14.0,3780.0,2. Alta (Renovación)
ES182216171E,PRODUCT 1,16.0,3780.0,1. Urgente (Chatarra)
ES182150805G,PRODUCT 1,64.0,3780.0,1. Urgente (Chatarra)
ES182280865E,PRODUCT 1,11.0,3780.0,2. Alta (Renovación)
ES182401490R,PRODUCT 1,14.0,3780.0,2. Alta (Renovación)
ES182321976D,PRODUCT 1,22.0,3780.0,1. Urgente (Chatarra)
ES182314664Y,PRODUCT 1,11.0,3780.0,2. Alta (Renovación)
ES182282729C,PRODUCT 1,16.0,3780.0,1. Urgente (Chatarra)
ES182140345R,PRODUCT 1,26.0,3780.0,1. Urgente (Chatarra)
ES182217114Y,PRODUCT 1,17.0,3780.0,1. Urgente (Chatarra)
ES182385394L,PRODUCT 1,16.0,3780.0,1. Urgente (Chatarra)
ES182386273H,PRODUCT 1,25.0,3780.0,1. Urgente (Chatarra)
ES182188908M,PRODUCT 1,12.0,3780.0,2. Alta (Renovación)
ES182346120P,PRODUCT 1,20.0,3780.0,1. Urgente (Chatarra)
ES182116227E,PRODUCT 2,17.0,3780.0,1. Urgente (Chatarra)
ES182348823S,PRODUCT 1,16.0,3780.0,1. Urgente (Chatarra)
ES182350182U,PRODUCT 1,11.0,3780.0,2. Alta (Renovación)
ES182131757P,PRODUCT 1,11.0,3780.0,2. Alta (Renovación)
ES182163361O,PRODUCT 1,16.0,3780.0,1. Urgente (Chatarra)
ES182231781E,PRODUCT 1,15.0,3780.0,2. Alta (Renovación)
ES182231185R,PRODUCT 1,18.0,3780.0,1. Urgente (Chatarra)
ES182301068L,PRODUCT 1,23.0,3780.0,1. Urgente (Chatarra)
ES182192400E,PRODUCT 1,31.0,3780.0,1. Urgente (Chatarra)
ES182140415X,PRODUCT 1,11.0,3780.0,2. Alta (Renovación)
ES182317146E,PRODUCT 1,14.0,3780.0,2. Alta (Renovación)
ES182417686U,PRODUCT 1,13.0,3780.0,2. Alta (Renovación)
ES182102580V,PRODUCT 1,14.0,3780.0,2. Alta (Renovación)
ES182258324Z,PRODUCT 1,24.0,3780.0,1. Urgente (Chatarra)
ES182153300O,PRODUCT 1,10.0,3780.0,2. Alta (Renovación)
ES182320650G,PRODUCT 1,12.0,3780.0,2. Alta (Renovación)
ES182250812E,PRODUCT 2,64.0,3780.0,1. Urgente (Chatarra)
ES182131609G,PRODUCT 1,19.0,3780.0,1. Urgente (Chatarra)
ES182284336Q,PRODUCT 1,12.0,3780.0,2. Alta (Renovación)
ES182402524N,PRODUCT 1,12.0,3780.0,2. Alta (Renovación)
ES182181515Y,PRODUCT 1,18.0,3780.0,1. Urgente (Chatarra)
ES182453575Z,PRODUCT 1,15.0,3780.0,2. Alta (Renovación)
ES182431460F,PRODUCT 2,13.0,3780.0,2. Alta (Renovación)
ES182256089O,PRODUCT 2,12.0,3780.0,2. Alta (Renovación)
ES182318380E,PRODUCT 1,12.0,3780.0,2. Alta (Renovación)
ES182219240Y,PRODUCT 1,15.0,3780.0,2. Alta (Renovación)
ES182240282E,PRODUCT 1,19.0,3780.0,1. Urgente (Chatarra)
ES182268579E,PRODUCT 1,15.0,3780.0,2. Alta (Renovación)
ES182281268F,PRODUCT 1,16.0,3780.0,1. Urgente (Chatarra)
ES182151426X,PRODUCT 1,17.0,3780.0,1. Urgente (Chatarra)
ES182441186Q,PRODUCT 1,18.0,3780.0,1. Urgente (Chatarra)
ES182339365O,PRODUCT 1,64.0,3780.0,1. Urgente (Chatarra)
ES182197185Z,PRODUCT 1,11.0,3780.0,2. Alta (Renovación)
ES182246490F,PRODUCT 1,17.0,3780.0,1. Urgente (Chatarra)
ES182265679E,PRODUCT 1,15.0,3780.0,2. Alta (Renovación)
ES182172192B,PRODUCT 1,28.0,3780.0,1. Urgente (Chatarra)
ES182289567L,PRODUCT 1,10.0,3780.0,2. Alta (Renovación)
ES182426716K,PRODUCT 1,24.0,3780.0,1. Urgente (Chatarra)
ES182401658E,PRODUCT 1,24.0,3780.0,1. Urgente (Chatarra)
ES182238898X,PRODUCT 2,16.0,3780.0,1. Urgente (Chatarra)
ES182452419U,PRODUCT 2,12.0,3780.0,2. Alta (Renovación)
ES182383630K,PRODUCT 1,10.0,3780.0,2. Alta (Renovación)
ES182125281W,PRODUCT 1,18.0,3780.0,1. Urgente (Chatarra)
ES182291089J,PRODUCT 1,19.0,3780.0,1. Urgente (Chatarra)
ES182377265E,PRODUCT 1,25.0,3780.0,1. Urgente (Chatarra)
ES182277505G,PRODUCT 1,17.0,3780.0,1. Urgente (Chatarra)
ES182300089F,PRODUCT 1,10.0,3780.0,2. Alta (Renovación)
ES182449121X,PRODUCT 1,10.0,3780.0,2. Alta (Renovación)
ES182239510S,PRODUCT 1,11.0,3780.0,2. Alta (Renovación)
ES182222517P,PRODUCT 1,10.0,3780.0,2. Alta (Renovación)
ES182208002M,PRODUCT 1,64.0,3780.0,1. Urgente (Chatarra)
ES182366189E,PRODUCT 1,10.0,3780.0,2. Alta (Renovación)
ES182404427M,PRODUCT 1,11.0,3780.0,2. Alta (Renovación)
ES182221670W,PRODUCT 1,20.0,3780.0,1. Urgente (Chatarra)
ES182109008N,PRODUCT 1,20.0,3780.0,1. Urgente (Chatarra)
ES182187101I,PRODUCT 1,15.0,3780.0,2. Alta (Renovación)
ES182267514I,PRODUCT 1,11.0,3780.0,2. Alta (Renovación)
ES182175301Y,PRODUCT 1,15.0,3780.0,2. Alta (Renovación)
ES182397644K,PRODUCT 1,11.0,3780.0,2. Alta (Renovación)
ES182329277V,PRODUCT 1,25.0,3780.0,1. Urgente (Chatarra)
ES182239223E,PRODUCT 1,17.0,3780.0,1. Urgente (Chatarra)
ES182422263Q,PRODUCT 1,11.0,3780.0,2. Alta (Renovación)
ES182147137I,PRODUCT 1,19.0,3780.0,1. Urgente (Chatarra)
ES182375523K,PRODUCT 1,24.0,3780.0,1. Urgente (Chatarra)
ES182361924X,PRODUCT 1,22.0,3780.0,1. Urgente (Chatarra)
ES182426340U,PRODUCT 1,11.0,3780.0,2. Alta (Renovación)
ES182177062I,PRODUCT 1,21.0,3780.0,1. Urgente (Chatarra)
ES182374754D,PRODUCT 1,12.0,3780.0,2. Alta (Renovación)
ES182438100K,PRODUCT 1,13.0,3780.0,2. Alta (Renovación)
ES182176549B,PRODUCT 1,19.0,3780.0,1. Urgente (Chatarra)
ES182285134N,PRODUCT 1,12.0,3780.0,2. Alta (Renovación)
ES182238684A,PRODUCT 1,12.0,3780.0,2. Alta (Renovación)
ES182384376H,PRODUCT 1,20.0,3780.0,1. Urgente (Chatarra)
ES182370559P,PRODUCT 1,12.0,3780.0,2. Alta (Renovación)
ES182224548I,PRODUCT 1,33.0,3780.0,1. Urgente (Chatarra)
ES182339792O,PRODUCT 1,14.0,3780.0,2. Alta (Renovación)
ES182351469E,PRODUCT 1,17.0,3780.0,1. Urgente (Chatarra)
ES182277039Y,PRODUCT 1,17.0,3780.0,1. Urgente (Chatarra)
ES182407804U,PRODUCT 1,11.0,3780.0,2. Alta (Renovación)
ES182305221M,PRODUCT 2,13.0,3780.0,2. Alta (Renovación)
ES182389570Z,PRODUCT 1,13.0,3780.0,2. Alta (Renovación)
ES182452275O,PRODUCT 2,23.0,3780.0,1. Urgente (Chatarra)
ES182444156D,PRODUCT 1,18.0,3780.0,1. Urgente (Chatarra)
ES182344235R,PRODUCT 1,14.0,3780.0,2. Alta (Renovación)
ES182216127W,PRODUCT 1,16.0,3780.0,1. Urgente (Chatarra)
ES182128935L,PRODUCT 1,64.0,3780.0,1. Urgente (Chatarra)
ES182344801O,PRODUCT 1,19.0,3780.0,1. Urgente (Chatarra)
ES182168087Z,PRODUCT 1,12.0,3780.0,2. Alta (Renovación)
ES182399383Z,PRODUCT 1,13.0,3780.0,2. Alta (Renovación)
ES182322387S,PRODUCT 1,11.0,3780.0,2. Alta (Renovación)
ES182114481E,PRODUCT 1,14.0,3780.0,2. Alta (Renovación)
ES182349572P,PRODUCT 2,13.0,3780.0,2. Alta (Renovación)
ES182127843F,PRODUCT 1,14.0,3780.0,2. Alta (Renovación)
ES182323983M,PRODUCT 1,22.0,3780.0,1. Urgente (Chatarra)
ES182101016Z,PRODUCT 1,11.0,3780.0,2. Alta (Renovación)
ES182339201L,PRODUCT 1,13.0,3780.0,2. Alta (Renovación)
ES182299572R,PRODUCT 1,12.0,3780.0,2. Alta (Renovación)
ES182189974C,PRODUCT 1,11.0,3780.0,2. Alta (Renovación)
ES182381853A,PRODUCT 1,21.0,3780.0,1. Urgente (Chatarra)
ES182350654N,PRODUCT 1,16.0,3780.0,1. Urgente (Chatarra)
ES182394905T,PRODUCT 1,12.0,3763.8,2. Alta (Renovación)
ES182140581K,PRODUCT 1,22.0,3736.8,1. Urgente (Chatarra)
ES182101317E,PRODUCT 2,11.0,3726.0,2. Alta (Renovación)
ES182262471O,PRODUCT 1,64.5,3726.0,1. Urgente (Chatarra)
ES182320439H,PRODUCT 1,15.0,3726.0,2. Alta (Renovación)
ES182191289L,PRODUCT 1,15.0,3726.0,2. Alta (Renovación)
ES182131463C,PRODUCT 1,12.0,3726.0,2. Alta (Renovación)
ES182282639B,PRODUCT 1,16.0,3726.0,1. Urgente (Chatarra)
ES182280487U,PRODUCT 1,11.0,3699.0,2. Alta (Renovación)
ES182257771T,PRODUCT 1,22.0,3672.0,1. Urgente (Chatarra)
ES182284273T,PRODUCT 1,10.0,3672.0,2. Alta (Renovación)
ES182203682O,PRODUCT 1,10.0,3672.0,2. Alta (Renovación)
ES182138662U,PRODUCT 1,21.0,3672.0,1. Urgente (Chatarra)
ES182140746U,PRODUCT 1,19.0,3672.0,1. Urgente (Chatarra)
ES182101985Z,PRODUCT 1,12.0,3672.0,2. Alta (Renovación)
ES182164346L,PRODUCT 1,15.0,3672.0,2. Alta (Renovación)
ES182239508L,PRODUCT 1,10.0,3672.0,2. Alta (Renovación)
ES182152330M,PRODUCT 1,11.0,3672.0,2. Alta (Renovación)
ES182233202L,PRODUCT 1,15.0,3672.0,2. Alta (Renovación)
ES182378082N,PRODUCT 1,13.0,3672.0,2. Alta (Renovación)
ES182286593D,PRODUCT 1,13.0,3672.0,2. Alta (Renovación)
ES182434220B,PRODUCT 1,11.0,3672.0,2. Alta (Renovación)
ES182346466D,PRODUCT 1,11.0,3672.0,2. Alta (Renovación)
ES182196309Z,PRODUCT 1,64.5,3672.0,1. Urgente (Chatarra)
ES182441523A,PRODUCT 1,10.0,3672.0,2. Alta (Renovación)
ES182345072V,PRODUCT 1,27.0,3672.0,1. Urgente (Chatarra)
ES182365417T,PRODUCT 1,17.0,3672.0,1. Urgente (Chatarra)
ES182415933B,PRODUCT 1,21.0,3672.0,1. Urgente (Chatarra)
ES182228443C,PRODUCT 1,12.0,3672.0,2. Alta (Renovación)
ES182359942K,PRODUCT 1,17.0,3672.0,1. Urgente (Chatarra)
ES182204930P,PRODUCT 1,14.0,3672.0,2. Alta (Renovación)
ES182288328N,PRODUCT 1,25.0,3672.0,1. Urgente (Chatarra)
ES182224634O,PRODUCT 1,20.0,3672.0,1. Urgente (Chatarra)
ES182168501X,PRODUCT 1,24.0,3672.0,1. Urgente (Chatarra)
ES182154311E,PRODUCT 1,16.0,3672.0,1. Urgente (Chatarra)
ES182161475G,PRODUCT 1,64.0,3672.0,1. Urgente (Chatarra)
ES182315014I,PRODUCT 1,16.0,3672.0,1. Urgente (Chatarra)
ES182207177W,PRODUCT 1,12.0,3672.0,2. Alta (Renovación)
ES182203370M,PRODUCT 2,13.0,3672.0,2. Alta (Renovación)
ES182114138H,PRODUCT 1,13.0,3672.0,2. Alta (Renovación)
ES182105800K,PRODUCT 1,22.0,3672.0,1. Urgente (Chatarra)
ES182397131C,PRODUCT 1,15.0,3672.0,2. Alta (Renovación)
ES182267052I,PRODUCT 1,11.0,3672.0,2. Alta (Renovación)
ES182443327H,PRODUCT 1,22.0,3672.0,1. Urgente (Chatarra)
ES182275058O,PRODUCT 1,18.0,3618.0,1. Urgente (Chatarra)
ES182229484R,PRODUCT 1,15.0,3618.0,2. Alta (Renovación)
ES182105120P,PRODUCT 1,28.0,3618.0,1. Urgente (Chatarra)
ES182288230P,PRODUCT 1,24.0,3618.0,1. Urgente (Chatarra)
ES182417547Q,PRODUCT 1,12.0,3618.0,2. Alta (Renovación)
ES182165173I,PRODUCT 1,17.0,3618.0,1. Urgente (Chatarra)
ES182186937T,PRODUCT 1,16.0,3618.0,1. Urgente (Chatarra)
ES182237561U,PRODUCT 1,12.0,3618.0,2. Alta (Renovación)
ES182242265Q,PRODUCT 1,13.0,3618.0,2. Alta (Renovación)
ES182370776E,PRODUCT 1,16.0,3618.0,1. Urgente (Chatarra)
ES182205872C,PRODUCT 1,13.0,3618.0,2. Alta (Renovación)
ES182170253F,PRODUCT 1,22.0,3618.0,1. Urgente (Chatarra)
ES182392290A,PRODUCT 1,64.0,3618.0,1. Urgente (Chatarra)
ES182326455R,PRODUCT 1,18.0,3618.0,1. Urgente (Chatarra)
ES182209463C,PRODUCT 1,10.0,3618.0,2. Alta (Renovación)
ES182449057I,PRODUCT 1,20.0,3618.0,1. Urgente (Chatarra)
ES182112264T,PRODUCT 1,14.0,3618.0,2. Alta (Renovación)
ES182183241R,PRODUCT 1,22.0,3618.0,1. Urgente (Chatarra)
ES182410851L,PRODUCT 1,25.0,3567.78,1. Urgente (Chatarra)
ES182347307T,PRODUCT 1,22.0,3564.0,1. Urgente (Chatarra)
ES182245865T,PRODUCT 1,15.0,3564.0,2. Alta (Renovación)
ES182383989J,PRODUCT 1,11.0,3564.0,2. Alta (Renovación)
ES182395378R,PRODUCT 1,23.0,3564.0,1. Urgente (Chatarra)
ES182425228G,PRODUCT 1,23.0,3547.8,1. Urgente (Chatarra)
ES182302516Z,PRODUCT 1,10.0,3531.6,2. Alta (Renovación)
ES182127981R,PRODUCT 1,10.0,3531.6,2. Alta (Renovación)
ES182325607F,PRODUCT 1,14.0,3526.2,2. Alta (Renovación)
ES182357571I,PRODUCT 1,13.0,3523.5,2. Alta (Renovación)
ES182421026I,PRODUCT 1,19.0,3510.0,1. Urgente (Chatarra)
ES182399418S,PRODUCT 1,15.0,3510.0,2. Alta (Renovación)
ES182302798J,PRODUCT 1,64.0,3510.0,1. Urgente (Chatarra)
ES182346089R,PRODUCT 1,18.0,3510.0,1. Urgente (Chatarra)
ES182201439N,PRODUCT 1,11.0,3510.0,2. Alta (Renovación)
ES182297373C,PRODUCT 1,17.0,3510.0,1. Urgente (Chatarra)
ES182336821D,PRODUCT 1,18.0,3510.0,1. Urgente (Chatarra)
ES182443276O,PRODUCT 1,13.0,3510.0,2. Alta (Renovación)
ES182183294K,PRODUCT 1,10.0,3510.0,2. Alta (Renovación)
ES182241690E,PRODUCT 1,16.0,3510.0,1. Urgente (Chatarra)
ES182349290H,PRODUCT 1,25.0,3510.0,1. Urgente (Chatarra)
ES182188437E,PRODUCT 1,10.0,3510.0,2. Alta (Renovación)
ES182152144U,PRODUCT 1,11.0,3510.0,2. Alta (Renovación)
ES182393659B,PRODUCT 1,64.0,3510.0,1. Urgente (Chatarra)
ES182320420P,PRODUCT 1,64.0,3510.0,1. Urgente (Chatarra)
ES182233236F,PRODUCT 1,16.0,3510.0,1. Urgente (Chatarra)
ES182260188J,PRODUCT 1,13.0,3510.0,2. Alta (Renovación)
ES182241985K,PRODUCT 1,17.0,3510.0,1. Urgente (Chatarra)
ES182350221L,PRODUCT 1,28.0,3510.0,1. Urgente (Chatarra)
ES182173818T,PRODUCT 1,11.0,3510.0,2. Alta (Renovación)
ES182391339P,PRODUCT 1,28.0,3510.0,1. Urgente (Chatarra)
ES182164044Z,PRODUCT 1,43.0,3510.0,1. Urgente (Chatarra)
ES182407078N,PRODUCT 2,13.0,3510.0,2. Alta (Renovación)
ES182244332L,PRODUCT 1,18.0,3510.0,1. Urgente (Chatarra)
ES182356906C,PRODUCT 1,17.0,3510.0,1. Urgente (Chatarra)
ES182314931R,PRODUCT 1,16.0,3510.0,1. Urgente (Chatarra)
ES182141357C,PRODUCT 1,11.0,3510.0,2. Alta (Renovación)
ES182407905G,PRODUCT 1,20.0,3510.0,1. Urgente (Chatarra)
ES182362876R,PRODUCT 1,22.0,3510.0,1. Urgente (Chatarra)
ES182179709K,PRODUCT 1,11.0,3510.0,2. Alta (Renovación)
ES182204672S,PRODUCT 1,17.0,3510.0,1. Urgente (Chatarra)
ES182303140P,PRODUCT 1,10.0,3510.0,2. Alta (Renovación)
ES182239593S,PRODUCT 2,20.0,3510.0,1. Urgente (Chatarra)
ES182379020P,PRODUCT 2,10.0,3510.0,2. Alta (Renovación)
ES182300801R,PRODUCT 1,18.0,3510.0,1. Urgente (Chatarra)
ES182124588K,PRODUCT 1,15.0,3510.0,2. Alta (Renovación)
ES182177315P,PRODUCT 1,13.0,3510.0,2. Alta (Renovación)
ES182360818B,PRODUCT 1,18.0,3510.0,1. Urgente (Chatarra)
ES182149381R,PRODUCT 1,11.0,3510.0,2. Alta (Renovación)
ES182382593S,PRODUCT 1,10.0,3510.0,2. Alta (Renovación)
ES182238955A,PRODUCT 1,11.0,3510.0,2. Alta (Renovación)
ES182103338W,PRODUCT 1,13.0,3510.0,2. Alta (Renovación)
ES182157302R,PRODUCT 1,17.0,3510.0,1. Urgente (Chatarra)
ES182238385K,PRODUCT 1,24.0,3510.0,1. Urgente (Chatarra)
ES182355168F,PRODUCT 1,12.0,3510.0,2. Alta (Renovación)
ES182294327N,PRODUCT 1,10.0,3510.0,2. Alta (Renovación)
ES182199660G,PRODUCT 1,25.0,3510.0,1. Urgente (Chatarra)
ES182373633N,PRODUCT 1,13.0,3510.0,2. Alta (Renovación)
ES182237169R,PRODUCT 1,20.0,3510.0,1. Urgente (Chatarra)
ES182183790Y,PRODUCT 1,12.0,3510.0,2. Alta (Renovación)
ES182431986F,PRODUCT 1,11.0,3510.0,2. Alta (Renovación)
ES182106315L,PRODUCT 1,28.0,3510.0,1. Urgente (Chatarra)
ES182191830X,PRODUCT 1,15.0,3510.0,2. Alta (Renovación)
ES182395899E,PRODUCT 1,20.0,3510.0,1. Urgente (Chatarra)
ES182428891S,PRODUCT 1,64.0,3510.0,1. Urgente (Chatarra)
ES182222720F,PRODUCT 1,13.0,3510.0,2. Alta (Renovación)
ES182171893S,PRODUCT 1,10.0,3510.0,2. Alta (Renovación)
ES182201925O,PRODUCT 1,14.0,3510.0,2. Alta (Renovación)
ES182397709G,PRODUCT 1,31.0,3510.0,1. Urgente (Chatarra)
ES182403891Q,PRODUCT 1,23.0,3510.0,1. Urgente (Chatarra)
ES182412214X,PRODUCT 1,12.0,3510.0,2. Alta (Renovación)
ES182333317Q,PRODUCT 1,16.0,3510.0,1. Urgente (Chatarra)
ES182417199Q,PRODUCT 1,22.0,3510.0,1. Urgente (Chatarra)
ES182248865H,PRODUCT 1,15.0,3510.0,2. Alta (Renovación)
ES182416152V,PRODUCT 1,14.0,3510.0,2. Alta (Renovación)
ES182113450W,PRODUCT 1,12.0,3510.0,2. Alta (Renovación)
ES182446439H,PRODUCT 1,11.0,3510.0,2. Alta (Renovación)
ES182380153L,PRODUCT 1,18.0,3510.0,1. Urgente (Chatarra)
ES182315441J,PRODUCT 1,25.0,3510.0,1. Urgente (Chatarra)
ES182393392X,PRODUCT 1,10.0,3510.0,2. Alta (Renovación)
ES182191825O,PRODUCT 1,15.0,3510.0,2. Alta (Renovación)
ES182231157C,PRODUCT 1,11.0,3510.0,2. Alta (Renovación)
ES182154574O,PRODUCT 1,11.0,3510.0,2. Alta (Renovación)
ES182296308R,PRODUCT 1,12.0,3510.0,2. Alta (Renovación)
ES182376887P,PRODUCT 1,23.0,3510.0,1. Urgente (Chatarra)
ES182137387Z,PRODUCT 1,21.0,3510.0,1. Urgente (Chatarra)
ES182308000B,PRODUCT 2,12.0,3510.0,2. Alta (Renovación)
ES182371129D,PRODUCT 1,13.0,3510.0,2. Alta (Renovación)
ES182314295B,PRODUCT 1,12.0,3510.0,2. Alta (Renovación)
ES182280461T,PRODUCT 1,16.0,3510.0,1. Urgente (Chatarra)
ES182199835Q,PRODUCT 1,64.0,3510.0,1. Urgente (Chatarra)
ES182155859D,PRODUCT 1,28.0,3510.0,1. Urgente (Chatarra)
ES182374839S,PRODUCT 1,13.0,3510.0,2. Alta (Renovación)
ES182220862U,PRODUCT 1,14.0,3510.0,2. Alta (Renovación)
ES182361545R,PRODUCT 1,10.0,3510.0,2. Alta (Renovación)
ES182394752U,PRODUCT 1,64.5,3510.0,1. Urgente (Chatarra)
ES182259501R,PRODUCT 1,12.0,3510.0,2. Alta (Renovación)
ES182159934A,PRODUCT 1,27.0,3510.0,1. Urgente (Chatarra)
ES182274384L,PRODUCT 1,13.0,3510.0,2. Alta (Renovación)
ES182300899Z,PRODUCT 1,12.0,3510.0,2. Alta (Renovación)
ES182367867E,PRODUCT 1,12.0,3510.0,2. Alta (Renovación)
ES182365019T,PRODUCT 1,17.0,3510.0,1. Urgente (Chatarra)
ES182316404Z,PRODUCT 1,12.0,3510.0,2. Alta (Renovación)
ES182205442K,PRODUCT 1,13.0,3510.0,2. Alta (Renovación)
ES182242574E,PRODUCT 1,14.0,3510.0,2. Alta (Renovación)
ES182183026P,PRODUCT 1,38.0,3510.0,1. Urgente (Chatarra)
ES182440367M,PRODUCT 2,14.0,3510.0,2. Alta (Renovación)
ES182430848Z,PRODUCT 2,13.0,3510.0,2. Alta (Renovación)
ES182225179W,PRODUCT 2,10.0,3510.0,2. Alta (Renovación)
ES182433478T,PRODUCT 1,14.0,3510.0,2. Alta (Renovación)
ES182211616M,PRODUCT 1,17.0,3510.0,1. Urgente (Chatarra)
ES182350866P,PRODUCT 1,13.0,3510.0,2. Alta (Renovación)
ES182434028E,PRODUCT 1,20.0,3510.0,1. Urgente (Chatarra)
ES182156306J,PRODUCT 1,64.0,3510.0,1. Urgente (Chatarra)
ES182436669T,PRODUCT 1,39.0,3510.0,1. Urgente (Chatarra)
ES182173275L,PRODUCT 1,20.0,3510.0,1. Urgente (Chatarra)
ES182229401Z,PRODUCT 1,11.0,3510.0,2. Alta (Renovación)
ES182294526P,PRODUCT 1,21.0,3510.0,1. Urgente (Chatarra)
ES182424795U,PRODUCT 1,28.0,3510.0,1. Urgente (Chatarra)
ES182272968X,PRODUCT 1,64.5,3510.0,1. Urgente (Chatarra)
ES182375923C,PRODUCT 1,14.0,3510.0,2. Alta (Renovación)
ES182428934U,PRODUCT 1,14.0,3510.0,2. Alta (Renovación)
ES182247949K,PRODUCT 1,17.0,3510.0,1. Urgente (Chatarra)
ES182428851A,PRODUCT 1,16.0,3510.0,1. Urgente (Chatarra)
ES182363247W,PRODUCT 1,12.0,3510.0,2. Alta (Renovación)
ES182135817H,PRODUCT 1,24.0,3510.0,1. Urgente (Chatarra)
ES182238517L,PRODUCT 1,27.0,3510.0,1. Urgente (Chatarra)
ES182254935B,PRODUCT 1,17.0,3510.0,1. Urgente (Chatarra)
ES182159662B,PRODUCT 1,10.0,3510.0,2. Alta (Renovación)
ES182168780V,PRODUCT 1,23.0,3510.0,1. Urgente (Chatarra)
ES182435754I,PRODUCT 1,11.0,3510.0,2. Alta (Renovación)
ES182298486W,PRODUCT 1,14.0,3510.0,2. Alta (Renovación)
ES182129443Q,PRODUCT 1,12.0,3510.0,2. Alta (Renovación)
ES182373408O,PRODUCT 1,13.0,3510.0,2. Alta (Renovación)
ES182428487H,PRODUCT 1,13.0,3510.0,2. Alta (Renovación)
ES182109912O,PRODUCT 1,11.0,3510.0,2. Alta (Renovación)
ES182101735K,PRODUCT 1,10.0,3510.0,2. Alta (Renovación)
ES182212321M,PRODUCT 1,36.0,3510.0,1. Urgente (Chatarra)
ES182131351N,PRODUCT 1,20.0,3510.0,1. Urgente (Chatarra)
ES182108600A,PRODUCT 1,14.0,3510.0,2. Alta (Renovación)
ES182327435P,PRODUCT 1,10.0,3510.0,2. Alta (Renovación)
ES182101852U,PRODUCT 1,64.5,3510.0,1. Urgente (Chatarra)
ES182372692W,PRODUCT 1,20.0,3510.0,1. Urgente (Chatarra)
ES182101230D,PRODUCT 1,13.0,3510.0,2. Alta (Renovación)
ES182240487L,PRODUCT 1,17.0,3510.0,1. Urgente (Chatarra)
ES182208920Q,PRODUCT 1,18.0,3510.0,1. Urgente (Chatarra)
ES182453290E,PRODUCT 1,11.0,3510.0,2. Alta (Renovación)
ES182229673S,PRODUCT 1,34.0,3510.0,1. Urgente (Chatarra)
ES182231026X,PRODUCT 1,10.0,3510.0,2. Alta (Renovación)
ES182376166Y,PRODUCT 1,23.0,3510.0,1. Urgente (Chatarra)
ES182107565A,PRODUCT 1,18.0,3510.0,1. Urgente (Chatarra)
ES182219841A,PRODUCT 1,26.0,3510.0,1. Urgente (Chatarra)
ES182390368E,PRODUCT 1,10.0,3510.0,2. Alta (Renovación)
ES182171070Z,PRODUCT 1,25.0,3510.0,1. Urgente (Chatarra)
ES182199684U,PRODUCT 2,64.0,3510.0,1. Urgente (Chatarra)
ES182337747P,PRODUCT 1,16.0,3510.0,1. Urgente (Chatarra)
ES182274998N,PRODUCT 1,12.0,3510.0,2. Alta (Renovación)
ES182311396J,PRODUCT 1,64.0,3510.0,1. Urgente (Chatarra)
ES182333640P,PRODUCT 1,14.0,3510.0,2. Alta (Renovación)
ES182205609N,PRODUCT 1,14.0,3510.0,2. Alta (Renovación)
ES182364447U,PRODUCT 1,10.0,3510.0,2. Alta (Renovación)
ES182230326R,PRODUCT 1,16.0,3510.0,1. Urgente (Chatarra)
ES182224684V,PRODUCT 1,18.0,3510.0,1. Urgente (Chatarra)
ES182150972S,PRODUCT 1,19.0,3510.0,1. Urgente (Chatarra)
ES182228422P,PRODUCT 1,21.0,3510.0,1. Urgente (Chatarra)
ES182144326J,PRODUCT 1,13.0,3510.0,2. Alta (Renovación)
ES182419098J,PRODUCT 1,17.0,3510.0,1. Urgente (Chatarra)
ES182443095A,PRODUCT 1,13.0,3510.0,2. Alta (Renovación)
ES182187656L,PRODUCT 1,30.0,3510.0,1. Urgente (Chatarra)
ES182276390U,PRODUCT 1,18.0,3510.0,1. Urgente (Chatarra)
ES182336083I,PRODUCT 1,64.0,3510.0,1. Urgente (Chatarra)
ES182260893Z,PRODUCT 1,14.0,3510.0,2. Alta (Renovación)
ES182429396B,PRODUCT 1,25.0,3510.0,1. Urgente (Chatarra)
ES182315871U,PRODUCT 1,10.0,3510.0,2. Alta (Renovación)
ES182255808M,PRODUCT 1,11.0,3510.0,2. Alta (Renovación)
ES182237111S,PRODUCT 1,11.0,3510.0,2. Alta (Renovación)
ES182283944D,PRODUCT 1,10.0,3510.0,2. Alta (Renovación)
ES182419250X,PRODUCT 1,14.0,3510.0,2. Alta (Renovación)
ES182378153Q,PRODUCT 1,11.0,3510.0,2. Alta (Renovación)
ES182291649O,PRODUCT 1,64.0,3510.0,1. Urgente (Chatarra)
ES182241467Q,PRODUCT 1,12.0,3510.0,2. Alta (Renovación)
ES182162629D,PRODUCT 1,14.0,3510.0,2. Alta (Renovación)
ES182267776J,PRODUCT 1,64.5,3510.0,1. Urgente (Chatarra)
ES182361104I,PRODUCT 1,15.0,3510.0,2. Alta (Renovación)
ES182358684H,PRODUCT 2,10.0,3510.0,2. Alta (Renovación)
ES182175140T,PRODUCT 1,19.0,3510.0,1. Urgente (Chatarra)
ES182118742L,PRODUCT 1,20.0,3510.0,1. Urgente (Chatarra)
ES182329167S,PRODUCT 1,64.5,3510.0,1. Urgente (Chatarra)
ES182168673S,PRODUCT 1,23.0,3510.0,1. Urgente (Chatarra)
ES182445985P,PRODUCT 1,10.0,3510.0,2. Alta (Renovación)
ES182422990A,PRODUCT 1,15.0,3510.0,2. Alta (Renovación)
ES182436764Z,PRODUCT 2,12.0,3510.0,2. Alta (Renovación)
ES182151674W,PRODUCT 1,17.0,3510.0,1. Urgente (Chatarra)
ES182126424F,PRODUCT 1,11.0,3510.0,2. Alta (Renovación)
ES182407396I,PRODUCT 1,19.0,3510.0,1. Urgente (Chatarra)
ES182258299A,PRODUCT 1,15.0,3510.0,2. Alta (Renovación)
ES182286197O,PRODUCT 1,13.0,3510.0,2. Alta (Renovación)
ES182301523T,PRODUCT 1,25.0,3510.0,1. Urgente (Chatarra)
ES182197702X,PRODUCT 1,17.0,3510.0,1. Urgente (Chatarra)
ES182164490P,PRODUCT 1,16.0,3510.0,1. Urgente (Chatarra)
ES182247875W,PRODUCT 1,19.0,3510.0,1. Urgente (Chatarra)
ES182293501O,PRODUCT 1,19.0,3510.0,1. Urgente (Chatarra)
ES182202134W,PRODUCT 1,13.0,3510.0,2. Alta (Renovación)
ES182289448H,PRODUCT 1,13.0,3510.0,2. Alta (Renovación)
ES182236156H,PRODUCT 1,10.0,3510.0,2. Alta (Renovación)
ES182355188Y,PRODUCT 1,18.0,3510.0,1. Urgente (Chatarra)
ES182245701R,PRODUCT 2,12.0,3510.0,2. Alta (Renovación)
ES182220495P,PRODUCT 1,29.0,3510.0,1. Urgente (Chatarra)
ES182407671Y,PRODUCT 1,16.0,3510.0,1. Urgente (Chatarra)
ES182357445K,PRODUCT 2,12.0,3510.0,2. Alta (Renovación)
ES182162193D,PRODUCT 1,13.0,3510.0,2. Alta (Renovación)
ES182292203D,PRODUCT 1,18.0,3510.0,1. Urgente (Chatarra)
ES182118478O,PRODUCT 1,16.0,3510.0,1. Urgente (Chatarra)
ES182114531P,PRODUCT 1,32.0,3510.0,1. Urgente (Chatarra)
ES182318579L,PRODUCT 1,14.0,3510.0,2. Alta (Renovación)
ES182431503O,PRODUCT 1,12.0,3510.0,2. Alta (Renovación)
ES182236138V,PRODUCT 1,14.0,3510.0,2. Alta (Renovación)
ES182363058S,PRODUCT 2,64.0,3510.0,1. Urgente (Chatarra)
ES182303888V,PRODUCT 1,21.0,3510.0,1. Urgente (Chatarra)
ES182242241W,PRODUCT 1,10.0,3510.0,2. Alta (Renovación)
ES182390600M,PRODUCT 1,17.0,3510.0,1. Urgente (Chatarra)
ES182167596Q,PRODUCT 1,12.0,3510.0,2. Alta (Renovación)
ES182299802M,PRODUCT 2,13.0,3510.0,2. Alta (Renovación)
ES182114942M,PRODUCT 1,17.0,3510.0,1. Urgente (Chatarra)
ES182401169D,PRODUCT 1,12.0,3510.0,2. Alta (Renovación)
ES182355645E,PRODUCT 1,10.0,3510.0,2. Alta (Renovación)
ES182415769Z,PRODUCT 1,10.0,3510.0,2. Alta (Renovación)
ES182128201E,PRODUCT 1,14.0,3510.0,2. Alta (Renovación)
ES182103958A,PRODUCT 1,19.0,3510.0,1. Urgente (Chatarra)
ES182208385X,PRODUCT 1,24.0,3510.0,1. Urgente (Chatarra)
ES182327890E,PRODUCT 1,10.0,3510.0,2. Alta (Renovación)
ES182432311A,PRODUCT 1,18.0,3510.0,1. Urgente (Chatarra)
ES182155118F,PRODUCT 1,64.0,3510.0,1. Urgente (Chatarra)
ES182119374B,PRODUCT 1,20.0,3510.0,1. Urgente (Chatarra)
ES182382206J,PRODUCT 1,13.0,3510.0,2. Alta (Renovación)
ES182281608Z,PRODUCT 2,12.0,3510.0,2. Alta (Renovación)
ES182436000P,PRODUCT 1,26.0,3510.0,1. Urgente (Chatarra)
ES182241408W,PRODUCT 1,14.0,3510.0,2. Alta (Renovación)
ES182416820Z,PRODUCT 1,15.0,3510.0,2. Alta (Renovación)
ES182128585W,PRODUCT 1,12.0,3510.0,2. Alta (Renovación)
ES182212614Y,PRODUCT 1,10.0,3510.0,2. Alta (Renovación)
ES182335056J,PRODUCT 1,15.0,3510.0,2. Alta (Renovación)
ES182420382B,PRODUCT 2,11.0,3510.0,2. Alta (Renovación)
ES182285053X,PRODUCT 1,12.0,3510.0,2. Alta (Renovación)
ES182405106L,PRODUCT 1,12.0,3510.0,2. Alta (Renovación)
ES182455234C,PRODUCT 1,26.0,3510.0,1. Urgente (Chatarra)
ES182134360U,PRODUCT 1,13.0,3510.0,2. Alta (Renovación)
ES182281804M,PRODUCT 1,12.0,3510.0,2. Alta (Renovación)
ES182417761N,PRODUCT 1,64.5,3510.0,1. Urgente (Chatarra)
ES182108513P,PRODUCT 1,27.0,3510.0,1. Urgente (Chatarra)
ES182290641V,PRODUCT 1,16.0,3510.0,1. Urgente (Chatarra)
ES182387075Y,PRODUCT 1,12.0,3510.0,2. Alta (Renovación)
ES182354633J,PRODUCT 1,10.0,3510.0,2. Alta (Renovación)
ES182193746F,PRODUCT 1,20.0,3510.0,1. Urgente (Chatarra)
ES182375155V,PRODUCT 1,11.0,3510.0,2. Alta (Renovación)
ES182255984Z,PRODUCT 1,18.0,3510.0,1. Urgente (Chatarra)
ES182445669V,PRODUCT 1,11.0,3510.0,2. Alta (Renovación)
ES182102702T,PRODUCT 1,17.0,3510.0,1. Urgente (Chatarra)
ES182441073M,PRODUCT 2,16.0,3510.0,1. Urgente (Chatarra)
ES182341156L,PRODUCT 1,11.0,3510.0,2. Alta (Renovación)
ES182245158U,PRODUCT 1,14.0,3510.0,2. Alta (Renovación)
ES182363155F,PRODUCT 1,14.0,3510.0,2. Alta (Renovación)
ES182175623S,PRODUCT 2,18.0,3510.0,1. Urgente (Chatarra)
ES182393509H,PRODUCT 1,16.0,3510.0,1. Urgente (Chatarra)
ES182113772R,PRODUCT 1,12.0,3510.0,2. Alta (Renovación)
ES182379670O,PRODUCT 1,27.0,3510.0,1. Urgente (Chatarra)
ES182116032F,PRODUCT 1,54.0,3510.0,1. Urgente (Chatarra)
ES182430224F,PRODUCT 1,10.0,3510.0,2. Alta (Renovación)
ES182383947L,PRODUCT 1,24.0,3510.0,1. Urgente (Chatarra)
ES182426646V,PRODUCT 1,25.0,3510.0,1. Urgente (Chatarra)
ES182199857S,PRODUCT 1,19.0,3510.0,1. Urgente (Chatarra)
ES182372905M,PRODUCT 1,10.0,3510.0,2. Alta (Renovación)
ES182169573Z,PRODUCT 1,16.0,3510.0,1. Urgente (Chatarra)
ES182282833D,PRODUCT 1,10.0,3510.0,2. Alta (Renovación)
ES182266505Y,PRODUCT 1,20.0,3510.0,1. Urgente (Chatarra)
ES182434884J,PRODUCT 1,13.0,3510.0,2. Alta (Renovación)
ES182150902J,PRODUCT 1,13.0,3510.0,2. Alta (Renovación)
ES182130991P,PRODUCT 1,14.0,3510.0,2. Alta (Renovación)
ES182174238L,PRODUCT 1,14.0,3510.0,2. Alta (Renovación)
ES182180352S,PRODUCT 1,10.0,3510.0,2. Alta (Renovación)
ES182221047E,PRODUCT 1,15.0,3510.0,2. Alta (Renovación)
ES182406641Y,PRODUCT 1,64.0,3510.0,1. Urgente (Chatarra)
ES182234948E,PRODUCT 1,12.0,3510.0,2. Alta (Renovación)
ES182229407C,PRODUCT 1,64.5,3510.0,1. Urgente (Chatarra)
ES182329164Y,PRODUCT 1,22.0,3510.0,1. Urgente (Chatarra)
ES182241823Y,PRODUCT 1,12.0,3510.0,2. Alta (Renovación)
ES182166212V,PRODUCT 1,10.0,3510.0,2. Alta (Renovación)
ES182252564C,PRODUCT 1,22.0,3510.0,1. Urgente (Chatarra)
ES182327365Z,PRODUCT 1,24.0,3510.0,1. Urgente (Chatarra)
ES182351086D,PRODUCT 1,13.0,3510.0,2. Alta (Renovación)
ES182389072K,PRODUCT 1,10.0,3510.0,2. Alta (Renovación)
ES182275356A,PRODUCT 1,14.0,3510.0,2. Alta (Renovación)
ES182242453N,PRODUCT 1,25.0,3510.0,1. Urgente (Chatarra)
ES182212598O,PRODUCT 1,12.0,3510.0,2. Alta (Renovación)
ES182382055T,PRODUCT 1,39.0,3510.0,1. Urgente (Chatarra)
ES182199200V,PRODUCT 1,19.0,3510.0,1. Urgente (Chatarra)
ES182112994J,PRODUCT 1,10.0,3510.0,2. Alta (Renovación)
ES182298794N,PRODUCT 1,23.0,3510.0,1. Urgente (Chatarra)
ES182225007F,PRODUCT 1,17.0,3510.0,1. Urgente (Chatarra)
ES182132272R,PRODUCT 1,64.0,3510.0,1. Urgente (Chatarra)
ES182102802G,PRODUCT 1,13.0,3510.0,2. Alta (Renovación)
ES182415965T,PRODUCT 1,10.0,3510.0,2. Alta (Renovación)
ES182423955L,PRODUCT 1,11.0,3510.0,2. Alta (Renovación)
ES182402859Z,PRODUCT 1,17.0,3510.0,1. Urgente (Chatarra)
ES182436389L,PRODUCT 1,17.0,3510.0,1. Urgente (Chatarra)
ES182441931A,PRODUCT 1,23.0,3510.0,1. Urgente (Chatarra)
ES182196184H,PRODUCT 1,64.0,3510.0,1. Urgente (Chatarra)
ES182395446V,PRODUCT 1,14.0,3510.0,2. Alta (Renovación)
ES182399248Q,PRODUCT 1,24.0,3510.0,1. Urgente (Chatarra)
ES182124989B,PRODUCT 2,64.0,3510.0,1. Urgente (Chatarra)
ES182290706Y,PRODUCT 1,11.0,3510.0,2. Alta (Renovación)
ES182436868Q,PRODUCT 1,16.0,3510.0,1. Urgente (Chatarra)
ES182222756W,PRODUCT 1,17.0,3510.0,1. Urgente (Chatarra)
ES182155207I,PRODUCT 1,22.0,3510.0,1. Urgente (Chatarra)
ES182279085Z,PRODUCT 1,10.0,3510.0,2. Alta (Renovación)
ES182256131K,PRODUCT 1,10.0,3510.0,2. Alta (Renovación)
ES182447255X,PRODUCT 1,25.0,3510.0,1. Urgente (Chatarra)
ES182206349E,PRODUCT 1,10.0,3510.0,2. Alta (Renovación)
ES182114385Z,PRODUCT 1,24.0,3510.0,1. Urgente (Chatarra)
ES182357987I,PRODUCT 1,15.0,3510.0,2. Alta (Renovación)
ES182438901K,PRODUCT 1,10.0,3510.0,2. Alta (Renovación)
ES182193806W,PRODUCT 1,10.0,3510.0,2. Alta (Renovación)
ES182145090R,PRODUCT 1,15.0,3510.0,2. Alta (Renovación)
ES182324723A,PRODUCT 1,14.0,3510.0,2. Alta (Renovación)
ES182149939Z,PRODUCT 1,12.0,3510.0,2. Alta (Renovación)
ES182311204B,PRODUCT 1,10.0,3510.0,2. Alta (Renovación)
ES182376441N,PRODUCT 1,12.0,3510.0,2. Alta (Renovación)
ES182222712P,PRODUCT 1,12.0,3510.0,2. Alta (Renovación)
ES182346278N,PRODUCT 1,16.0,3510.0,1. Urgente (Chatarra)
ES182322194N,PRODUCT 1,19.0,3510.0,1. Urgente (Chatarra)
ES182194528Q,PRODUCT 1,17.0,3510.0,1. Urgente (Chatarra)
ES182380050F,PRODUCT 1,11.0,3510.0,2. Alta (Renovación)
ES182184425M,PRODUCT 1,11.0,3510.0,2. Alta (Renovación)
ES182390293U,PRODUCT 1,64.5,3510.0,1. Urgente (Chatarra)
ES182454225B,PRODUCT 1,14.0,3489.91,2. Alta (Renovación)
ES182339128F,PRODUCT 1,15.0,3483.0,2. Alta (Renovación)
ES182300691U,PRODUCT 1,12.0,3456.0,2. Alta (Renovación)
ES182202906R,PRODUCT 1,13.0,3456.0,2. Alta (Renovación)
ES182329056T,PRODUCT 2,64.0,3456.0,1. Urgente (Chatarra)
ES182221201G,PRODUCT 1,13.0,3456.0,2. Alta (Renovación)
ES182302100L,PRODUCT 1,18.0,3456.0,1. Urgente (Chatarra)
ES182313159C,PRODUCT 1,13.0,3456.0,2. Alta (Renovación)
ES182400740I,PRODUCT 1,10.0,3456.0,2. Alta (Renovación)
ES182150235R,PRODUCT 1,15.0,3456.0,2. Alta (Renovación)
ES182340520C,PRODUCT 1,13.0,3456.0,2. Alta (Renovación)
ES182236872I,PRODUCT 1,10.0,3456.0,2. Alta (Renovación)
ES182332715N,PRODUCT 1,11.0,3456.0,2. Alta (Renovación)
ES182233478Q,PRODUCT 1,16.0,3456.0,1. Urgente (Chatarra)
ES182190360D,PRODUCT 1,18.0,3456.0,1. Urgente (Chatarra)
ES182346981O,PRODUCT 1,17.0,3406.05,1. Urgente (Chatarra)
ES182455070U,PRODUCT 1,12.0,3402.0,2. Alta (Renovación)
ES182397354L,PRODUCT 1,10.0,3402.0,2. Alta (Renovación)
ES182140798C,PRODUCT 1,14.0,3402.0,2. Alta (Renovación)
ES182229324H,PRODUCT 1,11.0,3402.0,2. Alta (Renovación)
ES182113072R,PRODUCT 2,10.0,3402.0,2. Alta (Renovación)
ES182150955M,PRODUCT 1,13.0,3402.0,2. Alta (Renovación)
ES182328517K,PRODUCT 2,12.0,3402.0,2. Alta (Renovación)
ES182293265D,PRODUCT 1,17.0,3402.0,1. Urgente (Chatarra)
ES182323881J,PRODUCT 1,11.0,3402.0,2. Alta (Renovación)
ES182289629B,PRODUCT 1,17.0,3402.0,1. Urgente (Chatarra)
ES182224010H,PRODUCT 1,10.0,3402.0,2. Alta (Renovación)
ES182197380P,PRODUCT 1,19.0,3402.0,1. Urgente (Chatarra)
ES182244177U,PRODUCT 1,26.0,3402.0,1. Urgente (Chatarra)
ES182130892H,PRODUCT 1,10.0,3402.0,2. Alta (Renovación)
ES182296101E,PRODUCT 1,14.0,3402.0,2. Alta (Renovación)
ES182248448W,PRODUCT 1,12.0,3402.0,2. Alta (Renovación)
ES182165427R,PRODUCT 1,11.0,3402.0,2. Alta (Renovación)
ES182294888K,PRODUCT 1,64.0,3402.0,1. Urgente (Chatarra)
ES182420184G,PRODUCT 2,10.0,3402.0,2. Alta (Renovación)
ES182309470M,PRODUCT 1,25.0,3402.0,1. Urgente (Chatarra)
ES182397125B,PRODUCT 1,12.0,3402.0,2. Alta (Renovación)
ES182118435L,PRODUCT 1,25.0,3402.0,1. Urgente (Chatarra)
ES182316939Q,PRODUCT 1,16.0,3402.0,1. Urgente (Chatarra)
ES182452981T,PRODUCT 1,17.0,3402.0,1. Urgente (Chatarra)
ES182375194B,PRODUCT 1,15.0,3402.0,2. Alta (Renovación)
ES182434474U,PRODUCT 1,17.0,3364.2,1. Urgente (Chatarra)
ES182263439R,PRODUCT 1,11.0,3348.0,2. Alta (Renovación)
ES182453888R,PRODUCT 1,23.0,3348.0,1. Urgente (Chatarra)
ES182401737N,PRODUCT 1,13.0,3348.0,2. Alta (Renovación)
ES182394380C,PRODUCT 1,12.0,3348.0,2. Alta (Renovación)
ES182166763F,PRODUCT 1,12.0,3348.0,2. Alta (Renovación)
ES182452757T,PRODUCT 1,15.0,3348.0,2. Alta (Renovación)
ES182394326K,PRODUCT 1,18.0,3348.0,1. Urgente (Chatarra)
ES182397353U,PRODUCT 2,64.0,3348.0,1. Urgente (Chatarra)
ES182387935F,PRODUCT 1,10.0,3348.0,2. Alta (Renovación)
ES182177858R,PRODUCT 1,10.0,3348.0,2. Alta (Renovación)
ES182399978J,PRODUCT 1,16.0,3348.0,1. Urgente (Chatarra)
ES182225986S,PRODUCT 1,27.0,3348.0,1. Urgente (Chatarra)
ES182400222G,PRODUCT 1,14.0,3348.0,2. Alta (Renovación)
ES182441308Q,PRODUCT 1,64.0,3348.0,1. Urgente (Chatarra)
ES182410132S,PRODUCT 1,18.0,3348.0,1. Urgente (Chatarra)
ES182356815G,PRODUCT 1,16.0,3348.0,1. Urgente (Chatarra)
ES182157723Q,PRODUCT 1,18.0,3348.0,1. Urgente (Chatarra)
ES182324791M,PRODUCT 1,17.0,3348.0,1. Urgente (Chatarra)
ES182238972S,PRODUCT 1,35.0,3348.0,1. Urgente (Chatarra)
ES182443011K,PRODUCT 1,10.0,3348.0,2. Alta (Renovación)
ES182321816I,PRODUCT 1,24.0,3348.0,1. Urgente (Chatarra)
ES182213071G,PRODUCT 1,20.0,3348.0,1. Urgente (Chatarra)
ES182449513U,PRODUCT 1,10.0,3348.0,2. Alta (Renovación)
ES182154522H,PRODUCT 1,11.0,3348.0,2. Alta (Renovación)
ES182114016P,PRODUCT 1,14.0,3348.0,2. Alta (Renovación)
ES182429374Y,PRODUCT 1,16.0,3348.0,1. Urgente (Chatarra)
ES182247585B,PRODUCT 1,14.0,3348.0,2. Alta (Renovación)
ES182398232S,PRODUCT 1,22.0,3310.2,1. Urgente (Chatarra)
ES182212965O,PRODUCT 1,13.0,3294.0,2. Alta (Renovación)
ES182402572E,PRODUCT 1,19.0,3294.0,1. Urgente (Chatarra)
ES182226033F,PRODUCT 1,11.0,3294.0,2. Alta (Renovación)
ES182362077M,PRODUCT 1,13.0,3294.0,2. Alta (Renovación)
ES182129747O,PRODUCT 1,10.0,3294.0,2. Alta (Renovación)
ES182165052G,PRODUCT 2,35.0,3294.0,1. Urgente (Chatarra)
ES182384181O,PRODUCT 2,14.0,3294.0,2. Alta (Renovación)
ES182228394C,PRODUCT 2,64.0,3240.0,1. Urgente (Chatarra)
ES182234856M,PRODUCT 1,64.5,3240.0,1. Urgente (Chatarra)
ES182251931U,PRODUCT 1,15.0,3240.0,2. Alta (Renovación)
ES182277589Q,PRODUCT 1,16.0,3240.0,1. Urgente (Chatarra)
ES182122422U,PRODUCT 1,11.0,3240.0,2. Alta (Renovación)
ES182148689Y,PRODUCT 2,14.0,3240.0,2. Alta (Renovación)
ES182432418I,PRODUCT 1,41.0,3240.0,1. Urgente (Chatarra)
ES182255825Y,PRODUCT 1,12.0,3240.0,2. Alta (Renovación)
ES182444413E,PRODUCT 2,10.0,3240.0,2. Alta (Renovación)
ES182243502P,PRODUCT 1,16.0,3240.0,1. Urgente (Chatarra)
ES182176007U,PRODUCT 1,16.0,3240.0,1. Urgente (Chatarra)
ES182180460C,PRODUCT 1,19.0,3240.0,1. Urgente (Chatarra)
ES182439406C,PRODUCT 1,22.0,3240.0,1. Urgente (Chatarra)
ES182242915U,PRODUCT 1,19.0,3240.0,1. Urgente (Chatarra)
ES182166222W,PRODUCT 1,25.0,3240.0,1. Urgente (Chatarra)
ES182216482N,PRODUCT 1,64.0,3240.0,1. Urgente (Chatarra)
ES182217583N,PRODUCT 1,11.0,3240.0,2. Alta (Renovación)
ES182139295N,PRODUCT 1,10.0,3240.0,2. Alta (Renovación)
ES182432343E,PRODUCT 1,12.0,3240.0,2. Alta (Renovación)
ES182128236K,PRODUCT 1,30.0,3240.0,1. Urgente (Chatarra)
ES182447207A,PRODUCT 1,14.0,3240.0,2. Alta (Renovación)
ES182399063I,PRODUCT 1,13.0,3240.0,2. Alta (Renovación)
ES182414384S,PRODUCT 1,17.0,3240.0,1. Urgente (Chatarra)
ES182392209P,PRODUCT 1,10.0,3240.0,2. Alta (Renovación)
ES182334579J,PRODUCT 1,15.0,3240.0,2. Alta (Renovación)
ES182394994J,PRODUCT 1,18.0,3240.0,1. Urgente (Chatarra)
ES182355206O,PRODUCT 1,17.0,3240.0,1. Urgente (Chatarra)
ES182150015L,PRODUCT 1,17.0,3240.0,1. Urgente (Chatarra)
ES182133435J,PRODUCT 1,23.0,3240.0,1. Urgente (Chatarra)
ES182106809D,PRODUCT 1,16.0,3240.0,1. Urgente (Chatarra)
ES182175866E,PRODUCT 1,64.5,3240.0,1. Urgente (Chatarra)
ES182211552A,PRODUCT 1,16.0,3240.0,1. Urgente (Chatarra)
ES182204114M,PRODUCT 1,10.0,3240.0,2. Alta (Renovación)
ES182316742V,PRODUCT 1,18.0,3240.0,1. Urgente (Chatarra)
ES182351384L,PRODUCT 1,12.0,3240.0,2. Alta (Renovación)
ES182321814O,PRODUCT 1,15.0,3240.0,2. Alta (Renovación)
ES182115787Q,PRODUCT 1,13.0,3240.0,2. Alta (Renovación)
ES182142073Q,PRODUCT 1,13.0,3240.0,2. Alta (Renovación)
ES182172289C,PRODUCT 1,20.0,3240.0,1. Urgente (Chatarra)
ES182157215Z,PRODUCT 1,23.0,3240.0,1. Urgente (Chatarra)
ES182224959D,PRODUCT 1,19.0,3240.0,1. Urgente (Chatarra)
ES182380568N,PRODUCT 1,20.0,3240.0,1. Urgente (Chatarra)
ES182372256G,PRODUCT 1,13.0,3240.0,2. Alta (Renovación)
ES182364693A,PRODUCT 1,17.0,3240.0,1. Urgente (Chatarra)
ES182325048T,PRODUCT 1,21.0,3240.0,1. Urgente (Chatarra)
ES182238115V,PRODUCT 1,10.0,3240.0,2. Alta (Renovación)
ES182167685G,PRODUCT 1,15.0,3240.0,2. Alta (Renovación)
ES182394362A,PRODUCT 1,19.0,3240.0,1. Urgente (Chatarra)
ES182318972D,PRODUCT 1,20.0,3240.0,1. Urgente (Chatarra)
ES182173791M,PRODUCT 1,24.0,3240.0,1. Urgente (Chatarra)
ES182165066A,PRODUCT 1,10.0,3240.0,2. Alta (Renovación)
ES182175600A,PRODUCT 1,15.0,3240.0,2. Alta (Renovación)
ES182216460J,PRODUCT 1,28.0,3240.0,1. Urgente (Chatarra)
ES182309505Q,PRODUCT 1,13.0,3240.0,2. Alta (Renovación)
ES182394135F,PRODUCT 1,15.0,3240.0,2. Alta (Renovación)
ES182155675U,PRODUCT 2,11.0,3240.0,2. Alta (Renovación)
ES182275557C,PRODUCT 1,12.0,3240.0,2. Alta (Renovación)
ES182109810V,PRODUCT 1,13.0,3240.0,2. Alta (Renovación)
ES182203759T,PRODUCT 1,16.0,3240.0,1. Urgente (Chatarra)
ES182286183Z,PRODUCT 1,14.0,3240.0,2. Alta (Renovación)
ES182317140E,PRODUCT 1,14.0,3240.0,2. Alta (Renovación)
ES182331083K,PRODUCT 1,10.0,3240.0,2. Alta (Renovación)
ES182123844K,PRODUCT 1,21.0,3240.0,1. Urgente (Chatarra)
ES182259690F,PRODUCT 1,16.0,3240.0,1. Urgente (Chatarra)
ES182238220K,PRODUCT 1,25.0,3240.0,1. Urgente (Chatarra)
ES182367681G,PRODUCT 1,24.0,3240.0,1. Urgente (Chatarra)
ES182444587D,PRODUCT 1,12.0,3240.0,2. Alta (Renovación)
ES182371236M,PRODUCT 1,15.0,3240.0,2. Alta (Renovación)
ES182306999I,PRODUCT 1,10.0,3240.0,2. Alta (Renovación)
ES182427117K,PRODUCT 1,17.0,3240.0,1. Urgente (Chatarra)
ES182436151X,PRODUCT 2,13.0,3240.0,2. Alta (Renovación)
ES182145889Y,PRODUCT 1,64.0,3240.0,1. Urgente (Chatarra)
ES182440667Y,PRODUCT 2,11.0,3240.0,2. Alta (Renovación)
ES182159503X,PRODUCT 1,15.0,3240.0,2. Alta (Renovación)
ES182241571R,PRODUCT 1,18.0,3240.0,1. Urgente (Chatarra)
ES182170282O,PRODUCT 1,11.0,3240.0,2. Alta (Renovación)
ES182174720P,PRODUCT 1,12.0,3240.0,2. Alta (Renovación)
ES182434278Z,PRODUCT 2,12.0,3240.0,2. Alta (Renovación)
ES182399120J,PRODUCT 1,14.0,3240.0,2. Alta (Renovación)
ES182142851P,PRODUCT 1,13.0,3240.0,2. Alta (Renovación)
ES182277688D,PRODUCT 1,12.0,3240.0,2. Alta (Renovación)
ES182281015W,PRODUCT 1,16.0,3240.0,1. Urgente (Chatarra)
ES182220946L,PRODUCT 2,16.0,3240.0,1. Urgente (Chatarra)
ES182288116L,PRODUCT 1,13.0,3240.0,2. Alta (Renovación)
ES182387003L,PRODUCT 1,32.0,3240.0,1. Urgente (Chatarra)
ES182211895V,PRODUCT 1,11.0,3240.0,2. Alta (Renovación)
ES182325333U,PRODUCT 2,64.0,3240.0,1. Urgente (Chatarra)
ES182301239T,PRODUCT 1,11.0,3240.0,2. Alta (Renovación)
ES182335046L,PRODUCT 1,18.0,3240.0,1. Urgente (Chatarra)
ES182265626U,PRODUCT 1,10.0,3240.0,2. Alta (Renovación)
ES182448682P,PRODUCT 1,22.0,3240.0,1. Urgente (Chatarra)
ES182401527P,PRODUCT 1,16.0,3240.0,1. Urgente (Chatarra)
ES182342490N,PRODUCT 1,12.0,3240.0,2. Alta (Renovación)
ES182356904Q,PRODUCT 1,10.0,3240.0,2. Alta (Renovación)
ES182108557Y,PRODUCT 1,15.0,3240.0,2. Alta (Renovación)
ES182292802M,PRODUCT 1,12.0,3240.0,2. Alta (Renovación)
ES182339991E,PRODUCT 1,12.0,3240.0,2. Alta (Renovación)
ES182113713C,PRODUCT 1,13.0,3240.0,2. Alta (Renovación)
ES182119332N,PRODUCT 1,42.0,3240.0,1. Urgente (Chatarra)
ES182272807U,PRODUCT 2,16.0,3240.0,1. Urgente (Chatarra)
ES182378707F,PRODUCT 1,20.0,3240.0,1. Urgente (Chatarra)
ES182183900U,PRODUCT 1,17.0,3240.0,1. Urgente (Chatarra)
ES182362413X,PRODUCT 1,15.0,3240.0,2. Alta (Renovación)
ES182151628Q,PRODUCT 1,64.0,3240.0,1. Urgente (Chatarra)
ES182243005R,PRODUCT 1,22.0,3240.0,1. Urgente (Chatarra)
ES182204768K,PRODUCT 1,12.0,3240.0,2. Alta (Renovación)
ES182311886J,PRODUCT 2,12.0,3240.0,2. Alta (Renovación)
ES182131513U,PRODUCT 2,14.0,3240.0,2. Alta (Renovación)
ES182283692W,PRODUCT 1,12.0,3240.0,2. Alta (Renovación)
ES182358465V,PRODUCT 1,19.0,3240.0,1. Urgente (Chatarra)
ES182375149M,PRODUCT 1,13.0,3240.0,2. Alta (Renovación)
ES182109558M,PRODUCT 2,34.0,3240.0,1. Urgente (Chatarra)
ES182288405A,PRODUCT 1,17.0,3240.0,1. Urgente (Chatarra)
ES182433784G,PRODUCT 1,18.0,3240.0,1. Urgente (Chatarra)
ES182375413J,PRODUCT 1,10.0,3240.0,2. Alta (Renovación)
ES182318898S,PRODUCT 1,15.0,3240.0,2. Alta (Renovación)
ES182294181C,PRODUCT 1,12.0,3240.0,2. Alta (Renovación)
ES182440882T,PRODUCT 1,13.0,3240.0,2. Alta (Renovación)
ES182415940W,PRODUCT 1,64.0,3240.0,1. Urgente (Chatarra)
ES182241301D,PRODUCT 1,16.0,3240.0,1. Urgente (Chatarra)
ES182453028J,PRODUCT 1,17.0,3240.0,1. Urgente (Chatarra)
ES182237449O,PRODUCT 1,26.0,3240.0,1. Urgente (Chatarra)
ES182115871O,PRODUCT 1,12.0,3240.0,2. Alta (Renovación)
ES182419519E,PRODUCT 1,11.0,3240.0,2. Alta (Renovación)
ES182104269J,PRODUCT 1,17.0,3240.0,1. Urgente (Chatarra)
ES182370169H,PRODUCT 1,13.0,3240.0,2. Alta (Renovación)
ES182129698O,PRODUCT 1,10.0,3240.0,2. Alta (Renovación)
ES182402395G,PRODUCT 1,18.0,3240.0,1. Urgente (Chatarra)
ES182390852C,PRODUCT 1,13.0,3240.0,2. Alta (Renovación)
ES182260751N,PRODUCT 1,15.0,3240.0,2. Alta (Renovación)
ES182287010Y,PRODUCT 1,12.0,3240.0,2. Alta (Renovación)
ES182396738Y,PRODUCT 1,18.0,3240.0,1. Urgente (Chatarra)
ES182175117S,PRODUCT 1,12.0,3240.0,2. Alta (Renovación)
ES182375172A,PRODUCT 1,13.0,3240.0,2. Alta (Renovación)
ES182390500T,PRODUCT 1,11.0,3240.0,2. Alta (Renovación)
ES182440705P,PRODUCT 1,11.0,3240.0,2. Alta (Renovación)
ES182211077H,PRODUCT 1,13.0,3240.0,2. Alta (Renovación)
ES182171980J,PRODUCT 1,15.0,3240.0,2. Alta (Renovación)
ES182129744I,PRODUCT 1,11.0,3240.0,2. Alta (Renovación)
ES182429519A,PRODUCT 1,15.0,3240.0,2. Alta (Renovación)
ES182407223J,PRODUCT 1,17.0,3240.0,1. Urgente (Chatarra)
ES182412142Z,PRODUCT 1,11.0,3240.0,2. Alta (Renovación)
ES182435269F,PRODUCT 1,16.0,3240.0,1. Urgente (Chatarra)
ES182108994B,PRODUCT 1,14.0,3240.0,2. Alta (Renovación)
ES182398071X,PRODUCT 1,14.0,3240.0,2. Alta (Renovación)
ES182415046S,PRODUCT 1,10.0,3240.0,2. Alta (Renovación)
ES182149047N,PRODUCT 2,24.0,3240.0,1. Urgente (Chatarra)
ES182109622U,PRODUCT 1,20.0,3240.0,1. Urgente (Chatarra)
ES182294637I,PRODUCT 1,11.0,3240.0,2. Alta (Renovación)
ES182253953S,PRODUCT 1,12.0,3240.0,2. Alta (Renovación)
ES182350581G,PRODUCT 1,16.0,3240.0,1. Urgente (Chatarra)
ES182423397S,PRODUCT 1,11.0,3240.0,2. Alta (Renovación)
ES182416833Q,PRODUCT 1,12.0,3240.0,2. Alta (Renovación)
ES182157526O,PRODUCT 1,13.0,3240.0,2. Alta (Renovación)
ES182329301E,PRODUCT 1,22.0,3240.0,1. Urgente (Chatarra)
ES182104477L,PRODUCT 1,22.0,3240.0,1. Urgente (Chatarra)
ES182287490E,PRODUCT 1,30.0,3240.0,1. Urgente (Chatarra)
ES182115740A,PRODUCT 1,64.5,3240.0,1. Urgente (Chatarra)
ES182218612M,PRODUCT 1,10.0,3240.0,2. Alta (Renovación)
ES182451577C,PRODUCT 1,12.0,3240.0,2. Alta (Renovación)
ES182212457L,PRODUCT 1,22.0,3240.0,1. Urgente (Chatarra)
ES182122495D,PRODUCT 1,15.0,3240.0,2. Alta (Renovación)
ES182213696J,PRODUCT 1,14.0,3240.0,2. Alta (Renovación)
ES182165412L,PRODUCT 1,10.0,3240.0,2. Alta (Renovación)
ES182216684P,PRODUCT 1,14.0,3240.0,2. Alta (Renovación)
ES182298044N,PRODUCT 1,64.0,3240.0,1. Urgente (Chatarra)
ES182368567B,PRODUCT 1,19.0,3240.0,1. Urgente (Chatarra)
ES182433488S,PRODUCT 1,10.0,3240.0,2. Alta (Renovación)
ES182276041L,PRODUCT 1,12.0,3240.0,2. Alta (Renovación)
ES182200945F,PRODUCT 1,14.0,3240.0,2. Alta (Renovación)
ES182365919L,PRODUCT 1,12.0,3240.0,2. Alta (Renovación)
ES182320543B,PRODUCT 1,64.5,3240.0,1. Urgente (Chatarra)
ES182164023J,PRODUCT 1,13.0,3240.0,2. Alta (Renovación)
ES182187003B,PRODUCT 1,14.0,3240.0,2. Alta (Renovación)
ES182365748N,PRODUCT 1,21.0,3240.0,1. Urgente (Chatarra)
ES182227657X,PRODUCT 1,14.0,3240.0,2. Alta (Renovación)
ES182293109Y,PRODUCT 1,27.0,3240.0,1. Urgente (Chatarra)
ES182220069J,PRODUCT 1,16.0,3240.0,1. Urgente (Chatarra)
ES182448869B,PRODUCT 1,21.0,3240.0,1. Urgente (Chatarra)
ES182371061B,PRODUCT 1,13.0,3240.0,2. Alta (Renovación)
ES182182823Q,PRODUCT 1,64.0,3240.0,1. Urgente (Chatarra)
ES182416493K,PRODUCT 1,38.0,3240.0,1. Urgente (Chatarra)
ES182235676W,PRODUCT 1,12.0,3240.0,2. Alta (Renovación)
ES182369886G,PRODUCT 1,11.0,3240.0,2. Alta (Renovación)
ES182167026B,PRODUCT 1,23.0,3240.0,1. Urgente (Chatarra)
ES182146660H,PRODUCT 1,12.0,3240.0,2. Alta (Renovación)
ES182425656O,PRODUCT 1,11.0,3240.0,2. Alta (Renovación)
ES182140637Y,PRODUCT 1,10.0,3240.0,2. Alta (Renovación)
ES182169392X,PRODUCT 1,18.0,3240.0,1. Urgente (Chatarra)
ES182306894V,PRODUCT 1,14.0,3240.0,2. Alta (Renovación)
ES182219014Q,PRODUCT 1,16.0,3240.0,1. Urgente (Chatarra)
ES182393317D,PRODUCT 1,16.0,3240.0,1. Urgente (Chatarra)
ES182377503B,PRODUCT 1,12.0,3240.0,2. Alta (Renovación)
ES182167263T,PRODUCT 1,11.0,3240.0,2. Alta (Renovación)
ES182162857D,PRODUCT 2,19.0,3240.0,1. Urgente (Chatarra)
ES182384572T,PRODUCT 1,10.0,3240.0,2. Alta (Renovación)
ES182263180M,PRODUCT 1,16.0,3240.0,1. Urgente (Chatarra)
ES182145222R,PRODUCT 1,11.0,3240.0,2. Alta (Renovación)
ES182426519Q,PRODUCT 1,13.0,3240.0,2. Alta (Renovación)
ES182222894D,PRODUCT 2,14.0,3240.0,2. Alta (Renovación)
ES182408532J,PRODUCT 1,10.0,3240.0,2. Alta (Renovación)
ES182120590X,PRODUCT 1,10.0,3240.0,2. Alta (Renovación)
ES182116929Q,PRODUCT 1,27.0,3240.0,1. Urgente (Chatarra)
ES182318350P,PRODUCT 1,14.0,3240.0,2. Alta (Renovación)
ES182436673X,PRODUCT 1,14.0,3240.0,2. Alta (Renovación)
ES182383559Y,PRODUCT 1,64.0,3240.0,1. Urgente (Chatarra)
ES182378286D,PRODUCT 1,16.0,3240.0,1. Urgente (Chatarra)
ES182314824Y,PRODUCT 1,17.0,3240.0,1. Urgente (Chatarra)
ES182112975O,PRODUCT 1,12.0,3240.0,2. Alta (Renovación)
ES182279785B,PRODUCT 1,13.0,3240.0,2. Alta (Renovación)
ES182205675H,PRODUCT 1,12.0,3240.0,2. Alta (Renovación)
ES182166964C,PRODUCT 1,13.0,3240.0,2. Alta (Renovación)
ES182229832D,PRODUCT 1,15.0,3240.0,2. Alta (Renovación)
ES182376805D,PRODUCT 1,12.0,3240.0,2. Alta (Renovación)
ES182171842I,PRODUCT 1,12.0,3240.0,2. Alta (Renovación)
ES182155245T,PRODUCT 1,22.0,3240.0,1. Urgente (Chatarra)
ES182158508O,PRODUCT 1,64.0,3240.0,1. Urgente (Chatarra)
ES182380750U,PRODUCT 1,13.0,3240.0,2. Alta (Renovación)
ES182400590A,PRODUCT 1,19.0,3240.0,1. Urgente (Chatarra)
ES182101824Q,PRODUCT 1,10.0,3240.0,2. Alta (Renovación)
ES182246184W,PRODUCT 1,17.0,3240.0,1. Urgente (Chatarra)
ES182351004R,PRODUCT 1,14.0,3240.0,2. Alta (Renovación)
ES182342391Z,PRODUCT 1,16.0,3240.0,1. Urgente (Chatarra)
ES182152423M,PRODUCT 1,13.0,3240.0,2. Alta (Renovación)
ES182180243I,PRODUCT 1,13.0,3240.0,2. Alta (Renovación)
ES182152686M,PRODUCT 1,11.0,3240.0,2. Alta (Renovación)
ES182358318K,PRODUCT 1,24.0,3240.0,1. Urgente (Chatarra)
ES182191317Q,PRODUCT 2,17.0,3240.0,1. Urgente (Chatarra)
ES182116742I,PRODUCT 1,15.0,3240.0,2. Alta (Renovación)
ES182324612D,PRODUCT 1,15.0,3240.0,2. Alta (Renovación)
ES182350160H,PRODUCT 1,21.0,3240.0,1. Urgente (Chatarra)
ES182211059D,PRODUCT 1,12.0,3240.0,2. Alta (Renovación)
ES182168018L,PRODUCT 1,64.0,3240.0,1. Urgente (Chatarra)
ES182361347A,PRODUCT 1,13.0,3240.0,2. Alta (Renovación)
ES182415166S,PRODUCT 1,21.0,3240.0,1. Urgente (Chatarra)
ES182236246Y,PRODUCT 1,10.0,3240.0,2. Alta (Renovación)
ES182394509R,PRODUCT 1,64.0,3240.0,1. Urgente (Chatarra)
ES182439000O,PRODUCT 1,11.0,3240.0,2. Alta (Renovación)
ES182324424Q,PRODUCT 1,18.0,3240.0,1. Urgente (Chatarra)
ES182399664C,PRODUCT 1,14.0,3240.0,2. Alta (Renovación)
ES182380255B,PRODUCT 1,64.0,3240.0,1. Urgente (Chatarra)
ES182302044W,PRODUCT 1,13.0,3240.0,2. Alta (Renovación)
ES182418647T,PRODUCT 1,10.0,3240.0,2. Alta (Renovación)
ES182104476K,PRODUCT 1,15.0,3240.0,2. Alta (Renovación)
ES182335701W,PRODUCT 1,26.0,3240.0,1. Urgente (Chatarra)
ES182324006Y,PRODUCT 1,15.0,3240.0,2. Alta (Renovación)
ES182226655L,PRODUCT 1,21.0,3240.0,1. Urgente (Chatarra)
ES182222292V,PRODUCT 1,12.0,3240.0,2. Alta (Renovación)
ES182144559V,PRODUCT 2,11.0,3240.0,2. Alta (Renovación)
ES182287279K,PRODUCT 2,11.0,3240.0,2. Alta (Renovación)
ES182104023H,PRODUCT 1,14.0,3240.0,2. Alta (Renovación)
ES182210339P,PRODUCT 1,14.0,3240.0,2. Alta (Renovación)
ES182328055K,PRODUCT 1,20.0,3240.0,1. Urgente (Chatarra)
ES182310537L,PRODUCT 1,15.0,3240.0,2. Alta (Renovación)
ES182315137E,PRODUCT 1,12.0,3240.0,2. Alta (Renovación)
ES182125645Z,PRODUCT 1,10.0,3240.0,2. Alta (Renovación)
ES182384786A,PRODUCT 2,33.0,3240.0,1. Urgente (Chatarra)
ES182289605T,PRODUCT 1,15.0,3240.0,2. Alta (Renovación)
ES182109034L,PRODUCT 1,15.0,3240.0,2. Alta (Renovación)
ES182378583N,PRODUCT 1,12.0,3240.0,2. Alta (Renovación)
ES182354551I,PRODUCT 1,13.0,3240.0,2. Alta (Renovación)
ES182293970B,PRODUCT 1,22.0,3240.0,1. Urgente (Chatarra)
ES182131147M,PRODUCT 1,18.0,3240.0,1. Urgente (Chatarra)
ES182167770D,PRODUCT 1,13.0,3240.0,2. Alta (Renovación)
ES182264325M,PRODUCT 1,22.0,3240.0,1. Urgente (Chatarra)
ES182385160E,PRODUCT 1,20.0,3240.0,1. Urgente (Chatarra)
ES182298295P,PRODUCT 1,11.0,3240.0,2. Alta (Renovación)
ES182418096A,PRODUCT 1,11.0,3240.0,2. Alta (Renovación)
ES182309674K,PRODUCT 1,10.0,3240.0,2. Alta (Renovación)
ES182199935C,PRODUCT 1,16.0,3240.0,1. Urgente (Chatarra)
ES182277960X,PRODUCT 1,16.0,3240.0,1. Urgente (Chatarra)
ES182321430Z,PRODUCT 1,19.0,3240.0,1. Urgente (Chatarra)
ES182108568A,PRODUCT 1,11.0,3240.0,2. Alta (Renovación)
ES182401675N,PRODUCT 1,19.0,3240.0,1. Urgente (Chatarra)
ES182145133W,PRODUCT 1,12.0,3240.0,2. Alta (Renovación)
ES182113182Z,PRODUCT 1,13.0,3240.0,2. Alta (Renovación)
ES182141143H,PRODUCT 1,18.0,3240.0,1. Urgente (Chatarra)
ES182169179O,PRODUCT 1,13.0,3240.0,2. Alta (Renovación)
ES182149065C,PRODUCT 1,11.0,3240.0,2. Alta (Renovación)
ES182218097O,PRODUCT 1,14.0,3240.0,2. Alta (Renovación)
ES182323408Q,PRODUCT 1,10.0,3240.0,2. Alta (Renovación)
ES182329804E,PRODUCT 1,20.0,3240.0,1. Urgente (Chatarra)
ES182451128A,PRODUCT 1,11.0,3240.0,2. Alta (Renovación)
ES182258123T,PRODUCT 1,11.0,3240.0,2. Alta (Renovación)
ES182292074G,PRODUCT 1,41.0,3240.0,1. Urgente (Chatarra)
ES182257560H,PRODUCT 1,25.0,3240.0,1. Urgente (Chatarra)
ES182345883J,PRODUCT 1,13.0,3240.0,2. Alta (Renovación)
ES182144415C,PRODUCT 1,11.0,3240.0,2. Alta (Renovación)
ES182415934V,PRODUCT 2,15.0,3240.0,2. Alta (Renovación)
ES182166861D,PRODUCT 1,11.0,3240.0,2. Alta (Renovación)
ES182342226C,PRODUCT 1,10.0,3240.0,2. Alta (Renovación)
ES182236662P,PRODUCT 1,13.0,3240.0,2. Alta (Renovación)
ES182388493U,PRODUCT 1,64.0,3240.0,1. Urgente (Chatarra)
ES182204397P,PRODUCT 1,12.0,3240.0,2. Alta (Renovación)
ES182244553U,PRODUCT 1,14.0,3240.0,2. Alta (Renovación)
ES182396703E,PRODUCT 1,17.0,3240.0,1. Urgente (Chatarra)
ES182101330R,PRODUCT 2,17.0,3240.0,1. Urgente (Chatarra)
ES182145232Y,PRODUCT 1,18.0,3240.0,1. Urgente (Chatarra)
ES182237131O,PRODUCT 1,20.0,3240.0,1. Urgente (Chatarra)
ES182347239E,PRODUCT 1,12.0,3240.0,2. Alta (Renovación)
ES182267117G,PRODUCT 1,13.0,3240.0,2. Alta (Renovación)
ES182342751J,PRODUCT 2,41.0,3240.0,1. Urgente (Chatarra)
ES182353428H,PRODUCT 1,15.0,3240.0,2. Alta (Renovación)
ES182254375E,PRODUCT 1,14.0,3240.0,2. Alta (Renovación)
ES182240677W,PRODUCT 1,12.0,3240.0,2. Alta (Renovación)
ES182129766H,PRODUCT 2,10.0,3240.0,2. Alta (Renovación)
ES182287668E,PRODUCT 1,11.0,3240.0,2. Alta (Renovación)
ES182231841X,PRODUCT 1,15.0,3240.0,2. Alta (Renovación)
ES182240417Z,PRODUCT 1,17.0,3240.0,1. Urgente (Chatarra)
ES182350498T,PRODUCT 1,20.0,3240.0,1. Urgente (Chatarra)
ES182143807M,PRODUCT 1,17.0,3240.0,1. Urgente (Chatarra)
ES182167319P,PRODUCT 1,14.0,3240.0,2. Alta (Renovación)
ES182257468G,PRODUCT 1,14.0,3240.0,2. Alta (Renovación)
ES182279113W,PRODUCT 1,15.0,3240.0,2. Alta (Renovación)
ES182254971D,PRODUCT 1,21.0,3240.0,1. Urgente (Chatarra)
ES182375914Z,PRODUCT 1,18.0,3240.0,1. Urgente (Chatarra)
ES182305528M,PRODUCT 1,21.0,3240.0,1. Urgente (Chatarra)
ES182398313J,PRODUCT 1,13.0,3240.0,2. Alta (Renovación)
ES182417955V,PRODUCT 1,19.0,3240.0,1. Urgente (Chatarra)
ES182398928G,PRODUCT 1,24.0,3240.0,1. Urgente (Chatarra)
ES182429741Y,PRODUCT 1,16.0,3240.0,1. Urgente (Chatarra)
ES182277541M,PRODUCT 1,64.0,3240.0,1. Urgente (Chatarra)
ES182256861F,PRODUCT 1,11.0,3240.0,2. Alta (Renovación)
ES182141374R,PRODUCT 1,10.0,3240.0,2. Alta (Renovación)
ES182430430B,PRODUCT 1,17.0,3240.0,1. Urgente (Chatarra)
ES182349428T,PRODUCT 1,15.0,3240.0,2. Alta (Renovación)
ES182207931A,PRODUCT 1,15.0,3240.0,2. Alta (Renovación)
ES182215755B,PRODUCT 1,12.0,3240.0,2. Alta (Renovación)
ES182175327N,PRODUCT 1,64.0,3240.0,1. Urgente (Chatarra)
ES182396125C,PRODUCT 1,21.0,3240.0,1. Urgente (Chatarra)
ES182290444R,PRODUCT 1,11.0,3240.0,2. Alta (Renovación)
ES182102636G,PRODUCT 1,22.0,3240.0,1. Urgente (Chatarra)
ES182145611X,PRODUCT 2,20.0,3240.0,1. Urgente (Chatarra)
ES182282958M,PRODUCT 1,21.0,3240.0,1. Urgente (Chatarra)
ES182196688O,PRODUCT 1,10.0,3240.0,2. Alta (Renovación)
ES182117411F,PRODUCT 1,14.0,3240.0,2. Alta (Renovación)
ES182210890O,PRODUCT 1,23.0,3240.0,1. Urgente (Chatarra)
ES182210340W,PRODUCT 1,17.0,3240.0,1. Urgente (Chatarra)
ES182209050B,PRODUCT 1,14.0,3240.0,2. Alta (Renovación)
ES182432868D,PRODUCT 1,13.0,3240.0,2. Alta (Renovación)
ES182402438F,PRODUCT 1,11.0,3240.0,2. Alta (Renovación)
ES182171317D,PRODUCT 1,13.0,3240.0,2. Alta (Renovación)
ES182170417E,PRODUCT 1,14.0,3240.0,2. Alta (Renovación)
ES182215935M,PRODUCT 1,15.0,3240.0,2. Alta (Renovación)
ES182374073M,PRODUCT 1,14.0,3240.0,2. Alta (Renovación)
ES182386499Y,PRODUCT 1,15.0,3240.0,2. Alta (Renovación)
ES182236018B,PRODUCT 2,64.5,3240.0,1. Urgente (Chatarra)
ES182238422U,PRODUCT 1,25.0,3240.0,1. Urgente (Chatarra)
ES182155698C,PRODUCT 1,22.0,3240.0,1. Urgente (Chatarra)
ES182338670D,PRODUCT 1,14.0,3240.0,2. Alta (Renovación)
ES182305088S,PRODUCT 1,15.0,3240.0,2. Alta (Renovación)
ES182249127U,PRODUCT 1,10.0,3240.0,2. Alta (Renovación)
ES182455408G,PRODUCT 1,12.0,3240.0,2. Alta (Renovación)
ES182286963U,PRODUCT 1,15.0,3240.0,2. Alta (Renovación)
ES182352766R,PRODUCT 1,11.0,3240.0,2. Alta (Renovación)
ES182272838A,PRODUCT 1,15.0,3240.0,2. Alta (Renovación)
ES182387125F,PRODUCT 1,17.0,3240.0,1. Urgente (Chatarra)
ES182288278J,PRODUCT 1,11.0,3240.0,2. Alta (Renovación)
ES182146363K,PRODUCT 1,10.0,3240.0,2. Alta (Renovación)
ES182188726V,PRODUCT 1,20.0,3240.0,1. Urgente (Chatarra)
ES182271959L,PRODUCT 1,45.0,3240.0,1. Urgente (Chatarra)
ES182117074C,PRODUCT 1,13.0,3240.0,2. Alta (Renovación)
ES182421077A,PRODUCT 1,11.0,3240.0,2. Alta (Renovación)
ES182349452U,PRODUCT 1,19.0,3240.0,1. Urgente (Chatarra)
ES182230104K,PRODUCT 1,64.0,3240.0,1. Urgente (Chatarra)
ES182308405Y,PRODUCT 1,13.0,3240.0,2. Alta (Renovación)
ES182298835O,PRODUCT 1,15.0,3240.0,2. Alta (Renovación)
ES182407194C,PRODUCT 1,11.0,3240.0,2. Alta (Renovación)
ES182308111T,PRODUCT 1,10.0,3240.0,2. Alta (Renovación)
ES182293562U,PRODUCT 1,10.0,3240.0,2. Alta (Renovación)
ES182304912K,PRODUCT 2,11.0,3240.0,2. Alta (Renovación)
ES182154715K,PRODUCT 1,21.0,3240.0,1. Urgente (Chatarra)
ES182212403T,PRODUCT 1,10.0,3240.0,2. Alta (Renovación)
ES182338975O,PRODUCT 1,15.0,3240.0,2. Alta (Renovación)
ES182379287T,PRODUCT 1,15.0,3240.0,2. Alta (Renovación)
ES182302214R,PRODUCT 1,15.0,3240.0,2. Alta (Renovación)
ES182106649A,PRODUCT 1,13.0,3240.0,2. Alta (Renovación)
ES182428032I,PRODUCT 1,13.0,3240.0,2. Alta (Renovación)
ES182295838T,PRODUCT 1,16.0,3240.0,1. Urgente (Chatarra)
ES182189327C,PRODUCT 1,15.0,3240.0,2. Alta (Renovación)
ES182132336N,PRODUCT 1,11.0,3240.0,2. Alta (Renovación)
ES182157055G,PRODUCT 1,63.0,3240.0,1. Urgente (Chatarra)
ES182121494O,PRODUCT 1,10.0,3240.0,2. Alta (Renovación)
ES182236329B,PRODUCT 1,10.0,3240.0,2. Alta (Renovación)
ES182353910E,PRODUCT 1,13.0,3240.0,2. Alta (Renovación)
ES182331998H,PRODUCT 1,20.0,3240.0,1. Urgente (Chatarra)
ES182291035H,PRODUCT 1,13.0,3240.0,2. Alta (Renovación)
ES182100493H,PRODUCT 1,16.0,3240.0,1. Urgente (Chatarra)
ES182134723F,PRODUCT 1,15.0,3240.0,2. Alta (Renovación)
ES182258278I,PRODUCT 1,10.0,3240.0,2. Alta (Renovación)
ES182350134I,PRODUCT 1,18.0,3240.0,1. Urgente (Chatarra)
ES182340453Q,PRODUCT 1,16.0,3240.0,1. Urgente (Chatarra)
ES182284134Q,PRODUCT 1,10.0,3240.0,2. Alta (Renovación)
ES182426321T,PRODUCT 1,18.0,3240.0,1. Urgente (Chatarra)
ES182233504J,PRODUCT 1,64.5,3240.0,1. Urgente (Chatarra)
ES182235395U,PRODUCT 1,11.0,3240.0,2. Alta (Renovación)
ES182296319P,PRODUCT 1,13.0,3240.0,2. Alta (Renovación)
ES182116373A,PRODUCT 1,14.0,3240.0,2. Alta (Renovación)
ES182221336G,PRODUCT 1,10.0,3240.0,2. Alta (Renovación)
ES182179608M,PRODUCT 1,10.0,3240.0,2. Alta (Renovación)
ES182267434O,PRODUCT 1,17.0,3240.0,1. Urgente (Chatarra)
ES182156173S,PRODUCT 1,13.0,3240.0,2. Alta (Renovación)
ES182452973O,PRODUCT 2,64.0,3240.0,1. Urgente (Chatarra)
ES182312116J,PRODUCT 1,13.0,3240.0,2. Alta (Renovación)
ES182291837G,PRODUCT 1,10.0,3240.0,2. Alta (Renovación)
ES182266727U,PRODUCT 1,16.0,3240.0,1. Urgente (Chatarra)
ES182349183V,PRODUCT 1,30.0,3240.0,1. Urgente (Chatarra)
ES182365263L,PRODUCT 1,12.0,3240.0,2. Alta (Renovación)
ES182271835C,PRODUCT 1,13.0,3240.0,2. Alta (Renovación)
ES182323582W,PRODUCT 1,12.0,3240.0,2. Alta (Renovación)
ES182219323D,PRODUCT 1,20.0,3240.0,1. Urgente (Chatarra)
ES182221197B,PRODUCT 1,10.0,3240.0,2. Alta (Renovación)
ES182211201O,PRODUCT 1,18.0,3240.0,1. Urgente (Chatarra)
ES182112950P,PRODUCT 2,11.0,3240.0,2. Alta (Renovación)
ES182230108X,PRODUCT 1,64.0,3240.0,1. Urgente (Chatarra)
ES182274677Z,PRODUCT 2,64.0,3240.0,1. Urgente (Chatarra)
ES182391413A,PRODUCT 1,11.0,3240.0,2. Alta (Renovación)
ES182420305E,PRODUCT 1,17.0,3240.0,1. Urgente (Chatarra)
ES182454402L,PRODUCT 1,10.0,3240.0,2. Alta (Renovación)
ES182355597E,PRODUCT 1,11.0,3240.0,2. Alta (Renovación)
ES182385707B,PRODUCT 1,19.0,3240.0,1. Urgente (Chatarra)
ES182274215P,PRODUCT 1,14.0,3240.0,2. Alta (Renovación)
ES182406526K,PRODUCT 1,11.0,3240.0,2. Alta (Renovación)
ES182308444Q,PRODUCT 1,25.0,3240.0,1. Urgente (Chatarra)
ES182451374X,PRODUCT 1,12.0,3240.0,2. Alta (Renovación)
ES182316630P,PRODUCT 1,11.0,3240.0,2. Alta (Renovación)
ES182210644O,PRODUCT 1,14.0,3240.0,2. Alta (Renovación)
ES182149252Z,PRODUCT 1,22.0,3240.0,1. Urgente (Chatarra)
ES182377630Q,PRODUCT 1,25.0,3240.0,1. Urgente (Chatarra)
ES182132847B,PRODUCT 1,13.0,3240.0,2. Alta (Renovación)
ES182199455V,PRODUCT 1,10.0,3240.0,2. Alta (Renovación)
ES182226460F,PRODUCT 1,19.0,3240.0,1. Urgente (Chatarra)
ES182193802K,PRODUCT 1,16.0,3240.0,1. Urgente (Chatarra)
ES182339373N,PRODUCT 1,19.0,3240.0,1. Urgente (Chatarra)
ES182269182J,PRODUCT 1,12.0,3240.0,2. Alta (Renovación)
ES182174354D,PRODUCT 1,24.0,3240.0,1. Urgente (Chatarra)
ES182130301K,PRODUCT 1,16.0,3240.0,1. Urgente (Chatarra)
ES182185952A,PRODUCT 1,16.0,3240.0,1. Urgente (Chatarra)
ES182327105Z,PRODUCT 1,16.0,3240.0,1. Urgente (Chatarra)
ES182418318T,PRODUCT 1,10.0,3240.0,2. Alta (Renovación)
ES182265359D,PRODUCT 1,64.0,3240.0,1. Urgente (Chatarra)
ES182187148P,PRODUCT 1,64.0,3240.0,1. Urgente (Chatarra)
ES182338983U,PRODUCT 1,17.0,3240.0,1. Urgente (Chatarra)
ES182452234C,PRODUCT 1,11.0,3240.0,2. Alta (Renovación)
ES182453330N,PRODUCT 1,19.0,3240.0,1. Urgente (Chatarra)
ES182258383Z,PRODUCT 1,11.0,3240.0,2. Alta (Renovación)
ES182376682U,PRODUCT 1,64.0,3240.0,1. Urgente (Chatarra)
ES182305549Z,PRODUCT 1,10.0,3240.0,2. Alta (Renovación)
ES182452709F,PRODUCT 1,15.0,3240.0,2. Alta (Renovación)
ES182220859N,PRODUCT 2,12.0,3240.0,2. Alta (Renovación)
ES182421894I,PRODUCT 1,20.0,3240.0,1. Urgente (Chatarra)
ES182354654Y,PRODUCT 1,11.0,3240.0,2. Alta (Renovación)
ES182279152Q,PRODUCT 1,19.0,3240.0,1. Urgente (Chatarra)
ES182166450X,PRODUCT 1,12.0,3240.0,2. Alta (Renovación)
ES182329794E,PRODUCT 1,64.0,3240.0,1. Urgente (Chatarra)
ES182280790B,PRODUCT 1,15.0,3240.0,2. Alta (Renovación)
ES182178052Q,PRODUCT 1,12.0,3240.0,2. Alta (Renovación)
ES182297015B,PRODUCT 1,18.0,3240.0,1. Urgente (Chatarra)
ES182406151Q,PRODUCT 1,12.0,3240.0,2. Alta (Renovación)
ES182372968V,PRODUCT 1,14.0,3240.0,2. Alta (Renovación)
ES182391101E,PRODUCT 1,16.0,3240.0,1. Urgente (Chatarra)
ES182450673Y,PRODUCT 1,24.0,3240.0,1. Urgente (Chatarra)
ES182238962U,PRODUCT 1,64.0,3240.0,1. Urgente (Chatarra)
ES182434876O,PRODUCT 2,11.0,3240.0,2. Alta (Renovación)
ES182284792Z,PRODUCT 1,40.0,3240.0,1. Urgente (Chatarra)
ES182117754D,PRODUCT 1,14.0,3240.0,2. Alta (Renovación)
ES182204859J,PRODUCT 1,12.0,3240.0,2. Alta (Renovación)
ES182125867H,PRODUCT 1,13.0,3240.0,2. Alta (Renovación)
ES182242261O,PRODUCT 1,25.0,3240.0,1. Urgente (Chatarra)
ES182116587R,PRODUCT 1,14.0,3240.0,2. Alta (Renovación)
ES182327319Y,PRODUCT 1,13.0,3240.0,2. Alta (Renovación)
ES182221555U,PRODUCT 1,11.0,3240.0,2. Alta (Renovación)
ES182147535P,PRODUCT 1,21.0,3240.0,1. Urgente (Chatarra)
ES182387462D,PRODUCT 1,12.0,3240.0,2. Alta (Renovación)
ES182380048C,PRODUCT 1,24.0,3240.0,1. Urgente (Chatarra)
ES182248138M,PRODUCT 1,11.0,3240.0,2. Alta (Renovación)
ES182192266E,PRODUCT 1,11.0,3240.0,2. Alta (Renovación)
ES182354621V,PRODUCT 1,11.0,3240.0,2. Alta (Renovación)
ES182350645U,PRODUCT 1,26.0,3240.0,1. Urgente (Chatarra)
ES182401998N,PRODUCT 1,13.0,3240.0,2. Alta (Renovación)
ES182120057A,PRODUCT 1,17.0,3240.0,1. Urgente (Chatarra)
ES182115149F,PRODUCT 1,13.0,3240.0,2. Alta (Renovación)
ES182155040L,PRODUCT 1,17.0,3240.0,1. Urgente (Chatarra)
ES182113212U,PRODUCT 1,12.0,3240.0,2. Alta (Renovación)
ES182421138X,PRODUCT 1,13.0,3240.0,2. Alta (Renovación)
ES182166900X,PRODUCT 1,15.0,3240.0,2. Alta (Renovación)
ES182108064L,PRODUCT 2,14.0,3240.0,2. Alta (Renovación)
ES182385057V,PRODUCT 1,10.0,3240.0,2. Alta (Renovación)
ES182255748W,PRODUCT 1,17.0,3240.0,1. Urgente (Chatarra)
ES182227656W,PRODUCT 1,14.0,3240.0,2. Alta (Renovación)
ES182341199R,PRODUCT 2,15.0,3240.0,2. Alta (Renovación)
ES182284524S,PRODUCT 1,20.0,3240.0,1. Urgente (Chatarra)
ES182235131H,PRODUCT 1,13.0,3240.0,2. Alta (Renovación)
ES182191419H,PRODUCT 1,13.0,3240.0,2. Alta (Renovación)
ES182269841Y,PRODUCT 1,18.0,3240.0,1. Urgente (Chatarra)
ES182142678C,PRODUCT 1,12.0,3240.0,2. Alta (Renovación)
ES182378638S,PRODUCT 1,20.0,3240.0,1. Urgente (Chatarra)
ES182407093A,PRODUCT 1,11.0,3240.0,2. Alta (Renovación)
ES182233209P,PRODUCT 1,14.0,3240.0,2. Alta (Renovación)
ES182416863L,PRODUCT 1,29.0,3240.0,1. Urgente (Chatarra)
ES182358846H,PRODUCT 1,12.0,3240.0,2. Alta (Renovación)
ES182158335W,PRODUCT 1,30.0,3240.0,1. Urgente (Chatarra)
ES182388820V,PRODUCT 1,12.0,3240.0,2. Alta (Renovación)
ES182286670K,PRODUCT 1,12.0,3240.0,2. Alta (Renovación)
ES182428459H,PRODUCT 1,10.0,3240.0,2. Alta (Renovación)
ES182451065A,PRODUCT 1,11.0,3240.0,2. Alta (Renovación)
ES182275105E,PRODUCT 1,10.0,3240.0,2. Alta (Renovación)
ES182247289K,PRODUCT 1,14.0,3240.0,2. Alta (Renovación)
ES182424910I,PRODUCT 1,11.0,3240.0,2. Alta (Renovación)
ES182304055F,PRODUCT 1,30.0,3240.0,1. Urgente (Chatarra)
ES182370071M,PRODUCT 1,22.0,3240.0,1. Urgente (Chatarra)
ES182396239C,PRODUCT 1,16.0,3240.0,1. Urgente (Chatarra)
ES182162968F,PRODUCT 1,25.0,3240.0,1. Urgente (Chatarra)
ES182144172F,PRODUCT 1,18.0,3240.0,1. Urgente (Chatarra)
ES182438964H,PRODUCT 1,11.0,3240.0,2. Alta (Renovación)
ES182110384B,PRODUCT 1,12.0,3240.0,2. Alta (Renovación)
ES182172306Z,PRODUCT 1,11.0,3240.0,2. Alta (Renovación)
ES182445247U,PRODUCT 1,12.0,3240.0,2. Alta (Renovación)
ES182134187R,PRODUCT 1,11.0,3240.0,2. Alta (Renovación)
ES182194595I,PRODUCT 1,11.0,3240.0,2. Alta (Renovación)
ES182386034Q,PRODUCT 1,64.0,3240.0,1. Urgente (Chatarra)
ES182142751V,PRODUCT 1,10.0,3240.0,2. Alta (Renovación)
ES182382196G,PRODUCT 1,19.0,3240.0,1. Urgente (Chatarra)
ES182421799F,PRODUCT 1,11.0,3240.0,2. Alta (Renovación)
ES182247442Q,PRODUCT 2,12.0,3240.0,2. Alta (Renovación)
ES182295156O,PRODUCT 1,14.0,3240.0,2. Alta (Renovación)
ES182218733B,PRODUCT 1,19.0,3240.0,1. Urgente (Chatarra)
ES182408941F,PRODUCT 1,10.0,3240.0,2. Alta (Renovación)
ES182113290F,PRODUCT 1,20.0,3240.0,1. Urgente (Chatarra)
ES182131674Z,PRODUCT 1,18.0,3240.0,1. Urgente (Chatarra)
ES182149948A,PRODUCT 1,12.0,3240.0,2. Alta (Renovación)
ES182148064D,PRODUCT 1,15.0,3240.0,2. Alta (Renovación)
ES182327034R,PRODUCT 1,12.0,3240.0,2. Alta (Renovación)
ES182300856Q,PRODUCT 1,12.0,3240.0,2. Alta (Renovación)
ES182186692N,PRODUCT 1,18.0,3240.0,1. Urgente (Chatarra)
ES182185816N,PRODUCT 1,14.0,3240.0,2. Alta (Renovación)
ES182186746F,PRODUCT 1,10.0,3240.0,2. Alta (Renovación)
ES182328982F,PRODUCT 1,11.0,3240.0,2. Alta (Renovación)
ES182274679I,PRODUCT 1,11.0,3240.0,2. Alta (Renovación)
ES182116732Q,PRODUCT 1,28.0,3240.0,1. Urgente (Chatarra)
ES182198743W,PRODUCT 1,25.0,3240.0,1. Urgente (Chatarra)
ES182203820H,PRODUCT 1,16.0,3240.0,1. Urgente (Chatarra)
ES182276592T,PRODUCT 1,19.0,3240.0,1. Urgente (Chatarra)
ES182164830F,PRODUCT 1,10.0,3240.0,2. Alta (Renovación)
ES182366723F,PRODUCT 2,10.0,3240.0,2. Alta (Renovación)
ES182269281E,PRODUCT 1,16.0,3240.0,1. Urgente (Chatarra)
ES182280804U,PRODUCT 1,14.0,3240.0,2. Alta (Renovación)
ES182189155L,PRODUCT 1,11.0,3240.0,2. Alta (Renovación)
ES182392803D,PRODUCT 1,17.0,3240.0,1. Urgente (Chatarra)
ES182313349A,PRODUCT 1,12.0,3240.0,2. Alta (Renovación)
ES182161803N,PRODUCT 1,64.0,3240.0,1. Urgente (Chatarra)
ES182226723C,PRODUCT 1,14.0,3240.0,2. Alta (Renovación)
ES182214727U,PRODUCT 1,13.0,3240.0,2. Alta (Renovación)
ES182230969C,PRODUCT 1,20.0,3240.0,1. Urgente (Chatarra)
ES182119862K,PRODUCT 1,14.0,3240.0,2. Alta (Renovación)
ES182270283E,PRODUCT 1,24.0,3240.0,1. Urgente (Chatarra)
ES182213458Y,PRODUCT 1,12.0,3240.0,2. Alta (Renovación)
ES182183333I,PRODUCT 1,15.0,3240.0,2. Alta (Renovación)
ES182436817Z,PRODUCT 1,11.0,3240.0,2. Alta (Renovación)
ES182405516V,PRODUCT 1,15.0,3240.0,2. Alta (Renovación)
ES182111080R,PRODUCT 1,17.0,3240.0,1. Urgente (Chatarra)
ES182270772E,PRODUCT 1,12.0,3240.0,2. Alta (Renovación)
ES182163932D,PRODUCT 1,22.0,3240.0,1. Urgente (Chatarra)
ES182345352T,PRODUCT 1,15.0,3240.0,2. Alta (Renovación)
ES182372320M,PRODUCT 1,15.0,3240.0,2. Alta (Renovación)
ES182402410J,PRODUCT 1,13.0,3240.0,2. Alta (Renovación)
ES182201765Z,PRODUCT 1,14.0,3240.0,2. Alta (Renovación)
ES182382451J,PRODUCT 1,22.0,3240.0,1. Urgente (Chatarra)
ES182105902S,PRODUCT 1,10.0,3240.0,2. Alta (Renovación)
ES182252199S,PRODUCT 1,11.0,3240.0,2. Alta (Renovación)
ES182271548Q,PRODUCT 1,14.0,3240.0,2. Alta (Renovación)
ES182311803T,PRODUCT 1,14.0,3240.0,2. Alta (Renovación)
ES182318737J,PRODUCT 1,13.0,3240.0,2. Alta (Renovación)
ES182323998X,PRODUCT 2,17.0,3240.0,1. Urgente (Chatarra)
ES182297824G,PRODUCT 1,64.0,3240.0,1. Urgente (Chatarra)
ES182454073M,PRODUCT 1,17.0,3240.0,1. Urgente (Chatarra)
ES182342482V,PRODUCT 1,16.0,3240.0,1. Urgente (Chatarra)
ES182426061X,PRODUCT 1,13.0,3240.0,2. Alta (Renovación)
ES182117258U,PRODUCT 1,14.0,3240.0,2. Alta (Renovación)
ES182428758A,PRODUCT 2,15.0,3240.0,2. Alta (Renovación)
ES182194041X,PRODUCT 1,21.0,3240.0,1. Urgente (Chatarra)
ES182370761A,PRODUCT 1,13.0,3240.0,2. Alta (Renovación)
ES182405536L,PRODUCT 1,16.0,3240.0,1. Urgente (Chatarra)
ES182224549K,PRODUCT 1,33.0,3240.0,1. Urgente (Chatarra)
ES182297314F,PRODUCT 1,19.0,3240.0,1. Urgente (Chatarra)
ES182129063G,PRODUCT 1,16.0,3240.0,1. Urgente (Chatarra)
ES182168735H,PRODUCT 2,16.0,3240.0,1. Urgente (Chatarra)
ES182175882Y,PRODUCT 1,21.0,3240.0,1. Urgente (Chatarra)
ES182296920Q,PRODUCT 1,24.0,3240.0,1. Urgente (Chatarra)
ES182321308O,PRODUCT 2,17.0,3240.0,1. Urgente (Chatarra)
ES182100858C,PRODUCT 1,12.0,3240.0,2. Alta (Renovación)
ES182170778A,PRODUCT 1,22.0,3240.0,1. Urgente (Chatarra)
ES182193303T,PRODUCT 1,13.0,3240.0,2. Alta (Renovación)
ES182269252X,PRODUCT 1,12.0,3240.0,2. Alta (Renovación)
ES182337630M,PRODUCT 1,10.0,3240.0,2. Alta (Renovación)
ES182351100Z,PRODUCT 1,13.0,3240.0,2. Alta (Renovación)
ES182331203F,PRODUCT 1,16.0,3240.0,1. Urgente (Chatarra)
ES182368564C,PRODUCT 1,12.0,3240.0,2. Alta (Renovación)
ES182292870B,PRODUCT 2,12.0,3240.0,2. Alta (Renovación)
ES182353491P,PRODUCT 1,22.0,3240.0,1. Urgente (Chatarra)
ES182201175R,PRODUCT 2,14.0,3240.0,2. Alta (Renovación)
ES182296507F,PRODUCT 1,21.0,3240.0,1. Urgente (Chatarra)
ES182161684G,PRODUCT 1,32.0,3240.0,1. Urgente (Chatarra)
ES182293954B,PRODUCT 1,23.0,3240.0,1. Urgente (Chatarra)
ES182374373K,PRODUCT 1,13.0,3240.0,2. Alta (Renovación)
ES182430718K,PRODUCT 1,64.5,3240.0,1. Urgente (Chatarra)
ES182302631B,PRODUCT 1,10.0,3240.0,2. Alta (Renovación)
ES182169954O,PRODUCT 1,14.0,3240.0,2. Alta (Renovación)
ES182256011B,PRODUCT 2,64.5,3240.0,1. Urgente (Chatarra)
ES182132415B,PRODUCT 1,12.0,3240.0,2. Alta (Renovación)
ES182230825D,PRODUCT 1,13.0,3240.0,2. Alta (Renovación)
ES182420739T,PRODUCT 1,17.0,3240.0,1. Urgente (Chatarra)
ES182103709O,PRODUCT 1,11.0,3240.0,2. Alta (Renovación)
ES182276510K,PRODUCT 1,15.0,3240.0,2. Alta (Renovación)
ES182358337V,PRODUCT 1,12.0,3240.0,2. Alta (Renovación)
ES182244903S,PRODUCT 1,17.0,3240.0,1. Urgente (Chatarra)
ES182311191K,PRODUCT 1,17.0,3240.0,1. Urgente (Chatarra)
ES182327543Z,PRODUCT 1,17.0,3240.0,1. Urgente (Chatarra)
ES182328114E,PRODUCT 1,11.0,3240.0,2. Alta (Renovación)
ES182179512L,PRODUCT 1,64.0,3240.0,1. Urgente (Chatarra)
ES182372918D,PRODUCT 1,10.0,3240.0,2. Alta (Renovación)
ES182303667S,PRODUCT 1,16.0,3240.0,1. Urgente (Chatarra)
ES182259998O,PRODUCT 1,12.0,3240.0,2. Alta (Renovación)
ES182315201A,PRODUCT 1,10.0,3240.0,2. Alta (Renovación)
ES182374499I,PRODUCT 1,13.0,3240.0,2. Alta (Renovación)
ES182267665M,PRODUCT 1,14.0,3240.0,2. Alta (Renovación)
ES182114200C,PRODUCT 1,16.0,3240.0,1. Urgente (Chatarra)
ES182315543L,PRODUCT 1,22.0,3240.0,1. Urgente (Chatarra)
ES182305349T,PRODUCT 1,10.0,3240.0,2. Alta (Renovación)
ES182303853U,PRODUCT 1,22.0,3240.0,1. Urgente (Chatarra)
ES182158962N,PRODUCT 1,18.0,3240.0,1. Urgente (Chatarra)
ES182319053M,PRODUCT 1,12.0,3240.0,2. Alta (Renovación)
ES182130830B,PRODUCT 1,21.0,3240.0,1. Urgente (Chatarra)
ES182382644L,PRODUCT 1,20.0,3240.0,1. Urgente (Chatarra)
ES182120407Q,PRODUCT 2,11.0,3240.0,2. Alta (Renovación)
ES182119396T,PRODUCT 1,18.0,3240.0,1. Urgente (Chatarra)
ES182424099Z,PRODUCT 1,10.0,3240.0,2. Alta (Renovación)
ES182188024Q,PRODUCT 1,15.0,3240.0,2. Alta (Renovación)
ES182263884L,PRODUCT 1,64.0,3240.0,1. Urgente (Chatarra)
ES182105191U,PRODUCT 1,12.0,3240.0,2. Alta (Renovación)
ES182351536V,PRODUCT 1,15.0,3240.0,2. Alta (Renovación)
ES182382100B,PRODUCT 1,21.0,3240.0,1. Urgente (Chatarra)
ES182348710J,PRODUCT 1,10.0,3240.0,2. Alta (Renovación)
ES182389697F,PRODUCT 1,14.0,3240.0,2. Alta (Renovación)
ES182223731T,PRODUCT 1,13.0,3240.0,2. Alta (Renovación)
ES182445606H,PRODUCT 1,12.0,3240.0,2. Alta (Renovación)
ES182198086P,PRODUCT 1,19.0,3240.0,1. Urgente (Chatarra)
ES182172822Q,PRODUCT 1,18.0,3240.0,1. Urgente (Chatarra)
ES182409688Y,PRODUCT 1,11.0,3240.0,2. Alta (Renovación)
ES182393004L,PRODUCT 1,24.0,3240.0,1. Urgente (Chatarra)
ES182239303H,PRODUCT 1,15.0,3240.0,2. Alta (Renovación)
ES182400858U,PRODUCT 1,17.0,3240.0,1. Urgente (Chatarra)
ES182409053W,PRODUCT 1,22.0,3240.0,1. Urgente (Chatarra)
ES182184995O,PRODUCT 1,13.0,3240.0,2. Alta (Renovación)
ES182212066U,PRODUCT 1,11.0,3240.0,2. Alta (Renovación)
ES182364406X,PRODUCT 1,11.0,3240.0,2. Alta (Renovación)
ES182251108P,PRODUCT 1,10.0,3240.0,2. Alta (Renovación)
ES182388096M,PRODUCT 1,13.0,3240.0,2. Alta (Renovación)
ES182454927P,PRODUCT 1,13.0,3240.0,2. Alta (Renovación)
ES182423945E,PRODUCT 1,10.0,3240.0,2. Alta (Renovación)
ES182188215F,PRODUCT 1,12.0,3240.0,2. Alta (Renovación)
ES182366875M,PRODUCT 1,25.0,3240.0,1. Urgente (Chatarra)
ES182189847Q,PRODUCT 1,12.0,3240.0,2. Alta (Renovación)
ES182397523Y,PRODUCT 1,64.0,3240.0,1. Urgente (Chatarra)
ES182177307N,PRODUCT 1,10.0,3240.0,2. Alta (Renovación)
ES182243985C,PRODUCT 1,23.0,3240.0,1. Urgente (Chatarra)
ES182349042W,PRODUCT 1,14.0,3240.0,2. Alta (Renovación)
ES182296604L,PRODUCT 1,12.0,3240.0,2. Alta (Renovación)
ES182275810C,PRODUCT 1,37.0,3240.0,1. Urgente (Chatarra)
ES182245653H,PRODUCT 1,19.0,3240.0,1. Urgente (Chatarra)
ES182218417E,PRODUCT 1,13.0,3240.0,2. Alta (Renovación)
ES182294720T,PRODUCT 1,25.0,3240.0,1. Urgente (Chatarra)
ES182172909P,PRODUCT 2,11.0,3240.0,2. Alta (Renovación)
ES182409598T,PRODUCT 1,11.0,3240.0,2. Alta (Renovación)
ES182282337J,PRODUCT 1,14.0,3240.0,2. Alta (Renovación)
ES182438168W,PRODUCT 1,64.0,3240.0,1. Urgente (Chatarra)
ES182375331C,PRODUCT 1,16.0,3240.0,1. Urgente (Chatarra)
ES182265432I,PRODUCT 1,17.0,3240.0,1. Urgente (Chatarra)
ES182130655K,PRODUCT 1,18.0,3240.0,1. Urgente (Chatarra)
ES182226958S,PRODUCT 1,15.0,3240.0,2. Alta (Renovación)
ES182304474F,PRODUCT 1,15.0,3240.0,2. Alta (Renovación)
ES182184980J,PRODUCT 1,64.0,3240.0,1. Urgente (Chatarra)
ES182249791W,PRODUCT 1,12.0,3240.0,2. Alta (Renovación)
ES182441473X,PRODUCT 1,18.0,3240.0,1. Urgente (Chatarra)
ES182258501G,PRODUCT 1,24.0,3240.0,1. Urgente (Chatarra)
ES182259147P,PRODUCT 1,11.0,3240.0,2. Alta (Renovación)
ES182242278Z,PRODUCT 1,16.0,3240.0,1. Urgente (Chatarra)
ES182164358O,PRODUCT 1,17.0,3240.0,1. Urgente (Chatarra)
ES182378757E,PRODUCT 1,26.0,3240.0,1. Urgente (Chatarra)
ES182260853W,PRODUCT 1,13.0,3240.0,2. Alta (Renovación)
ES182397944E,PRODUCT 1,24.0,3240.0,1. Urgente (Chatarra)
ES182200637S,PRODUCT 1,21.0,3240.0,1. Urgente (Chatarra)
ES182275198F,PRODUCT 1,64.0,3240.0,1. Urgente (Chatarra)
ES182243351D,PRODUCT 1,13.0,3240.0,2. Alta (Renovación)
ES182223861L,PRODUCT 1,14.0,3240.0,2. Alta (Renovación)
ES182235363Y,PRODUCT 1,11.0,3240.0,2. Alta (Renovación)
ES182210536V,PRODUCT 1,12.0,3240.0,2. Alta (Renovación)
ES182433883S,PRODUCT 1,19.0,3240.0,1. Urgente (Chatarra)
ES182352223X,PRODUCT 1,17.0,3240.0,1. Urgente (Chatarra)
ES182275202A,PRODUCT 1,13.0,3240.0,2. Alta (Renovación)
ES182130521W,PRODUCT 1,10.0,3240.0,2. Alta (Renovación)
ES182235441T,PRODUCT 1,10.0,3240.0,2. Alta (Renovación)
ES182309554B,PRODUCT 1,22.0,3240.0,1. Urgente (Chatarra)
ES182278793P,PRODUCT 1,64.0,3240.0,1. Urgente (Chatarra)
ES182453346J,PRODUCT 1,16.0,3240.0,1. Urgente (Chatarra)
ES182127124M,PRODUCT 1,17.0,3240.0,1. Urgente (Chatarra)
ES182337656M,PRODUCT 1,10.0,3240.0,2. Alta (Renovación)
ES182238758G,PRODUCT 1,11.0,3240.0,2. Alta (Renovación)
ES182163614P,PRODUCT 2,14.0,3240.0,2. Alta (Renovación)
ES182206875X,PRODUCT 1,20.0,3240.0,1. Urgente (Chatarra)
ES182248181Q,PRODUCT 1,19.0,3240.0,1. Urgente (Chatarra)
ES182206316H,PRODUCT 1,12.0,3240.0,2. Alta (Renovación)
ES182408687Y,PRODUCT 1,18.0,3240.0,1. Urgente (Chatarra)
ES182174988H,PRODUCT 1,25.0,3240.0,1. Urgente (Chatarra)
ES182369414W,PRODUCT 1,16.0,3240.0,1. Urgente (Chatarra)
ES182116372L,PRODUCT 1,22.0,3240.0,1. Urgente (Chatarra)
ES182123868D,PRODUCT 1,14.0,3240.0,2. Alta (Renovación)
ES182405549L,PRODUCT 2,16.0,3240.0,1. Urgente (Chatarra)
ES182272171C,PRODUCT 1,17.0,3240.0,1. Urgente (Chatarra)
ES182213773H,PRODUCT 1,24.0,3240.0,1. Urgente (Chatarra)
ES182125089Z,PRODUCT 1,18.0,3240.0,1. Urgente (Chatarra)
ES182265210Y,PRODUCT 1,13.0,3240.0,2. Alta (Renovación)
ES182356479C,PRODUCT 1,14.0,3240.0,2. Alta (Renovación)
ES182121123B,PRODUCT 1,10.0,3240.0,2. Alta (Renovación)
ES182342047Y,PRODUCT 1,12.0,3240.0,2. Alta (Renovación)
ES182240922G,PRODUCT 1,24.0,3240.0,1. Urgente (Chatarra)
ES182184855X,PRODUCT 1,12.0,3240.0,2. Alta (Renovación)
ES182362925D,PRODUCT 1,12.0,3240.0,2. Alta (Renovación)
ES182454426W,PRODUCT 1,21.0,3240.0,1. Urgente (Chatarra)
ES182359091R,PRODUCT 1,17.0,3240.0,1. Urgente (Chatarra)
ES182104140V,PRODUCT 1,14.0,3240.0,2. Alta (Renovación)
ES182417631D,PRODUCT 1,10.0,3240.0,2. Alta (Renovación)
ES182269431B,PRODUCT 1,17.0,3240.0,1. Urgente (Chatarra)
ES182149055D,PRODUCT 1,18.0,3240.0,1. Urgente (Chatarra)
ES182357929U,PRODUCT 1,17.0,3240.0,1. Urgente (Chatarra)
ES182247741J,PRODUCT 1,13.0,3240.0,2. Alta (Renovación)
ES182286712P,PRODUCT 1,22.0,3240.0,1. Urgente (Chatarra)
ES182271371G,PRODUCT 1,18.0,3240.0,1. Urgente (Chatarra)
ES182326681M,PRODUCT 1,13.0,3240.0,2. Alta (Renovación)
ES182218654U,PRODUCT 1,13.0,3240.0,2. Alta (Renovación)
ES182205763J,PRODUCT 1,22.0,3240.0,1. Urgente (Chatarra)
ES182319472Z,PRODUCT 1,13.0,3240.0,2. Alta (Renovación)
ES182395597Y,PRODUCT 1,10.0,3240.0,2. Alta (Renovación)
ES182370405F,PRODUCT 1,18.0,3240.0,1. Urgente (Chatarra)
ES182197367H,PRODUCT 1,15.0,3240.0,2. Alta (Renovación)
ES182331724V,PRODUCT 1,64.0,3240.0,1. Urgente (Chatarra)
ES182405817G,PRODUCT 1,16.0,3240.0,1. Urgente (Chatarra)
ES182406483K,PRODUCT 1,12.0,3240.0,2. Alta (Renovación)
ES182422914A,PRODUCT 1,64.0,3240.0,1. Urgente (Chatarra)
ES182182299M,PRODUCT 1,13.0,3240.0,2. Alta (Renovación)
ES182237914P,PRODUCT 1,12.0,3240.0,2. Alta (Renovación)
ES182241034N,PRODUCT 1,13.0,3240.0,2. Alta (Renovación)
ES182192617I,PRODUCT 1,10.0,3240.0,2. Alta (Renovación)
ES182139404K,PRODUCT 1,10.0,3240.0,2. Alta (Renovación)
ES182232144Q,PRODUCT 1,12.0,3240.0,2. Alta (Renovación)
ES182374068T,PRODUCT 1,27.0,3240.0,1. Urgente (Chatarra)
ES182181831N,PRODUCT 1,13.0,3240.0,2. Alta (Renovación)
ES182345079T,PRODUCT 2,10.0,3240.0,2. Alta (Renovación)
ES182206901S,PRODUCT 2,11.0,3240.0,2. Alta (Renovación)
ES182192551Y,PRODUCT 1,14.0,3240.0,2. Alta (Renovación)
ES182112977H,PRODUCT 1,11.0,3240.0,2. Alta (Renovación)
ES182355832H,PRODUCT 1,19.0,3240.0,1. Urgente (Chatarra)
ES182267924I,PRODUCT 1,18.0,3240.0,1. Urgente (Chatarra)
ES182227031L,PRODUCT 1,14.0,3240.0,2. Alta (Renovación)
ES182400607W,PRODUCT 1,11.0,3240.0,2. Alta (Renovación)
ES182310680M,PRODUCT 2,18.0,3240.0,1. Urgente (Chatarra)
ES182125463H,PRODUCT 1,22.0,3240.0,1. Urgente (Chatarra)
ES182445875V,PRODUCT 1,64.0,3240.0,1. Urgente (Chatarra)
ES182155637U,PRODUCT 1,15.0,3240.0,2. Alta (Renovación)
ES182360936J,PRODUCT 2,10.0,3240.0,2. Alta (Renovación)
ES182230771M,PRODUCT 1,13.0,3240.0,2. Alta (Renovación)
ES182274939I,PRODUCT 1,25.0,3240.0,1. Urgente (Chatarra)
ES182451704V,PRODUCT 1,18.0,3240.0,1. Urgente (Chatarra)
ES182151910F,PRODUCT 1,10.0,3240.0,2. Alta (Renovación)
ES182387425D,PRODUCT 1,10.0,3240.0,2. Alta (Renovación)
ES182453434G,PRODUCT 1,15.0,3240.0,2. Alta (Renovación)
ES182211927M,PRODUCT 1,11.0,3240.0,2. Alta (Renovación)
ES182322206M,PRODUCT 2,64.0,3240.0,1. Urgente (Chatarra)
ES182298907I,PRODUCT 1,28.0,3240.0,1. Urgente (Chatarra)
ES182235138T,PRODUCT 1,20.0,3240.0,1. Urgente (Chatarra)
ES182319227X,PRODUCT 1,15.0,3240.0,2. Alta (Renovación)
ES182411999W,PRODUCT 2,17.0,3240.0,1. Urgente (Chatarra)
ES182284677X,PRODUCT 2,10.0,3240.0,2. Alta (Renovación)
ES182107690U,PRODUCT 1,13.0,3240.0,2. Alta (Renovación)
ES182197992I,PRODUCT 1,16.0,3240.0,1. Urgente (Chatarra)
ES182289886Q,PRODUCT 1,16.0,3240.0,1. Urgente (Chatarra)
ES182123861U,PRODUCT 1,11.0,3240.0,2. Alta (Renovación)
ES182147298N,PRODUCT 1,12.0,3240.0,2. Alta (Renovación)
ES182266893P,PRODUCT 1,64.0,3240.0,1. Urgente (Chatarra)
ES182374563O,PRODUCT 1,14.0,3240.0,2. Alta (Renovación)
ES182335371W,PRODUCT 1,24.0,3240.0,1. Urgente (Chatarra)
ES182140620W,PRODUCT 1,12.0,3240.0,2. Alta (Renovación)
ES182121797B,PRODUCT 1,19.0,3240.0,1. Urgente (Chatarra)
ES182193106R,PRODUCT 1,20.0,3240.0,1. Urgente (Chatarra)
ES182377858P,PRODUCT 1,14.0,3240.0,2. Alta (Renovación)
ES182284740F,PRODUCT 1,19.0,3240.0,1. Urgente (Chatarra)
ES182319594Q,PRODUCT 1,16.0,3240.0,1. Urgente (Chatarra)
ES182312350E,PRODUCT 2,21.0,3240.0,1. Urgente (Chatarra)
ES182107258Z,PRODUCT 1,10.0,3240.0,2. Alta (Renovación)
ES182273388R,PRODUCT 1,10.0,3240.0,2. Alta (Renovación)
ES182349751Y,PRODUCT 1,16.0,3240.0,1. Urgente (Chatarra)
ES182368425E,PRODUCT 1,16.0,3240.0,1. Urgente (Chatarra)
ES182438475H,PRODUCT 1,11.0,3240.0,2. Alta (Renovación)
ES182386962P,PRODUCT 1,15.0,3240.0,2. Alta (Renovación)
ES182108564P,PRODUCT 1,11.0,3240.0,2. Alta (Renovación)
ES182156096B,PRODUCT 2,11.0,3240.0,2. Alta (Renovación)
ES182143147P,PRODUCT 1,14.0,3240.0,2. Alta (Renovación)
ES182319678C,PRODUCT 1,11.0,3240.0,2. Alta (Renovación)
ES182392773J,PRODUCT 1,14.0,3240.0,2. Alta (Renovación)
ES182425553Y,PRODUCT 1,11.0,3240.0,2. Alta (Renovación)
ES182323270S,PRODUCT 2,10.0,3240.0,2. Alta (Renovación)
ES182431364O,PRODUCT 1,33.0,3240.0,1. Urgente (Chatarra)
ES182226017G,PRODUCT 1,12.0,3240.0,2. Alta (Renovación)
ES182377978J,PRODUCT 1,13.0,3240.0,2. Alta (Renovación)
ES182153783U,PRODUCT 1,21.0,3240.0,1. Urgente (Chatarra)
ES182412835N,PRODUCT 1,64.5,3240.0,1. Urgente (Chatarra)
ES182299205D,PRODUCT 1,17.0,3240.0,1. Urgente (Chatarra)
ES182417522I,PRODUCT 1,11.0,3240.0,2. Alta (Renovación)
ES182201013F,PRODUCT 1,19.0,3240.0,1. Urgente (Chatarra)
ES182168164U,PRODUCT 1,21.0,3240.0,1. Urgente (Chatarra)
ES182392956W,PRODUCT 1,15.0,3240.0,2. Alta (Renovación)
ES182376118Y,PRODUCT 1,11.0,3240.0,2. Alta (Renovación)
ES182446920N,PRODUCT 1,17.0,3240.0,1. Urgente (Chatarra)
ES182298228V,PRODUCT 1,10.0,3240.0,2. Alta (Renovación)
ES182323247A,PRODUCT 1,29.0,3240.0,1. Urgente (Chatarra)
ES182450031Y,PRODUCT 1,14.0,3240.0,2. Alta (Renovación)
ES182363633E,PRODUCT 1,16.0,3240.0,1. Urgente (Chatarra)
ES182144302Y,PRODUCT 1,16.0,3240.0,1. Urgente (Chatarra)
ES182172055H,PRODUCT 1,10.0,3240.0,2. Alta (Renovación)
ES182331151R,PRODUCT 1,10.0,3240.0,2. Alta (Renovación)
ES182184119N,PRODUCT 1,10.0,3240.0,2. Alta (Renovación)
ES182113233M,PRODUCT 1,11.0,3240.0,2. Alta (Renovación)
ES182444220J,PRODUCT 1,13.0,3240.0,2. Alta (Renovación)
ES182215144N,PRODUCT 1,64.5,3240.0,1. Urgente (Chatarra)
ES182242161T,PRODUCT 1,11.0,3240.0,2. Alta (Renovación)
ES182174016O,PRODUCT 1,10.0,3240.0,2. Alta (Renovación)
ES182447065G,PRODUCT 1,14.0,3240.0,2. Alta (Renovación)
ES182211967V,PRODUCT 1,30.0,3240.0,1. Urgente (Chatarra)
ES182221299E,PRODUCT 1,15.0,3240.0,2. Alta (Renovación)
ES182350272Y,PRODUCT 1,11.0,3240.0,2. Alta (Renovación)
ES182241579S,PRODUCT 1,11.0,3240.0,2. Alta (Renovación)
ES182314871V,PRODUCT 1,12.0,3240.0,2. Alta (Renovación)
ES182216541L,PRODUCT 1,11.0,3240.0,2. Alta (Renovación)
ES182339995L,PRODUCT 1,16.0,3240.0,1. Urgente (Chatarra)
ES182414826V,PRODUCT 1,11.0,3240.0,2. Alta (Renovación)
ES182372570H,PRODUCT 1,10.0,3240.0,2. Alta (Renovación)
ES182147973I,PRODUCT 1,11.0,3240.0,2. Alta (Renovación)
ES182315071Y,PRODUCT 1,12.0,3240.0,2. Alta (Renovación)
ES182144263P,PRODUCT 2,17.0,3240.0,1. Urgente (Chatarra)
ES182112426D,PRODUCT 1,24.0,3240.0,1. Urgente (Chatarra)
ES182176090J,PRODUCT 1,16.0,3240.0,1. Urgente (Chatarra)
ES182344168E,PRODUCT 1,13.0,3240.0,2. Alta (Renovación)
ES182352077V,PRODUCT 1,10.0,3240.0,2. Alta (Renovación)
ES182132837E,PRODUCT 1,16.0,3240.0,1. Urgente (Chatarra)
ES182350721I,PRODUCT 1,10.0,3240.0,2. Alta (Renovación)
ES182198391Q,PRODUCT 1,18.0,3240.0,1. Urgente (Chatarra)
ES182289720S,PRODUCT 1,10.0,3240.0,2. Alta (Renovación)
ES182328087H,PRODUCT 1,10.0,3240.0,2. Alta (Renovación)
ES182258553F,PRODUCT 1,15.0,3240.0,2. Alta (Renovación)
ES182306498U,PRODUCT 1,12.0,3240.0,2. Alta (Renovación)
ES182137073J,PRODUCT 2,15.0,3240.0,2. Alta (Renovación)
ES182456036G,PRODUCT 1,17.0,3240.0,1. Urgente (Chatarra)
ES182239220D,PRODUCT 1,16.0,3240.0,1. Urgente (Chatarra)
ES182358476D,PRODUCT 1,37.0,3240.0,1. Urgente (Chatarra)
ES182368899R,PRODUCT 1,10.0,3240.0,2. Alta (Renovación)
ES182401134E,PRODUCT 1,64.5,3240.0,1. Urgente (Chatarra)
ES182364610B,PRODUCT 2,15.0,3240.0,2. Alta (Renovación)
ES182407584L,PRODUCT 1,64.0,3240.0,1. Urgente (Chatarra)
ES182144544X,PRODUCT 1,10.0,3240.0,2. Alta (Renovación)
ES182126245P,PRODUCT 2,41.0,3240.0,1. Urgente (Chatarra)
ES182357669B,PRODUCT 1,11.0,3240.0,2. Alta (Renovación)
ES182172565M,PRODUCT 1,64.0,3240.0,1. Urgente (Chatarra)
ES182128753W,PRODUCT 1,24.0,3240.0,1. Urgente (Chatarra)
ES182228311P,PRODUCT 1,29.0,3240.0,1. Urgente (Chatarra)
ES182140413R,PRODUCT 1,19.0,3240.0,1. Urgente (Chatarra)
ES182272105J,PRODUCT 1,25.0,3240.0,1. Urgente (Chatarra)
ES182130127Z,PRODUCT 1,13.0,3240.0,2. Alta (Renovación)
ES182341938F,PRODUCT 1,14.0,3240.0,2. Alta (Renovación)
ES182174853T,PRODUCT 1,12.0,3240.0,2. Alta (Renovación)
ES182249536Z,PRODUCT 1,12.0,3240.0,2. Alta (Renovación)
ES182245408Z,PRODUCT 1,31.0,3240.0,1. Urgente (Chatarra)
ES182416607O,PRODUCT 1,10.0,3240.0,2. Alta (Renovación)
ES182453657A,PRODUCT 1,23.0,3240.0,1. Urgente (Chatarra)
ES182375927G,PRODUCT 1,22.0,3240.0,1. Urgente (Chatarra)
ES182329590M,PRODUCT 1,17.0,3240.0,1. Urgente (Chatarra)
ES182246999W,PRODUCT 1,10.0,3240.0,2. Alta (Renovación)
ES182418911J,PRODUCT 1,12.0,3240.0,2. Alta (Renovación)
ES182123296S,PRODUCT 1,19.0,3240.0,1. Urgente (Chatarra)
ES182337002B,PRODUCT 1,15.0,3240.0,2. Alta (Renovación)
ES182401840F,PRODUCT 1,13.0,3240.0,2. Alta (Renovación)
ES182248969V,PRODUCT 1,16.0,3240.0,1. Urgente (Chatarra)
ES182212487Q,PRODUCT 1,16.0,3240.0,1. Urgente (Chatarra)
ES182387627H,PRODUCT 1,12.0,3240.0,2. Alta (Renovación)
ES182196473T,PRODUCT 1,10.0,3240.0,2. Alta (Renovación)
ES182266341Y,PRODUCT 1,10.0,3240.0,2. Alta (Renovación)
ES182327678I,PRODUCT 1,16.0,3240.0,1. Urgente (Chatarra)
ES182373614P,PRODUCT 1,16.0,3240.0,1. Urgente (Chatarra)
ES182418892E,PRODUCT 1,11.0,3240.0,2. Alta (Renovación)
ES182143299R,PRODUCT 1,26.0,3240.0,1. Urgente (Chatarra)
ES182379612H,PRODUCT 1,14.0,3240.0,2. Alta (Renovación)
ES182163786E,PRODUCT 1,16.0,3240.0,1. Urgente (Chatarra)
ES182127141V,PRODUCT 1,16.0,3240.0,1. Urgente (Chatarra)
ES182414872E,PRODUCT 1,32.0,3240.0,1. Urgente (Chatarra)
ES182375441V,PRODUCT 1,12.0,3240.0,2. Alta (Renovación)
ES182418759Y,PRODUCT 1,11.0,3240.0,2. Alta (Renovación)
ES182163271Q,PRODUCT 1,21.0,3240.0,1. Urgente (Chatarra)
ES182275861R,PRODUCT 1,17.0,3240.0,1. Urgente (Chatarra)
ES182196340W,PRODUCT 1,16.0,3240.0,1. Urgente (Chatarra)
ES182113685F,PRODUCT 1,17.0,3240.0,1. Urgente (Chatarra)
ES182149974X,PRODUCT 1,32.0,3240.0,1. Urgente (Chatarra)
ES182432232Q,PRODUCT 2,28.0,3240.0,1. Urgente (Chatarra)
ES182407151W,PRODUCT 1,28.0,3240.0,1. Urgente (Chatarra)
ES182305335Z,PRODUCT 1,17.0,3240.0,1. Urgente (Chatarra)
ES182359662U,PRODUCT 1,23.0,3240.0,1. Urgente (Chatarra)
ES182218668L,PRODUCT 2,64.0,3240.0,1. Urgente (Chatarra)
ES182256014A,PRODUCT 1,64.0,3240.0,1. Urgente (Chatarra)
ES182199450K,PRODUCT 1,17.0,3240.0,1. Urgente (Chatarra)
ES182121813H,PRODUCT 1,15.0,3240.0,2. Alta (Renovación)
ES182238080D,PRODUCT 1,16.0,3240.0,1. Urgente (Chatarra)
ES182400252O,PRODUCT 1,12.0,3240.0,2. Alta (Renovación)
ES182153294A,PRODUCT 1,12.0,3240.0,2. Alta (Renovación)
ES182272291B,PRODUCT 1,12.0,3240.0,2. Alta (Renovación)
ES182403471R,PRODUCT 2,13.0,3240.0,2. Alta (Renovación)
ES182331414R,PRODUCT 1,16.0,3240.0,1. Urgente (Chatarra)
ES182156022W,PRODUCT 1,17.0,3240.0,1. Urgente (Chatarra)
ES182223103P,PRODUCT 1,27.0,3240.0,1. Urgente (Chatarra)
ES182110067B,PRODUCT 1,19.0,3240.0,1. Urgente (Chatarra)
ES182426818S,PRODUCT 1,11.0,3240.0,2. Alta (Renovación)
ES182330629G,PRODUCT 1,10.0,3240.0,2. Alta (Renovación)
ES182270876B,PRODUCT 1,64.0,3240.0,1. Urgente (Chatarra)
ES182339494A,PRODUCT 1,18.0,3240.0,1. Urgente (Chatarra)
ES182139072H,PRODUCT 1,11.0,3240.0,2. Alta (Renovación)
ES182151614M,PRODUCT 1,11.0,3240.0,2. Alta (Renovación)
ES182111583S,PRODUCT 1,13.0,3240.0,2. Alta (Renovación)
ES182207396C,PRODUCT 1,22.0,3240.0,1. Urgente (Chatarra)
ES182363352W,PRODUCT 1,15.0,3240.0,2. Alta (Renovación)
ES182295457H,PRODUCT 1,15.0,3240.0,2. Alta (Renovación)
ES182377152C,PRODUCT 1,12.0,3240.0,2. Alta (Renovación)
ES182112528D,PRODUCT 1,17.0,3240.0,1. Urgente (Chatarra)
ES182271603L,PRODUCT 1,15.0,3240.0,2. Alta (Renovación)
ES182384458Y,PRODUCT 1,24.0,3240.0,1. Urgente (Chatarra)
ES182341557T,PRODUCT 2,14.0,3240.0,2. Alta (Renovación)
ES182312467G,PRODUCT 1,10.0,3240.0,2. Alta (Renovación)
ES182177806F,PRODUCT 1,18.0,3240.0,1. Urgente (Chatarra)
ES182350818U,PRODUCT 1,20.0,3240.0,1. Urgente (Chatarra)
ES182314551B,PRODUCT 2,17.0,3240.0,1. Urgente (Chatarra)
ES182376219G,PRODUCT 1,14.0,3240.0,2. Alta (Renovación)
ES182296124L,PRODUCT 1,12.0,3240.0,2. Alta (Renovación)
ES182113303O,PRODUCT 1,12.0,3240.0,2. Alta (Renovación)
ES182371785N,PRODUCT 1,64.5,3240.0,1. Urgente (Chatarra)
ES182197289S,PRODUCT 1,13.0,3240.0,2. Alta (Renovación)
ES182103246U,PRODUCT 1,10.0,3240.0,2. Alta (Renovación)
ES182342575N,PRODUCT 1,15.0,3240.0,2. Alta (Renovación)
ES182339364E,PRODUCT 1,14.0,3240.0,2. Alta (Renovación)
ES182132250L,PRODUCT 1,64.0,3240.0,1. Urgente (Chatarra)
ES182355522B,PRODUCT 1,13.0,3240.0,2. Alta (Renovación)
ES182299056V,PRODUCT 1,10.0,3240.0,2. Alta (Renovación)
ES182410446Z,PRODUCT 1,44.0,3240.0,1. Urgente (Chatarra)
ES182123692G,PRODUCT 1,64.5,3240.0,1. Urgente (Chatarra)
ES182272604Z,PRODUCT 1,14.0,3240.0,2. Alta (Renovación)
ES182198446E,PRODUCT 1,18.0,3240.0,1. Urgente (Chatarra)
ES182264945E,PRODUCT 2,12.0,3240.0,2. Alta (Renovación)
ES182364200R,PRODUCT 1,21.0,3240.0,1. Urgente (Chatarra)
ES182387864O,PRODUCT 1,14.0,3240.0,2. Alta (Renovación)
ES182371098J,PRODUCT 1,23.0,3240.0,1. Urgente (Chatarra)
ES182433188S,PRODUCT 1,19.0,3240.0,1. Urgente (Chatarra)
ES182404318M,PRODUCT 1,16.0,3240.0,1. Urgente (Chatarra)
ES182422586T,PRODUCT 1,23.0,3240.0,1. Urgente (Chatarra)
ES182366190Y,PRODUCT 1,11.0,3240.0,2. Alta (Renovación)
ES182293570S,PRODUCT 1,15.0,3240.0,2. Alta (Renovación)
ES182162812Q,PRODUCT 1,34.0,3240.0,1. Urgente (Chatarra)
ES182113425B,PRODUCT 1,13.0,3240.0,2. Alta (Renovación)
ES182276787R,PRODUCT 1,16.0,3240.0,1. Urgente (Chatarra)
ES182102727M,PRODUCT 1,16.0,3240.0,1. Urgente (Chatarra)
ES182436295B,PRODUCT 1,64.5,3240.0,1. Urgente (Chatarra)
ES182314106R,PRODUCT 2,10.0,3240.0,2. Alta (Renovación)
ES182174885H,PRODUCT 1,22.0,3240.0,1. Urgente (Chatarra)
ES182213406V,PRODUCT 1,25.0,3240.0,1. Urgente (Chatarra)
ES182116113Q,PRODUCT 1,21.0,3240.0,1. Urgente (Chatarra)
ES182153342G,PRODUCT 1,10.0,3240.0,2. Alta (Renovación)
ES182385829F,PRODUCT 1,15.0,3240.0,2. Alta (Renovación)
ES182288204Q,PRODUCT 1,20.0,3240.0,1. Urgente (Chatarra)
ES182246016D,PRODUCT 1,14.0,3240.0,2. Alta (Renovación)
ES182182126U,PRODUCT 2,31.0,3240.0,1. Urgente (Chatarra)
ES182415150L,PRODUCT 1,16.0,3240.0,1. Urgente (Chatarra)
ES182378278P,PRODUCT 1,17.0,3240.0,1. Urgente (Chatarra)
ES182337782I,PRODUCT 1,17.0,3240.0,1. Urgente (Chatarra)
ES182275321M,PRODUCT 1,15.0,3240.0,2. Alta (Renovación)
ES182107971F,PRODUCT 1,11.0,3240.0,2. Alta (Renovación)
ES182194591N,PRODUCT 1,10.0,3240.0,2. Alta (Renovación)
ES182422919S,PRODUCT 1,10.0,3240.0,2. Alta (Renovación)
ES182135969A,PRODUCT 1,10.0,3240.0,2. Alta (Renovación)
ES182386249L,PRODUCT 1,14.0,3240.0,2. Alta (Renovación)
ES182253237B,PRODUCT 1,13.0,3240.0,2. Alta (Renovación)
ES182254324P,PRODUCT 1,13.0,3240.0,2. Alta (Renovación)
ES182116731U,PRODUCT 1,14.0,3240.0,2. Alta (Renovación)
ES182173104I,PRODUCT 1,13.0,3240.0,2. Alta (Renovación)
ES182139443O,PRODUCT 1,29.0,3240.0,1. Urgente (Chatarra)
ES182146332X,PRODUCT 1,16.0,3240.0,1. Urgente (Chatarra)
ES182259515U,PRODUCT 1,12.0,3240.0,2. Alta (Renovación)
ES182387013A,PRODUCT 1,15.0,3240.0,2. Alta (Renovación)
ES182446810R,PRODUCT 1,27.0,3240.0,1. Urgente (Chatarra)
ES182292117R,PRODUCT 2,12.0,3240.0,2. Alta (Renovación)
ES182377566O,PRODUCT 1,64.0,3240.0,1. Urgente (Chatarra)
ES182412618N,PRODUCT 1,10.0,3240.0,2. Alta (Renovación)
ES182328682S,PRODUCT 2,18.0,3240.0,1. Urgente (Chatarra)
ES182224817X,PRODUCT 1,13.0,3240.0,2. Alta (Renovación)
ES182366573G,PRODUCT 1,16.0,3240.0,1. Urgente (Chatarra)
ES182409971G,PRODUCT 1,13.0,3240.0,2. Alta (Renovación)
ES182168347Y,PRODUCT 1,11.0,3240.0,2. Alta (Renovación)
ES182369202H,PRODUCT 1,18.0,3240.0,1. Urgente (Chatarra)
ES182280519G,PRODUCT 1,21.0,3240.0,1. Urgente (Chatarra)
ES182358400J,PRODUCT 1,10.0,3240.0,2. Alta (Renovación)
ES182442134W,PRODUCT 1,11.0,3240.0,2. Alta (Renovación)
ES182230595B,PRODUCT 1,13.0,3240.0,2. Alta (Renovación)
ES182443945K,PRODUCT 1,11.0,3240.0,2. Alta (Renovación)
ES182398824S,PRODUCT 1,13.0,3240.0,2. Alta (Renovación)
ES182157326Z,PRODUCT 1,12.0,3240.0,2. Alta (Renovación)
ES182387663F,PRODUCT 1,13.0,3240.0,2. Alta (Renovación)
ES182112626J,PRODUCT 1,11.0,3240.0,2. Alta (Renovación)
ES182227949A,PRODUCT 1,13.0,3240.0,2. Alta (Renovación)
ES182320610Z,PRODUCT 1,22.0,3240.0,1. Urgente (Chatarra)
ES182241700C,PRODUCT 1,22.0,3240.0,1. Urgente (Chatarra)
ES182356104M,PRODUCT 1,20.0,3240.0,1. Urgente (Chatarra)
ES182258579I,PRODUCT 1,14.0,3240.0,2. Alta (Renovación)
ES182331189O,PRODUCT 1,11.0,3240.0,2. Alta (Renovación)
ES182185706R,PRODUCT 1,13.0,3240.0,2. Alta (Renovación)
ES182454834G,PRODUCT 1,19.0,3240.0,1. Urgente (Chatarra)
ES182348201R,PRODUCT 1,11.0,3240.0,2. Alta (Renovación)
ES182340106A,PRODUCT 1,19.0,3240.0,1. Urgente (Chatarra)
ES182288407Y,PRODUCT 1,14.0,3240.0,2. Alta (Renovación)
ES182249602A,PRODUCT 1,17.0,3240.0,1. Urgente (Chatarra)
ES182134470M,PRODUCT 1,18.0,3240.0,1. Urgente (Chatarra)
ES182124723I,PRODUCT 1,16.0,3240.0,1. Urgente (Chatarra)
ES182242372I,PRODUCT 1,25.0,3240.0,1. Urgente (Chatarra)
ES182358806M,PRODUCT 2,22.0,3240.0,1. Urgente (Chatarra)
ES182438452O,PRODUCT 1,18.0,3240.0,1. Urgente (Chatarra)
ES182311510Y,PRODUCT 1,10.0,3240.0,2. Alta (Renovación)
ES182112017R,PRODUCT 1,12.0,3240.0,2. Alta (Renovación)
ES182227980H,PRODUCT 1,14.0,3240.0,2. Alta (Renovación)
ES182395941X,PRODUCT 1,14.0,3240.0,2. Alta (Renovación)
ES182225403M,PRODUCT 1,21.0,3240.0,1. Urgente (Chatarra)
ES182353985X,PRODUCT 1,22.0,3240.0,1. Urgente (Chatarra)
ES182342821X,PRODUCT 1,17.0,3240.0,1. Urgente (Chatarra)
ES182406237R,PRODUCT 1,15.0,3240.0,2. Alta (Renovación)
ES182109999Y,PRODUCT 1,18.0,3240.0,1. Urgente (Chatarra)
ES182107304B,PRODUCT 1,19.0,3240.0,1. Urgente (Chatarra)
ES182323227X,PRODUCT 1,35.0,3240.0,1. Urgente (Chatarra)
ES182120384Y,PRODUCT 1,17.0,3240.0,1. Urgente (Chatarra)
ES182130782P,PRODUCT 1,16.0,3240.0,1. Urgente (Chatarra)
ES182127551L,PRODUCT 1,10.0,3240.0,2. Alta (Renovación)
ES182208840V,PRODUCT 1,64.0,3240.0,1. Urgente (Chatarra)
ES182335919T,PRODUCT 1,29.0,3240.0,1. Urgente (Chatarra)
ES182312454T,PRODUCT 1,14.0,3240.0,2. Alta (Renovación)
ES182276258E,PRODUCT 1,10.0,3240.0,2. Alta (Renovación)
ES182418835G,PRODUCT 1,12.0,3240.0,2. Alta (Renovación)
ES182263085T,PRODUCT 1,24.0,3240.0,1. Urgente (Chatarra)
ES182241673O,PRODUCT 1,12.0,3240.0,2. Alta (Renovación)
ES182317973Y,PRODUCT 2,11.0,3240.0,2. Alta (Renovación)
ES182237463R,PRODUCT 1,10.0,3240.0,2. Alta (Renovación)
ES182324063A,PRODUCT 2,13.0,3240.0,2. Alta (Renovación)
ES182353248Z,PRODUCT 1,10.0,3240.0,2. Alta (Renovación)
ES182242197J,PRODUCT 1,16.0,3240.0,1. Urgente (Chatarra)
ES182238122O,PRODUCT 1,14.0,3240.0,2. Alta (Renovación)
ES182295808X,PRODUCT 1,18.0,3240.0,1. Urgente (Chatarra)
ES182175728T,PRODUCT 1,24.0,3240.0,1. Urgente (Chatarra)
ES182393350T,PRODUCT 1,16.0,3240.0,1. Urgente (Chatarra)
ES182313240O,PRODUCT 1,16.0,3240.0,1. Urgente (Chatarra)
ES182378694F,PRODUCT 1,22.0,3240.0,1. Urgente (Chatarra)
ES182245051S,PRODUCT 1,13.0,3240.0,2. Alta (Renovación)
ES182142848E,PRODUCT 1,11.0,3240.0,2. Alta (Renovación)
ES182177123R,PRODUCT 1,14.0,3240.0,2. Alta (Renovación)
ES182390660A,PRODUCT 1,64.5,3240.0,1. Urgente (Chatarra)
ES182224012F,PRODUCT 1,10.0,3240.0,2. Alta (Renovación)
ES182108970V,PRODUCT 1,19.0,3240.0,1. Urgente (Chatarra)
ES182271713R,PRODUCT 1,64.0,3240.0,1. Urgente (Chatarra)
ES182389663U,PRODUCT 2,10.0,3240.0,2. Alta (Renovación)
ES182282940K,PRODUCT 2,15.0,3240.0,2. Alta (Renovación)
ES182194661G,PRODUCT 1,17.0,3240.0,1. Urgente (Chatarra)
ES182185698E,PRODUCT 1,10.0,3240.0,2. Alta (Renovación)
ES182286291H,PRODUCT 1,18.0,3240.0,1. Urgente (Chatarra)
ES182159932M,PRODUCT 1,12.0,3240.0,2. Alta (Renovación)
ES182209069X,PRODUCT 1,15.0,3240.0,2. Alta (Renovación)
ES182345320Z,PRODUCT 1,26.0,3240.0,1. Urgente (Chatarra)
ES182392410L,PRODUCT 1,17.0,3240.0,1. Urgente (Chatarra)
ES182275182E,PRODUCT 1,12.0,3240.0,2. Alta (Renovación)
ES182316999V,PRODUCT 1,21.0,3240.0,1. Urgente (Chatarra)
ES182126177J,PRODUCT 1,12.0,3240.0,2. Alta (Renovación)
ES182348869A,PRODUCT 1,26.0,3240.0,1. Urgente (Chatarra)
ES182195562I,PRODUCT 1,11.0,3240.0,2. Alta (Renovación)
ES182322609M,PRODUCT 1,19.0,3240.0,1. Urgente (Chatarra)
ES182246180L,PRODUCT 1,64.5,3240.0,1. Urgente (Chatarra)
ES182310803K,PRODUCT 2,12.0,3240.0,2. Alta (Renovación)
ES182105131R,PRODUCT 1,12.0,3240.0,2. Alta (Renovación)
ES182193713G,PRODUCT 1,64.5,3240.0,1. Urgente (Chatarra)
ES182259436F,PRODUCT 1,14.0,3240.0,2. Alta (Renovación)
ES182309231S,PRODUCT 1,18.0,3240.0,1. Urgente (Chatarra)
ES182425130C,PRODUCT 1,23.0,3240.0,1. Urgente (Chatarra)
ES182261183S,PRODUCT 1,22.0,3240.0,1. Urgente (Chatarra)
ES182133504S,PRODUCT 1,13.0,3240.0,2. Alta (Renovación)
ES182256764D,PRODUCT 1,12.0,3240.0,2. Alta (Renovación)
ES182112240X,PRODUCT 2,18.0,3240.0,1. Urgente (Chatarra)
ES182191697W,PRODUCT 2,11.0,3240.0,2. Alta (Renovación)
ES182181134O,PRODUCT 1,16.0,3240.0,1. Urgente (Chatarra)
ES182232480E,PRODUCT 1,13.0,3240.0,2. Alta (Renovación)
ES182320098U,PRODUCT 1,24.0,3240.0,1. Urgente (Chatarra)
ES182105974J,PRODUCT 1,18.0,3240.0,1. Urgente (Chatarra)
ES182129290Z,PRODUCT 1,13.0,3240.0,2. Alta (Renovación)
ES182312533F,PRODUCT 1,14.0,3240.0,2. Alta (Renovación)
ES182363415N,PRODUCT 1,21.0,3240.0,1. Urgente (Chatarra)
ES182300154T,PRODUCT 2,64.0,3240.0,1. Urgente (Chatarra)
ES182230409Q,PRODUCT 1,15.0,3240.0,2. Alta (Renovación)
ES182396075B,PRODUCT 1,19.0,3240.0,1. Urgente (Chatarra)
ES182278023G,PRODUCT 1,11.0,3240.0,2. Alta (Renovación)
ES182187219O,PRODUCT 1,13.0,3240.0,2. Alta (Renovación)
ES182331047X,PRODUCT 1,18.0,3240.0,1. Urgente (Chatarra)
ES182170736V,PRODUCT 1,22.0,3240.0,1. Urgente (Chatarra)
ES182294382V,PRODUCT 1,11.0,3240.0,2. Alta (Renovación)
ES182357267H,PRODUCT 1,20.0,3240.0,1. Urgente (Chatarra)
ES182347107Y,PRODUCT 1,17.0,3240.0,1. Urgente (Chatarra)
ES182398213C,PRODUCT 1,18.0,3240.0,1. Urgente (Chatarra)
ES182393989F,PRODUCT 1,11.0,3240.0,2. Alta (Renovación)
ES182305176A,PRODUCT 1,19.0,3240.0,1. Urgente (Chatarra)
ES182375670Z,PRODUCT 1,31.0,3240.0,1. Urgente (Chatarra)
ES182220184P,PRODUCT 1,11.0,3240.0,2. Alta (Renovación)
ES182319990I,PRODUCT 2,19.0,3240.0,1. Urgente (Chatarra)
ES182118090T,PRODUCT 1,26.0,3240.0,1. Urgente (Chatarra)
ES182284990C,PRODUCT 2,64.0,3240.0,1. Urgente (Chatarra)
ES182113553F,PRODUCT 1,16.0,3240.0,1. Urgente (Chatarra)
ES182129250X,PRODUCT 1,13.0,3240.0,2. Alta (Renovación)
ES182254714Z,PRODUCT 1,17.0,3240.0,1. Urgente (Chatarra)
ES182345009M,PRODUCT 1,64.0,3240.0,1. Urgente (Chatarra)
ES182366017S,PRODUCT 1,18.0,3240.0,1. Urgente (Chatarra)
ES182115776Y,PRODUCT 1,19.0,3240.0,1. Urgente (Chatarra)
ES182421340A,PRODUCT 1,12.0,3240.0,2. Alta (Renovación)
ES182144868O,PRODUCT 1,64.5,3240.0,1. Urgente (Chatarra)
ES182421294W,PRODUCT 1,14.0,3240.0,2. Alta (Renovación)
ES182305921T,PRODUCT 1,10.0,3240.0,2. Alta (Renovación)
ES182126085L,PRODUCT 1,12.0,3240.0,2. Alta (Renovación)
ES182413254D,PRODUCT 1,14.0,3240.0,2. Alta (Renovación)
ES182385855E,PRODUCT 1,17.0,3240.0,1. Urgente (Chatarra)
ES182394756F,PRODUCT 1,17.0,3240.0,1. Urgente (Chatarra)
ES182136974P,PRODUCT 1,11.0,3240.0,2. Alta (Renovación)
ES182127796Y,PRODUCT 1,18.0,3213.0,1. Urgente (Chatarra)
ES182226402S,PRODUCT 1,12.0,3210.35,2. Alta (Renovación)
ES182143344Q,PRODUCT 1,10.0,3186.0,2. Alta (Renovación)
ES182140372S,PRODUCT 1,10.0,3186.0,2. Alta (Renovación)
ES182288020R,PRODUCT 1,18.0,3186.0,1. Urgente (Chatarra)
ES182213790U,PRODUCT 1,15.0,3186.0,2. Alta (Renovación)
ES182396282P,PRODUCT 1,16.0,3186.0,1. Urgente (Chatarra)
ES182310756K,PRODUCT 1,12.0,3186.0,2. Alta (Renovación)
ES182424048L,PRODUCT 1,23.0,3186.0,1. Urgente (Chatarra)
ES182374258Q,PRODUCT 1,16.0,3186.0,1. Urgente (Chatarra)
ES182225043R,PRODUCT 1,25.0,3186.0,1. Urgente (Chatarra)
ES182331158O,PRODUCT 1,25.0,3186.0,1. Urgente (Chatarra)
ES182382097F,PRODUCT 1,14.0,3186.0,2. Alta (Renovación)
ES182271860V,PRODUCT 1,21.0,3164.4,1. Urgente (Chatarra)
ES182199802L,PRODUCT 1,10.0,3153.6,2. Alta (Renovación)
ES182369857V,PRODUCT 1,15.0,3132.0,2. Alta (Renovación)
ES182344017H,PRODUCT 1,18.0,3132.0,1. Urgente (Chatarra)
ES182422200B,PRODUCT 1,13.0,3132.0,2. Alta (Renovación)
ES182405172F,PRODUCT 1,12.0,3132.0,2. Alta (Renovación)
ES182179669H,PRODUCT 1,12.0,3132.0,2. Alta (Renovación)
ES182171090Q,PRODUCT 1,64.0,3132.0,1. Urgente (Chatarra)
ES182442014H,PRODUCT 1,18.0,3132.0,1. Urgente (Chatarra)
ES182158947D,PRODUCT 1,10.0,3132.0,2. Alta (Renovación)
ES182135652X,PRODUCT 2,64.5,3132.0,1. Urgente (Chatarra)
ES182139233F,PRODUCT 1,15.0,3132.0,2. Alta (Renovación)
ES182262906C,PRODUCT 1,17.0,3132.0,1. Urgente (Chatarra)
ES182427450L,PRODUCT 1,19.0,3132.0,1. Urgente (Chatarra)
ES182444975W,PRODUCT 1,13.0,3132.0,2. Alta (Renovación)
ES182112093H,PRODUCT 2,11.0,3132.0,2. Alta (Renovación)
ES182414509W,PRODUCT 1,20.0,3132.0,1. Urgente (Chatarra)
ES182282846K,PRODUCT 1,12.0,3132.0,2. Alta (Renovación)
ES182235528E,PRODUCT 1,18.0,3132.0,1. Urgente (Chatarra)
ES182335715B,PRODUCT 1,14.0,3132.0,2. Alta (Renovación)
ES182443820U,PRODUCT 1,13.0,3132.0,2. Alta (Renovación)
ES182356407I,PRODUCT 1,13.0,3132.0,2. Alta (Renovación)
ES182406162H,PRODUCT 1,11.0,3132.0,2. Alta (Renovación)
ES182437804M,PRODUCT 1,11.0,3132.0,2. Alta (Renovación)
ES182380378A,PRODUCT 1,17.0,3132.0,1. Urgente (Chatarra)
ES182277160A,PRODUCT 1,12.0,3132.0,2. Alta (Renovación)
ES182153976R,PRODUCT 1,14.0,3132.0,2. Alta (Renovación)
ES182189169F,PRODUCT 1,64.5,3132.0,1. Urgente (Chatarra)
ES182379064D,PRODUCT 1,18.0,3132.0,1. Urgente (Chatarra)
ES182398663S,PRODUCT 1,16.0,3132.0,1. Urgente (Chatarra)
ES182409468H,PRODUCT 1,15.0,3132.0,2. Alta (Renovación)
ES182128333V,PRODUCT 1,15.0,3132.0,2. Alta (Renovación)
ES182444526J,PRODUCT 1,13.0,3132.0,2. Alta (Renovación)
ES182107420O,PRODUCT 1,16.0,3132.0,1. Urgente (Chatarra)
ES182141273S,PRODUCT 1,16.0,3132.0,1. Urgente (Chatarra)
ES182146371Z,PRODUCT 1,10.0,3132.0,2. Alta (Renovación)
ES182120968U,PRODUCT 1,21.0,3132.0,1. Urgente (Chatarra)
ES182289043S,PRODUCT 1,15.0,3132.0,2. Alta (Renovación)
ES182337596L,PRODUCT 1,17.0,3132.0,1. Urgente (Chatarra)
ES182387099Z,PRODUCT 1,17.0,3132.0,1. Urgente (Chatarra)
ES182405934H,PRODUCT 1,18.0,3132.0,1. Urgente (Chatarra)
ES182110690W,PRODUCT 1,16.0,3132.0,1. Urgente (Chatarra)
ES182325760R,PRODUCT 1,17.0,3132.0,1. Urgente (Chatarra)
ES182400746I,PRODUCT 1,22.0,3121.2,1. Urgente (Chatarra)
ES182161451P,PRODUCT 1,10.0,3105.0,2. Alta (Renovación)
ES182257903Q,PRODUCT 1,19.0,3105.0,1. Urgente (Chatarra)
ES182184022E,PRODUCT 1,13.0,3078.0,2. Alta (Renovación)
ES182205830U,PRODUCT 1,14.0,3078.0,2. Alta (Renovación)
ES182338045G,PRODUCT 1,11.0,3078.0,2. Alta (Renovación)
ES182304955D,PRODUCT 1,12.0,3078.0,2. Alta (Renovación)
ES182152490H,PRODUCT 1,16.0,3078.0,1. Urgente (Chatarra)
ES182354012N,PRODUCT 1,22.0,3078.0,1. Urgente (Chatarra)
ES182177108U,PRODUCT 1,16.0,3078.0,1. Urgente (Chatarra)
ES182373904L,PRODUCT 1,10.0,3078.0,2. Alta (Renovación)
ES182428068A,PRODUCT 1,14.0,3078.0,2. Alta (Renovación)
ES182126350X,PRODUCT 1,16.0,3078.0,1. Urgente (Chatarra)
ES182231383Q,PRODUCT 2,30.0,3078.0,1. Urgente (Chatarra)
ES182314571L,PRODUCT 1,21.0,3078.0,1. Urgente (Chatarra)
ES182306725D,PRODUCT 1,64.0,3078.0,1. Urgente (Chatarra)
ES182204154F,PRODUCT 1,64.0,3078.0,1. Urgente (Chatarra)
ES182253914I,PRODUCT 1,12.0,3078.0,2. Alta (Renovación)
ES182349400C,PRODUCT 1,13.0,3078.0,2. Alta (Renovación)
ES182219317A,PRODUCT 1,11.0,3078.0,2. Alta (Renovación)
ES182142368L,PRODUCT 1,17.0,3078.0,1. Urgente (Chatarra)
ES182204815L,PRODUCT 1,64.5,3078.0,1. Urgente (Chatarra)
ES182261319G,PRODUCT 1,14.0,3078.0,2. Alta (Renovación)
ES182202858P,PRODUCT 1,64.0,3078.0,1. Urgente (Chatarra)
ES182382864R,PRODUCT 1,14.0,3078.0,2. Alta (Renovación)
ES182273016K,PRODUCT 1,64.0,3078.0,1. Urgente (Chatarra)
ES182252601U,PRODUCT 2,15.0,3078.0,2. Alta (Renovación)
ES182348755H,PRODUCT 1,10.0,3078.0,2. Alta (Renovación)
ES182402175A,PRODUCT 1,11.0,3078.0,2. Alta (Renovación)
ES182422822Y,PRODUCT 1,18.0,3078.0,1. Urgente (Chatarra)
ES182216428J,PRODUCT 1,10.0,3078.0,2. Alta (Renovación)
ES182154135X,PRODUCT 2,20.0,3078.0,1. Urgente (Chatarra)
ES182351267C,PRODUCT 1,13.0,3078.0,2. Alta (Renovación)
ES182322686U,PRODUCT 1,19.0,3078.0,1. Urgente (Chatarra)
ES182371651T,PRODUCT 1,20.0,3078.0,1. Urgente (Chatarra)
ES182394608P,PRODUCT 1,17.0,3078.0,1. Urgente (Chatarra)
ES182314945M,PRODUCT 1,13.0,3078.0,2. Alta (Renovación)
ES182392574H,PRODUCT 1,14.0,3078.0,2. Alta (Renovación)
ES182383398B,PRODUCT 2,10.0,3078.0,2. Alta (Renovación)
ES182111325R,PRODUCT 1,10.0,3078.0,2. Alta (Renovación)
ES182157105X,PRODUCT 1,18.0,3078.0,1. Urgente (Chatarra)
ES182311364P,PRODUCT 1,17.0,3078.0,1. Urgente (Chatarra)
ES182227157L,PRODUCT 1,28.0,3078.0,1. Urgente (Chatarra)
ES182230812J,PRODUCT 1,10.0,3076.87,2. Alta (Renovación)
ES182378847J,PRODUCT 1,21.0,3040.2,1. Urgente (Chatarra)
ES182210824V,PRODUCT 1,64.0,3024.0,1. Urgente (Chatarra)
ES182296892S,PRODUCT 1,13.0,3024.0,2. Alta (Renovación)
ES182316031E,PRODUCT 1,26.0,3024.0,1. Urgente (Chatarra)
ES182398733J,PRODUCT 1,17.0,3024.0,1. Urgente (Chatarra)
ES182372358Z,PRODUCT 1,12.0,3024.0,2. Alta (Renovación)
ES182358825L,PRODUCT 1,16.0,3024.0,1. Urgente (Chatarra)
ES182371884O,PRODUCT 1,19.0,3024.0,1. Urgente (Chatarra)
ES182213210C,PRODUCT 1,18.0,3024.0,1. Urgente (Chatarra)
ES182162956P,PRODUCT 1,12.0,3024.0,2. Alta (Renovación)
ES182229533H,PRODUCT 1,16.0,3024.0,1. Urgente (Chatarra)
ES182160494F,PRODUCT 1,24.0,3024.0,1. Urgente (Chatarra)
ES182123795Q,PRODUCT 1,13.0,3024.0,2. Alta (Renovación)
ES182311653C,PRODUCT 1,64.5,3024.0,1. Urgente (Chatarra)
ES182109010U,PRODUCT 1,11.0,3024.0,2. Alta (Renovación)
ES182119050F,PRODUCT 1,14.0,3024.0,2. Alta (Renovación)
ES182452118X,PRODUCT 2,20.0,3024.0,1. Urgente (Chatarra)
ES182136970Z,PRODUCT 1,17.0,3024.0,1. Urgente (Chatarra)
ES182120709C,PRODUCT 1,64.0,3024.0,1. Urgente (Chatarra)
ES182105188H,PRODUCT 1,22.0,3024.0,1. Urgente (Chatarra)
ES182367451H,PRODUCT 1,15.0,3024.0,2. Alta (Renovación)
ES182353480N,PRODUCT 1,12.0,3024.0,2. Alta (Renovación)
ES182407818S,PRODUCT 2,64.0,3024.0,1. Urgente (Chatarra)
ES182311138H,PRODUCT 1,18.0,3024.0,1. Urgente (Chatarra)
ES182166411O,PRODUCT 1,23.0,3024.0,1. Urgente (Chatarra)
ES182229833J,PRODUCT 1,22.0,3024.0,1. Urgente (Chatarra)
ES182280131A,PRODUCT 1,64.5,3024.0,1. Urgente (Chatarra)
ES182439372O,PRODUCT 1,16.0,3024.0,1. Urgente (Chatarra)
ES182414477Y,PRODUCT 1,12.0,3024.0,2. Alta (Renovación)
ES182114251N,PRODUCT 1,21.0,3024.0,1. Urgente (Chatarra)
ES182109513T,PRODUCT 1,16.0,3024.0,1. Urgente (Chatarra)
ES182316510H,PRODUCT 1,29.0,3024.0,1. Urgente (Chatarra)
ES182107423X,PRODUCT 1,15.0,3024.0,2. Alta (Renovación)
ES182312373O,PRODUCT 1,12.0,3024.0,2. Alta (Renovación)
ES182312508B,PRODUCT 2,17.0,3024.0,1. Urgente (Chatarra)
ES182424763C,PRODUCT 1,15.0,3024.0,2. Alta (Renovación)
ES182118997M,PRODUCT 1,11.0,3024.0,2. Alta (Renovación)
ES182191511Q,PRODUCT 1,14.0,3024.0,2. Alta (Renovación)
ES182396843I,PRODUCT 1,13.0,3024.0,2. Alta (Renovación)
ES182437285G,PRODUCT 1,18.0,3024.0,1. Urgente (Chatarra)
ES182387270E,PRODUCT 1,11.0,3024.0,2. Alta (Renovación)
ES182372631U,PRODUCT 1,15.0,3024.0,2. Alta (Renovación)
ES182423817S,PRODUCT 1,21.0,3024.0,1. Urgente (Chatarra)
ES182315340Y,PRODUCT 1,15.0,3024.0,2. Alta (Renovación)
ES182254970R,PRODUCT 1,13.0,2997.0,2. Alta (Renovación)
ES182351359S,PRODUCT 1,12.0,2970.0,2. Alta (Renovación)
ES182335651R,PRODUCT 1,13.0,2970.0,2. Alta (Renovación)
ES182280087E,PRODUCT 2,10.0,2970.0,2. Alta (Renovación)
ES182160697Y,PRODUCT 1,13.0,2970.0,2. Alta (Renovación)
ES182445061D,PRODUCT 1,15.0,2970.0,2. Alta (Renovación)
ES182174837O,PRODUCT 1,12.0,2970.0,2. Alta (Renovación)
ES182132621K,PRODUCT 1,13.0,2970.0,2. Alta (Renovación)
ES182249670L,PRODUCT 2,19.0,2970.0,1. Urgente (Chatarra)
ES182159970D,PRODUCT 1,12.0,2970.0,2. Alta (Renovación)
ES182191478G,PRODUCT 1,15.0,2970.0,2. Alta (Renovación)
ES182233165X,PRODUCT 1,19.0,2970.0,1. Urgente (Chatarra)
ES182236245N,PRODUCT 1,10.0,2970.0,2. Alta (Renovación)
ES182196687K,PRODUCT 1,16.0,2970.0,1. Urgente (Chatarra)
ES182185257H,PRODUCT 1,15.0,2970.0,2. Alta (Renovación)
ES182144983T,PRODUCT 1,10.0,2970.0,2. Alta (Renovación)
ES182179658F,PRODUCT 1,12.0,2970.0,2. Alta (Renovación)
ES182251304S,PRODUCT 1,10.0,2970.0,2. Alta (Renovación)
ES182182960Z,PRODUCT 1,12.0,2970.0,2. Alta (Renovación)
ES182240214O,PRODUCT 1,12.0,2970.0,2. Alta (Renovación)
ES182240523V,PRODUCT 1,16.0,2970.0,1. Urgente (Chatarra)
ES182130990A,PRODUCT 1,15.0,2970.0,2. Alta (Renovación)
ES182335043C,PRODUCT 1,10.0,2970.0,2. Alta (Renovación)
ES182406434P,PRODUCT 1,14.0,2970.0,2. Alta (Renovación)
ES182229498Y,PRODUCT 1,25.0,2970.0,1. Urgente (Chatarra)
ES182139729U,PRODUCT 1,26.0,2970.0,1. Urgente (Chatarra)
ES182395890Z,PRODUCT 1,12.0,2970.0,2. Alta (Renovación)
ES182424142O,PRODUCT 1,10.0,2970.0,2. Alta (Renovación)
ES182422271Y,PRODUCT 1,12.0,2970.0,2. Alta (Renovación)
ES182365320R,PRODUCT 1,16.0,2970.0,1. Urgente (Chatarra)
ES182190755V,PRODUCT 1,12.0,2970.0,2. Alta (Renovación)
ES182409337T,PRODUCT 1,14.0,2970.0,2. Alta (Renovación)
ES182434820F,PRODUCT 1,13.0,2970.0,2. Alta (Renovación)
ES182452044K,PRODUCT 1,13.0,2970.0,2. Alta (Renovación)
ES182381847J,PRODUCT 1,64.0,2970.0,1. Urgente (Chatarra)
ES182238839S,PRODUCT 1,10.0,2970.0,2. Alta (Renovación)
ES182276454U,PRODUCT 1,12.0,2970.0,2. Alta (Renovación)
ES182281591A,PRODUCT 1,24.0,2970.0,1. Urgente (Chatarra)
ES182281470O,PRODUCT 1,25.0,2970.0,1. Urgente (Chatarra)
ES182155822X,PRODUCT 1,10.0,2970.0,2. Alta (Renovación)
ES182360555Q,PRODUCT 1,12.0,2970.0,2. Alta (Renovación)
ES182437296E,PRODUCT 1,23.0,2970.0,1. Urgente (Chatarra)
ES182428847I,PRODUCT 1,15.0,2970.0,2. Alta (Renovación)
ES182284972P,PRODUCT 1,13.0,2970.0,2. Alta (Renovación)
ES182242086M,PRODUCT 1,17.0,2970.0,1. Urgente (Chatarra)
ES182163920Y,PRODUCT 1,16.0,2970.0,1. Urgente (Chatarra)
ES182393881F,PRODUCT 1,15.0,2970.0,2. Alta (Renovación)
ES182282869M,PRODUCT 1,64.0,2970.0,1. Urgente (Chatarra)
ES182208403M,PRODUCT 1,19.0,2970.0,1. Urgente (Chatarra)
ES182396144P,PRODUCT 1,21.0,2970.0,1. Urgente (Chatarra)
ES182108201O,PRODUCT 1,11.0,2970.0,2. Alta (Renovación)
ES182405721R,PRODUCT 1,10.0,2970.0,2. Alta (Renovación)
ES182310264N,PRODUCT 1,18.0,2970.0,1. Urgente (Chatarra)
ES182445270Z,PRODUCT 1,19.0,2970.0,1. Urgente (Chatarra)
ES182124420Y,PRODUCT 1,11.0,2970.0,2. Alta (Renovación)
ES182261419R,PRODUCT 1,16.0,2970.0,1. Urgente (Chatarra)
ES182395526F,PRODUCT 1,64.0,2970.0,1. Urgente (Chatarra)
ES182451410I,PRODUCT 1,24.0,2970.0,1. Urgente (Chatarra)
ES182403908P,PRODUCT 1,19.0,2970.0,1. Urgente (Chatarra)
ES182321890I,PRODUCT 1,21.0,2970.0,1. Urgente (Chatarra)
ES182310484U,PRODUCT 1,19.0,2970.0,1. Urgente (Chatarra)
ES182167213H,PRODUCT 1,13.0,2970.0,2. Alta (Renovación)
ES182448060Q,PRODUCT 1,18.0,2970.0,1. Urgente (Chatarra)
ES182412307U,PRODUCT 1,32.0,2970.0,1. Urgente (Chatarra)
ES182282431Z,PRODUCT 1,17.0,2970.0,1. Urgente (Chatarra)
ES182293130G,PRODUCT 1,20.0,2970.0,1. Urgente (Chatarra)
ES182277886A,PRODUCT 1,18.0,2970.0,1. Urgente (Chatarra)
ES182215680W,PRODUCT 1,12.0,2970.0,2. Alta (Renovación)
ES182424648X,PRODUCT 1,18.0,2970.0,1. Urgente (Chatarra)
ES182182278J,PRODUCT 1,14.0,2970.0,2. Alta (Renovación)
ES182443682U,PRODUCT 1,21.0,2970.0,1. Urgente (Chatarra)
ES182439023Y,PRODUCT 2,64.0,2970.0,1. Urgente (Chatarra)
ES182171936G,PRODUCT 1,19.0,2970.0,1. Urgente (Chatarra)
ES182185986Q,PRODUCT 1,12.0,2970.0,2. Alta (Renovación)
ES182113183U,PRODUCT 1,14.0,2970.0,2. Alta (Renovación)
ES182245636O,PRODUCT 1,18.0,2970.0,1. Urgente (Chatarra)
ES182283965L,PRODUCT 1,11.0,2970.0,2. Alta (Renovación)
ES182372519X,PRODUCT 1,25.0,2970.0,1. Urgente (Chatarra)
ES182285864I,PRODUCT 1,29.0,2970.0,1. Urgente (Chatarra)
ES182310297M,PRODUCT 1,16.0,2970.0,1. Urgente (Chatarra)
ES182236207T,PRODUCT 1,14.0,2970.0,2. Alta (Renovación)
ES182139709T,PRODUCT 1,13.0,2970.0,2. Alta (Renovación)
ES182382156U,PRODUCT 1,17.0,2970.0,1. Urgente (Chatarra)
ES182239373D,PRODUCT 1,10.0,2970.0,2. Alta (Renovación)
ES182304875U,PRODUCT 1,11.0,2970.0,2. Alta (Renovación)
ES182304374C,PRODUCT 1,15.0,2970.0,2. Alta (Renovación)
ES182309433I,PRODUCT 1,24.0,2970.0,1. Urgente (Chatarra)
ES182131980J,PRODUCT 1,13.0,2970.0,2. Alta (Renovación)
ES182170532Q,PRODUCT 1,13.0,2970.0,2. Alta (Renovación)
ES182180183R,PRODUCT 1,23.0,2970.0,1. Urgente (Chatarra)
ES182437355D,PRODUCT 1,23.0,2970.0,1. Urgente (Chatarra)
ES182348034V,PRODUCT 1,40.0,2970.0,1. Urgente (Chatarra)
ES182294192H,PRODUCT 1,10.0,2970.0,2. Alta (Renovación)
ES182167266M,PRODUCT 1,29.0,2970.0,1. Urgente (Chatarra)
ES182117890V,PRODUCT 1,18.0,2970.0,1. Urgente (Chatarra)
ES182134031E,PRODUCT 1,20.0,2970.0,1. Urgente (Chatarra)
ES182445774X,PRODUCT 1,19.0,2970.0,1. Urgente (Chatarra)
ES182224160V,PRODUCT 2,17.0,2970.0,1. Urgente (Chatarra)
ES182204501S,PRODUCT 1,17.0,2970.0,1. Urgente (Chatarra)
ES182228795P,PRODUCT 1,13.0,2970.0,2. Alta (Renovación)
ES182127433K,PRODUCT 1,32.0,2970.0,1. Urgente (Chatarra)
ES182159608Q,PRODUCT 1,20.0,2970.0,1. Urgente (Chatarra)
ES182136147T,PRODUCT 1,10.0,2970.0,2. Alta (Renovación)
ES182339210O,PRODUCT 1,10.0,2970.0,2. Alta (Renovación)
ES182407728N,PRODUCT 1,23.0,2970.0,1. Urgente (Chatarra)
ES182206835F,PRODUCT 1,12.0,2970.0,2. Alta (Renovación)
ES182416753Q,PRODUCT 1,23.0,2970.0,1. Urgente (Chatarra)
ES182146370H,PRODUCT 1,12.0,2970.0,2. Alta (Renovación)
ES182402435S,PRODUCT 2,14.0,2970.0,2. Alta (Renovación)
ES182415330V,PRODUCT 1,12.0,2970.0,2. Alta (Renovación)
ES182297663D,PRODUCT 1,36.0,2970.0,1. Urgente (Chatarra)
ES182193355J,PRODUCT 1,16.0,2970.0,1. Urgente (Chatarra)
ES182450196O,PRODUCT 1,27.0,2970.0,1. Urgente (Chatarra)
ES182224283C,PRODUCT 1,12.0,2970.0,2. Alta (Renovación)
ES182263012B,PRODUCT 1,24.0,2970.0,1. Urgente (Chatarra)
ES182404150T,PRODUCT 1,15.0,2970.0,2. Alta (Renovación)
ES182338963I,PRODUCT 1,18.0,2970.0,1. Urgente (Chatarra)
ES182148483Q,PRODUCT 1,24.0,2970.0,1. Urgente (Chatarra)
ES182152617O,PRODUCT 1,15.0,2970.0,2. Alta (Renovación)
ES182196200O,PRODUCT 1,10.0,2970.0,2. Alta (Renovación)
ES182366640E,PRODUCT 1,11.0,2970.0,2. Alta (Renovación)
ES182378896Z,PRODUCT 1,10.0,2970.0,2. Alta (Renovación)
ES182277743B,PRODUCT 2,16.0,2970.0,1. Urgente (Chatarra)
ES182405370F,PRODUCT 1,11.0,2970.0,2. Alta (Renovación)
ES182346637N,PRODUCT 1,24.0,2970.0,1. Urgente (Chatarra)
ES182309395Z,PRODUCT 1,19.0,2970.0,1. Urgente (Chatarra)
ES182262653H,PRODUCT 1,16.0,2970.0,1. Urgente (Chatarra)
ES182368098X,PRODUCT 1,64.0,2970.0,1. Urgente (Chatarra)
ES182179726W,PRODUCT 2,11.0,2970.0,2. Alta (Renovación)
ES182157088N,PRODUCT 1,64.5,2970.0,1. Urgente (Chatarra)
ES182365211U,PRODUCT 1,13.0,2970.0,2. Alta (Renovación)
ES182370842I,PRODUCT 1,15.0,2970.0,2. Alta (Renovación)
ES182326621J,PRODUCT 1,64.0,2970.0,1. Urgente (Chatarra)
ES182301566N,PRODUCT 1,14.0,2970.0,2. Alta (Renovación)
ES182275689C,PRODUCT 1,13.0,2970.0,2. Alta (Renovación)
ES182361911S,PRODUCT 1,17.0,2970.0,1. Urgente (Chatarra)
ES182218435K,PRODUCT 1,26.0,2970.0,1. Urgente (Chatarra)
ES182354871W,PRODUCT 1,15.0,2970.0,2. Alta (Renovación)
ES182259609O,PRODUCT 1,14.0,2970.0,2. Alta (Renovación)
ES182423363T,PRODUCT 1,16.0,2970.0,1. Urgente (Chatarra)
ES182136072Z,PRODUCT 1,12.0,2970.0,2. Alta (Renovación)
ES182230111M,PRODUCT 1,14.0,2970.0,2. Alta (Renovación)
ES182410566N,PRODUCT 2,14.0,2970.0,2. Alta (Renovación)
ES182386853R,PRODUCT 1,11.0,2970.0,2. Alta (Renovación)
ES182296563M,PRODUCT 1,14.0,2970.0,2. Alta (Renovación)
ES182220739E,PRODUCT 1,64.5,2970.0,1. Urgente (Chatarra)
ES182273004I,PRODUCT 1,64.0,2970.0,1. Urgente (Chatarra)
ES182206221W,PRODUCT 1,12.0,2970.0,2. Alta (Renovación)
ES182415169V,PRODUCT 1,23.0,2970.0,1. Urgente (Chatarra)
ES182191766F,PRODUCT 1,19.0,2970.0,1. Urgente (Chatarra)
ES182303038C,PRODUCT 1,11.0,2970.0,2. Alta (Renovación)
ES182407833U,PRODUCT 1,17.0,2970.0,1. Urgente (Chatarra)
ES182426101G,PRODUCT 1,25.0,2970.0,1. Urgente (Chatarra)
ES182420476B,PRODUCT 1,23.0,2970.0,1. Urgente (Chatarra)
ES182421099N,PRODUCT 1,16.0,2970.0,1. Urgente (Chatarra)
ES182418723I,PRODUCT 1,26.0,2970.0,1. Urgente (Chatarra)
ES182392176N,PRODUCT 1,13.0,2970.0,2. Alta (Renovación)
ES182159154I,PRODUCT 1,14.0,2970.0,2. Alta (Renovación)
ES182302473P,PRODUCT 2,14.0,2970.0,2. Alta (Renovación)
ES182135364T,PRODUCT 1,14.0,2970.0,2. Alta (Renovación)
ES182400561U,PRODUCT 1,16.0,2970.0,1. Urgente (Chatarra)
ES182343067J,PRODUCT 1,20.0,2970.0,1. Urgente (Chatarra)
ES182352474W,PRODUCT 1,15.0,2970.0,2. Alta (Renovación)
ES182140604Z,PRODUCT 1,13.0,2970.0,2. Alta (Renovación)
ES182257365Z,PRODUCT 1,64.0,2970.0,1. Urgente (Chatarra)
ES182191320P,PRODUCT 1,15.0,2970.0,2. Alta (Renovación)
ES182186421J,PRODUCT 1,64.0,2970.0,1. Urgente (Chatarra)
ES182333979P,PRODUCT 1,17.0,2970.0,1. Urgente (Chatarra)
ES182137532D,PRODUCT 1,18.0,2970.0,1. Urgente (Chatarra)
ES182287033Z,PRODUCT 1,18.0,2970.0,1. Urgente (Chatarra)
ES182408895Z,PRODUCT 1,17.0,2970.0,1. Urgente (Chatarra)
ES182219041W,PRODUCT 1,16.0,2970.0,1. Urgente (Chatarra)
ES182258291Z,PRODUCT 1,19.0,2970.0,1. Urgente (Chatarra)
ES182203972E,PRODUCT 1,31.0,2970.0,1. Urgente (Chatarra)
ES182364182O,PRODUCT 1,15.0,2970.0,2. Alta (Renovación)
ES182283356Q,PRODUCT 1,64.0,2970.0,1. Urgente (Chatarra)
ES182315339C,PRODUCT 1,15.0,2970.0,2. Alta (Renovación)
ES182437096V,PRODUCT 1,15.0,2970.0,2. Alta (Renovación)
ES182100550N,PRODUCT 1,21.0,2970.0,1. Urgente (Chatarra)
ES182394384D,PRODUCT 1,17.0,2970.0,1. Urgente (Chatarra)
ES182147168K,PRODUCT 1,17.0,2970.0,1. Urgente (Chatarra)
ES182305784R,PRODUCT 1,25.0,2970.0,1. Urgente (Chatarra)
ES182180675W,PRODUCT 1,26.0,2970.0,1. Urgente (Chatarra)
ES182345648M,PRODUCT 1,21.0,2970.0,1. Urgente (Chatarra)
ES182172161Z,PRODUCT 1,13.0,2970.0,2. Alta (Renovación)
ES182328708L,PRODUCT 2,23.0,2970.0,1. Urgente (Chatarra)
ES182213234E,PRODUCT 1,21.0,2970.0,1. Urgente (Chatarra)
ES182316096N,PRODUCT 1,16.0,2970.0,1. Urgente (Chatarra)
ES182233266U,PRODUCT 1,12.0,2970.0,2. Alta (Renovación)
ES182248974E,PRODUCT 1,13.0,2970.0,2. Alta (Renovación)
ES182346256P,PRODUCT 1,22.0,2970.0,1. Urgente (Chatarra)
ES182329589L,PRODUCT 1,17.0,2970.0,1. Urgente (Chatarra)
ES182115832X,PRODUCT 1,12.0,2970.0,2. Alta (Renovación)
ES182185587Z,PRODUCT 1,23.0,2970.0,1. Urgente (Chatarra)
ES182418718S,PRODUCT 1,17.0,2970.0,1. Urgente (Chatarra)
ES182406710S,PRODUCT 1,19.0,2970.0,1. Urgente (Chatarra)
ES182396056Z,PRODUCT 1,10.0,2970.0,2. Alta (Renovación)
ES182274138O,PRODUCT 1,10.0,2970.0,2. Alta (Renovación)
ES182268544Y,PRODUCT 1,64.0,2970.0,1. Urgente (Chatarra)
ES182225473I,PRODUCT 1,11.0,2970.0,2. Alta (Renovación)
ES182316499X,PRODUCT 1,14.0,2970.0,2. Alta (Renovación)
ES182377696Z,PRODUCT 1,11.0,2970.0,2. Alta (Renovación)
ES182343515V,PRODUCT 1,12.0,2970.0,2. Alta (Renovación)
ES182177487U,PRODUCT 1,16.0,2970.0,1. Urgente (Chatarra)
ES182338024C,PRODUCT 1,22.0,2970.0,1. Urgente (Chatarra)
ES182359950A,PRODUCT 1,64.0,2970.0,1. Urgente (Chatarra)
ES182375991T,PRODUCT 1,11.0,2970.0,2. Alta (Renovación)
ES182113684G,PRODUCT 1,11.0,2970.0,2. Alta (Renovación)
ES182450414W,PRODUCT 1,13.0,2970.0,2. Alta (Renovación)
ES182298416A,PRODUCT 1,10.0,2970.0,2. Alta (Renovación)
ES182352278U,PRODUCT 1,18.0,2970.0,1. Urgente (Chatarra)
ES182366686X,PRODUCT 1,12.0,2970.0,2. Alta (Renovación)
ES182369113E,PRODUCT 1,16.0,2970.0,1. Urgente (Chatarra)
ES182427717X,PRODUCT 1,14.0,2970.0,2. Alta (Renovación)
ES182247410T,PRODUCT 1,16.0,2970.0,1. Urgente (Chatarra)
ES182277642Q,PRODUCT 1,64.0,2970.0,1. Urgente (Chatarra)
ES182410646W,PRODUCT 2,17.0,2970.0,1. Urgente (Chatarra)
ES182202729Q,PRODUCT 1,11.0,2970.0,2. Alta (Renovación)
ES182255517V,PRODUCT 1,13.0,2970.0,2. Alta (Renovación)
ES182306277I,PRODUCT 1,21.0,2970.0,1. Urgente (Chatarra)
ES182420776B,PRODUCT 1,13.0,2970.0,2. Alta (Renovación)
ES182252070H,PRODUCT 1,12.0,2970.0,2. Alta (Renovación)
ES182175699M,PRODUCT 1,16.0,2970.0,1. Urgente (Chatarra)
ES182261460N,PRODUCT 1,64.0,2970.0,1. Urgente (Chatarra)
ES182221361I,PRODUCT 1,10.0,2970.0,2. Alta (Renovación)
ES182329284A,PRODUCT 1,64.0,2970.0,1. Urgente (Chatarra)
ES182186472W,PRODUCT 1,64.5,2970.0,1. Urgente (Chatarra)
ES182317467O,PRODUCT 1,64.5,2970.0,1. Urgente (Chatarra)
ES182268812J,PRODUCT 1,24.0,2970.0,1. Urgente (Chatarra)
ES182163698P,PRODUCT 1,16.0,2970.0,1. Urgente (Chatarra)
ES182400648J,PRODUCT 1,10.0,2970.0,2. Alta (Renovación)
ES182141237Z,PRODUCT 2,13.0,2970.0,2. Alta (Renovación)
ES182276828A,PRODUCT 1,10.0,2970.0,2. Alta (Renovación)
ES182193382U,PRODUCT 1,21.0,2970.0,1. Urgente (Chatarra)
ES182356304L,PRODUCT 1,25.0,2970.0,1. Urgente (Chatarra)
ES182449378V,PRODUCT 1,19.0,2970.0,1. Urgente (Chatarra)
ES182142855P,PRODUCT 1,10.0,2970.0,2. Alta (Renovación)
ES182392537H,PRODUCT 1,13.0,2970.0,2. Alta (Renovación)
ES182307507J,PRODUCT 1,15.0,2970.0,2. Alta (Renovación)
ES182327056T,PRODUCT 1,14.0,2970.0,2. Alta (Renovación)
ES182109641F,PRODUCT 1,12.0,2970.0,2. Alta (Renovación)
ES182269607X,PRODUCT 1,17.0,2970.0,1. Urgente (Chatarra)
ES182206187D,PRODUCT 1,14.0,2970.0,2. Alta (Renovación)
ES182157738C,PRODUCT 1,64.5,2970.0,1. Urgente (Chatarra)
ES182394696F,PRODUCT 1,17.0,2970.0,1. Urgente (Chatarra)
ES182207609Y,PRODUCT 1,17.0,2970.0,1. Urgente (Chatarra)
ES182384655O,PRODUCT 1,15.0,2970.0,2. Alta (Renovación)
ES182292828Z,PRODUCT 1,10.0,2970.0,2. Alta (Renovación)
ES182255599J,PRODUCT 1,13.0,2970.0,2. Alta (Renovación)
ES182424140N,PRODUCT 1,19.0,2970.0,1. Urgente (Chatarra)
ES182245887P,PRODUCT 1,15.0,2970.0,2. Alta (Renovación)
ES182311515L,PRODUCT 1,15.0,2970.0,2. Alta (Renovación)
ES182234652U,PRODUCT 1,13.0,2970.0,2. Alta (Renovación)
ES182134976M,PRODUCT 1,22.0,2970.0,1. Urgente (Chatarra)
ES182422167B,PRODUCT 1,15.0,2970.0,2. Alta (Renovación)
ES182279790Z,PRODUCT 1,15.0,2970.0,2. Alta (Renovación)
ES182399834L,PRODUCT 1,12.0,2970.0,2. Alta (Renovación)
ES182227543Z,PRODUCT 1,13.0,2970.0,2. Alta (Renovación)
ES182350557M,PRODUCT 1,22.0,2970.0,1. Urgente (Chatarra)
ES182124350R,PRODUCT 1,11.0,2970.0,2. Alta (Renovación)
ES182447625Q,PRODUCT 1,10.0,2970.0,2. Alta (Renovación)
ES182455820F,PRODUCT 1,20.0,2970.0,1. Urgente (Chatarra)
ES182417361F,PRODUCT 1,23.0,2970.0,1. Urgente (Chatarra)
ES182139813F,PRODUCT 1,19.0,2970.0,1. Urgente (Chatarra)
ES182375885H,PRODUCT 1,64.0,2970.0,1. Urgente (Chatarra)
ES182163853G,PRODUCT 1,16.0,2970.0,1. Urgente (Chatarra)
ES182125827N,PRODUCT 1,12.0,2970.0,2. Alta (Renovación)
ES182387182F,PRODUCT 2,20.0,2970.0,1. Urgente (Chatarra)
ES182203614B,PRODUCT 1,11.0,2970.0,2. Alta (Renovación)
ES182274489L,PRODUCT 1,10.0,2970.0,2. Alta (Renovación)
ES182441016Z,PRODUCT 1,11.0,2970.0,2. Alta (Renovación)
ES182371845F,PRODUCT 1,16.0,2970.0,1. Urgente (Chatarra)
ES182166208O,PRODUCT 1,19.0,2970.0,1. Urgente (Chatarra)
ES182134434S,PRODUCT 1,17.0,2970.0,1. Urgente (Chatarra)
ES182169386S,PRODUCT 1,13.0,2970.0,2. Alta (Renovación)
ES182312550O,PRODUCT 1,37.0,2970.0,1. Urgente (Chatarra)
ES182312982M,PRODUCT 2,16.0,2970.0,1. Urgente (Chatarra)
ES182144653J,PRODUCT 2,12.0,2970.0,2. Alta (Renovación)
ES182202087J,PRODUCT 1,18.0,2970.0,1. Urgente (Chatarra)
ES182453583H,PRODUCT 1,64.0,2970.0,1. Urgente (Chatarra)
ES182275596V,PRODUCT 1,35.0,2970.0,1. Urgente (Chatarra)
ES182261761Z,PRODUCT 1,19.0,2970.0,1. Urgente (Chatarra)
ES182286164A,PRODUCT 1,33.0,2970.0,1. Urgente (Chatarra)
ES182340781N,PRODUCT 2,18.0,2970.0,1. Urgente (Chatarra)
ES182192520H,PRODUCT 1,13.0,2970.0,2. Alta (Renovación)
ES182128934S,PRODUCT 1,14.0,2970.0,2. Alta (Renovación)
ES182137458H,PRODUCT 1,13.0,2970.0,2. Alta (Renovación)
ES182410363J,PRODUCT 1,16.0,2970.0,1. Urgente (Chatarra)
ES182263193X,PRODUCT 1,21.0,2970.0,1. Urgente (Chatarra)
ES182321108H,PRODUCT 1,17.0,2970.0,1. Urgente (Chatarra)
ES182116094O,PRODUCT 1,13.0,2970.0,2. Alta (Renovación)
ES182119611Z,PRODUCT 1,11.0,2970.0,2. Alta (Renovación)
ES182418626E,PRODUCT 1,26.0,2970.0,1. Urgente (Chatarra)
ES182297316U,PRODUCT 1,64.5,2970.0,1. Urgente (Chatarra)
ES182385613Z,PRODUCT 1,64.5,2970.0,1. Urgente (Chatarra)
ES182400536F,PRODUCT 1,25.0,2970.0,1. Urgente (Chatarra)
ES182228787A,PRODUCT 1,14.0,2970.0,2. Alta (Renovación)
ES182101393T,PRODUCT 1,16.0,2970.0,1. Urgente (Chatarra)
ES182222816Y,PRODUCT 1,12.0,2970.0,2. Alta (Renovación)
ES182409592D,PRODUCT 1,15.0,2970.0,2. Alta (Renovación)
ES182119452U,PRODUCT 1,10.0,2970.0,2. Alta (Renovación)
ES182338394D,PRODUCT 1,14.0,2970.0,2. Alta (Renovación)
ES182138181S,PRODUCT 1,10.0,2970.0,2. Alta (Renovación)
ES182391415H,PRODUCT 1,16.0,2970.0,1. Urgente (Chatarra)
ES182337607W,PRODUCT 1,29.0,2970.0,1. Urgente (Chatarra)
ES182371371P,PRODUCT 2,10.0,2970.0,2. Alta (Renovación)
ES182297691I,PRODUCT 1,15.0,2970.0,2. Alta (Renovación)
ES182250766Q,PRODUCT 1,13.0,2970.0,2. Alta (Renovación)
ES182325470E,PRODUCT 1,17.0,2970.0,1. Urgente (Chatarra)
ES182441693E,PRODUCT 1,19.0,2970.0,1. Urgente (Chatarra)
ES182380167X,PRODUCT 1,15.0,2970.0,2. Alta (Renovación)
ES182113562J,PRODUCT 1,11.0,2970.0,2. Alta (Renovación)
ES182404339Z,PRODUCT 1,64.5,2970.0,1. Urgente (Chatarra)
ES182338095I,PRODUCT 1,13.0,2970.0,2. Alta (Renovación)
ES182180851I,PRODUCT 1,24.0,2970.0,1. Urgente (Chatarra)
ES182246725I,PRODUCT 1,10.0,2970.0,2. Alta (Renovación)
ES182414697C,PRODUCT 1,20.0,2970.0,1. Urgente (Chatarra)
ES182319291S,PRODUCT 1,64.5,2970.0,1. Urgente (Chatarra)
ES182411857Q,PRODUCT 1,18.0,2970.0,1. Urgente (Chatarra)
ES182108806U,PRODUCT 1,11.0,2970.0,2. Alta (Renovación)
ES182410630W,PRODUCT 1,21.0,2970.0,1. Urgente (Chatarra)
ES182411325J,PRODUCT 1,12.0,2970.0,2. Alta (Renovación)
ES182222812O,PRODUCT 1,12.0,2970.0,2. Alta (Renovación)
ES182192473G,PRODUCT 1,15.0,2970.0,2. Alta (Renovación)
ES182373916K,PRODUCT 1,15.0,2970.0,2. Alta (Renovación)
ES182417840A,PRODUCT 1,18.0,2970.0,1. Urgente (Chatarra)
ES182375121N,PRODUCT 1,64.5,2970.0,1. Urgente (Chatarra)
ES182189439Y,PRODUCT 1,14.0,2970.0,2. Alta (Renovación)
ES182447573X,PRODUCT 1,64.0,2970.0,1. Urgente (Chatarra)
ES182275030O,PRODUCT 1,13.0,2970.0,2. Alta (Renovación)
ES182432137O,PRODUCT 1,16.0,2970.0,1. Urgente (Chatarra)
ES182207988T,PRODUCT 1,12.0,2970.0,2. Alta (Renovación)
ES182251068M,PRODUCT 1,28.0,2970.0,1. Urgente (Chatarra)
ES182180197A,PRODUCT 1,18.0,2970.0,1. Urgente (Chatarra)
ES182376429O,PRODUCT 1,12.0,2970.0,2. Alta (Renovación)
ES182218021J,PRODUCT 1,16.0,2970.0,1. Urgente (Chatarra)
ES182164810O,PRODUCT 2,10.0,2970.0,2. Alta (Renovación)
ES182192910R,PRODUCT 2,15.0,2970.0,2. Alta (Renovación)
ES182159876R,PRODUCT 1,16.0,2970.0,1. Urgente (Chatarra)
ES182205433P,PRODUCT 1,18.0,2970.0,1. Urgente (Chatarra)
ES182323562X,PRODUCT 1,26.0,2970.0,1. Urgente (Chatarra)
ES182421844I,PRODUCT 1,13.0,2970.0,2. Alta (Renovación)
ES182229097K,PRODUCT 1,17.0,2970.0,1. Urgente (Chatarra)
ES182397814F,PRODUCT 1,11.0,2970.0,2. Alta (Renovación)
ES182150005E,PRODUCT 1,25.0,2970.0,1. Urgente (Chatarra)
ES182227605G,PRODUCT 1,16.0,2970.0,1. Urgente (Chatarra)
ES182453184W,PRODUCT 1,11.0,2970.0,2. Alta (Renovación)
ES182389437U,PRODUCT 1,13.0,2970.0,2. Alta (Renovación)
ES182270923T,PRODUCT 1,15.0,2970.0,2. Alta (Renovación)
ES182299344N,PRODUCT 1,15.0,2970.0,2. Alta (Renovación)
ES182335075S,PRODUCT 1,15.0,2970.0,2. Alta (Renovación)
ES182229635J,PRODUCT 1,12.0,2970.0,2. Alta (Renovación)
ES182308113T,PRODUCT 1,30.0,2970.0,1. Urgente (Chatarra)
ES182419676K,PRODUCT 1,64.5,2970.0,1. Urgente (Chatarra)
ES182353495L,PRODUCT 1,17.0,2970.0,1. Urgente (Chatarra)
ES182204888P,PRODUCT 1,14.0,2970.0,2. Alta (Renovación)
ES182244907M,PRODUCT 1,64.0,2970.0,1. Urgente (Chatarra)
ES182415158C,PRODUCT 1,17.0,2970.0,1. Urgente (Chatarra)
ES182242192K,PRODUCT 1,15.0,2970.0,2. Alta (Renovación)
ES182378869R,PRODUCT 1,17.0,2970.0,1. Urgente (Chatarra)
ES182224292O,PRODUCT 1,12.0,2970.0,2. Alta (Renovación)
ES182155391F,PRODUCT 2,64.0,2970.0,1. Urgente (Chatarra)
ES182176981I,PRODUCT 1,14.0,2970.0,2. Alta (Renovación)
ES182213052K,PRODUCT 1,18.0,2970.0,1. Urgente (Chatarra)
ES182249105P,PRODUCT 1,40.0,2970.0,1. Urgente (Chatarra)
ES182107196V,PRODUCT 1,17.0,2970.0,1. Urgente (Chatarra)
ES182317784N,PRODUCT 1,20.0,2970.0,1. Urgente (Chatarra)
ES182119587C,PRODUCT 1,64.5,2970.0,1. Urgente (Chatarra)
ES182234274N,PRODUCT 1,26.0,2970.0,1. Urgente (Chatarra)
ES182414870R,PRODUCT 1,14.0,2970.0,2. Alta (Renovación)
ES182199546K,PRODUCT 1,14.0,2970.0,2. Alta (Renovación)
ES182241250H,PRODUCT 1,12.0,2970.0,2. Alta (Renovación)
ES182108556K,PRODUCT 1,19.0,2970.0,1. Urgente (Chatarra)
ES182309835I,PRODUCT 2,21.0,2970.0,1. Urgente (Chatarra)
ES182234757B,PRODUCT 1,16.0,2970.0,1. Urgente (Chatarra)
ES182254438S,PRODUCT 1,16.0,2970.0,1. Urgente (Chatarra)
ES182325627G,PRODUCT 1,10.0,2970.0,2. Alta (Renovación)
ES182200305N,PRODUCT 1,14.0,2970.0,2. Alta (Renovación)
ES182120847Y,PRODUCT 1,12.0,2970.0,2. Alta (Renovación)
ES182285392N,PRODUCT 1,25.0,2970.0,1. Urgente (Chatarra)
ES182197868R,PRODUCT 1,15.0,2970.0,2. Alta (Renovación)
ES182110825R,PRODUCT 1,20.0,2970.0,1. Urgente (Chatarra)
ES182216100I,PRODUCT 1,64.0,2970.0,1. Urgente (Chatarra)
ES182384163T,PRODUCT 1,12.0,2970.0,2. Alta (Renovación)
ES182351456E,PRODUCT 1,10.0,2970.0,2. Alta (Renovación)
ES182280026S,PRODUCT 1,14.0,2970.0,2. Alta (Renovación)
ES182100842A,PRODUCT 1,14.0,2970.0,2. Alta (Renovación)
ES182412773F,PRODUCT 1,23.0,2970.0,1. Urgente (Chatarra)
ES182361487S,PRODUCT 1,12.0,2970.0,2. Alta (Renovación)
ES182158908R,PRODUCT 2,17.0,2970.0,1. Urgente (Chatarra)
ES182324875O,PRODUCT 1,64.5,2970.0,1. Urgente (Chatarra)
ES182312098N,PRODUCT 1,13.0,2970.0,2. Alta (Renovación)
ES182441764R,PRODUCT 1,13.0,2970.0,2. Alta (Renovación)
ES182402431H,PRODUCT 1,13.0,2970.0,2. Alta (Renovación)
ES182231169E,PRODUCT 1,10.0,2970.0,2. Alta (Renovación)
ES182177041Y,PRODUCT 1,11.0,2970.0,2. Alta (Renovación)
ES182440734G,PRODUCT 1,10.0,2970.0,2. Alta (Renovación)
ES182166947D,PRODUCT 1,24.0,2970.0,1. Urgente (Chatarra)
ES182375996O,PRODUCT 1,14.0,2970.0,2. Alta (Renovación)
ES182166869D,PRODUCT 1,27.0,2970.0,1. Urgente (Chatarra)
ES182341320V,PRODUCT 1,16.0,2970.0,1. Urgente (Chatarra)
ES182325990F,PRODUCT 2,16.0,2970.0,1. Urgente (Chatarra)
ES182450255J,PRODUCT 1,14.0,2970.0,2. Alta (Renovación)
ES182225642Q,PRODUCT 1,10.0,2970.0,2. Alta (Renovación)
ES182331101G,PRODUCT 1,21.0,2970.0,1. Urgente (Chatarra)
ES182165610H,PRODUCT 1,11.0,2970.0,2. Alta (Renovación)
ES182142540O,PRODUCT 1,13.0,2970.0,2. Alta (Renovación)
ES182437069T,PRODUCT 1,14.0,2970.0,2. Alta (Renovación)
ES182455951R,PRODUCT 1,14.0,2970.0,2. Alta (Renovación)
ES182312204U,PRODUCT 2,12.0,2970.0,2. Alta (Renovación)
ES182434892M,PRODUCT 1,10.0,2970.0,2. Alta (Renovación)
ES182327738N,PRODUCT 1,11.0,2970.0,2. Alta (Renovación)
ES182367525F,PRODUCT 1,18.0,2970.0,1. Urgente (Chatarra)
ES182137786S,PRODUCT 1,11.0,2970.0,2. Alta (Renovación)
ES182419359X,PRODUCT 1,18.0,2970.0,1. Urgente (Chatarra)
ES182247817U,PRODUCT 1,19.0,2970.0,1. Urgente (Chatarra)
ES182161279R,PRODUCT 1,12.0,2970.0,2. Alta (Renovación)
ES182396298Y,PRODUCT 1,24.0,2970.0,1. Urgente (Chatarra)
ES182227815G,PRODUCT 1,14.0,2970.0,2. Alta (Renovación)
ES182364257Z,PRODUCT 1,10.0,2970.0,2. Alta (Renovación)
ES182343258G,PRODUCT 1,20.0,2970.0,1. Urgente (Chatarra)
ES182261022N,PRODUCT 2,11.0,2970.0,2. Alta (Renovación)
ES182444924X,PRODUCT 1,10.0,2970.0,2. Alta (Renovación)
ES182304342G,PRODUCT 1,20.0,2970.0,1. Urgente (Chatarra)
ES182310692Y,PRODUCT 1,14.0,2970.0,2. Alta (Renovación)
ES182345658B,PRODUCT 1,17.0,2970.0,1. Urgente (Chatarra)
ES182121094F,PRODUCT 1,11.0,2970.0,2. Alta (Renovación)
ES182436242W,PRODUCT 1,17.0,2970.0,1. Urgente (Chatarra)
ES182290176M,PRODUCT 1,12.0,2970.0,2. Alta (Renovación)
ES182390746W,PRODUCT 1,29.0,2970.0,1. Urgente (Chatarra)
ES182279868I,PRODUCT 1,15.0,2970.0,2. Alta (Renovación)
ES182102536A,PRODUCT 1,13.0,2970.0,2. Alta (Renovación)
ES182345128W,PRODUCT 1,13.0,2970.0,2. Alta (Renovación)
ES182329300S,PRODUCT 1,18.0,2970.0,1. Urgente (Chatarra)
ES182328243H,PRODUCT 1,18.0,2970.0,1. Urgente (Chatarra)
ES182161371P,PRODUCT 1,13.0,2970.0,2. Alta (Renovación)
ES182373263L,PRODUCT 1,15.0,2970.0,2. Alta (Renovación)
ES182183681K,PRODUCT 1,18.0,2970.0,1. Urgente (Chatarra)
ES182404697K,PRODUCT 1,11.0,2970.0,2. Alta (Renovación)
ES182197155C,PRODUCT 1,11.0,2970.0,2. Alta (Renovación)
ES182145197E,PRODUCT 1,14.0,2970.0,2. Alta (Renovación)
ES182430899R,PRODUCT 1,11.0,2970.0,2. Alta (Renovación)
ES182287123U,PRODUCT 1,16.0,2970.0,1. Urgente (Chatarra)
ES182181252L,PRODUCT 1,19.0,2970.0,1. Urgente (Chatarra)
ES182186790Z,PRODUCT 1,13.0,2970.0,2. Alta (Renovación)
ES182407984I,PRODUCT 1,24.0,2970.0,1. Urgente (Chatarra)
ES182377399A,PRODUCT 1,28.0,2970.0,1. Urgente (Chatarra)
ES182108502S,PRODUCT 1,15.0,2970.0,2. Alta (Renovación)
ES182385008R,PRODUCT 1,17.0,2970.0,1. Urgente (Chatarra)
ES182277326A,PRODUCT 1,26.0,2970.0,1. Urgente (Chatarra)
ES182107928X,PRODUCT 1,10.0,2970.0,2. Alta (Renovación)
ES182186384K,PRODUCT 1,13.0,2970.0,2. Alta (Renovación)
ES182263937U,PRODUCT 1,11.0,2970.0,2. Alta (Renovación)
ES182249980F,PRODUCT 1,13.0,2970.0,2. Alta (Renovación)
ES182100389U,PRODUCT 1,13.0,2970.0,2. Alta (Renovación)
ES182270603F,PRODUCT 1,10.0,2970.0,2. Alta (Renovación)
ES182140260M,PRODUCT 1,11.0,2970.0,2. Alta (Renovación)
ES182345900X,PRODUCT 1,11.0,2970.0,2. Alta (Renovación)
ES182147516M,PRODUCT 1,13.0,2970.0,2. Alta (Renovación)
ES182172394S,PRODUCT 1,22.0,2970.0,1. Urgente (Chatarra)
ES182402945N,PRODUCT 1,23.0,2970.0,1. Urgente (Chatarra)
ES182140864K,PRODUCT 1,10.0,2970.0,2. Alta (Renovación)
ES182179422K,PRODUCT 1,13.0,2970.0,2. Alta (Renovación)
ES182212875P,PRODUCT 1,29.0,2970.0,1. Urgente (Chatarra)
ES182144470F,PRODUCT 1,14.0,2970.0,2. Alta (Renovación)
ES182204767P,PRODUCT 2,10.0,2970.0,2. Alta (Renovación)
ES182252718Y,PRODUCT 1,10.0,2970.0,2. Alta (Renovación)
ES182187317Y,PRODUCT 1,14.0,2970.0,2. Alta (Renovación)
ES182232667A,PRODUCT 1,15.0,2970.0,2. Alta (Renovación)
ES182442985K,PRODUCT 1,13.0,2970.0,2. Alta (Renovación)
ES182238378A,PRODUCT 1,13.0,2970.0,2. Alta (Renovación)
ES182455051V,PRODUCT 1,13.0,2970.0,2. Alta (Renovación)
ES182311131A,PRODUCT 1,64.0,2970.0,1. Urgente (Chatarra)
ES182451064W,PRODUCT 1,10.0,2970.0,2. Alta (Renovación)
ES182444401F,PRODUCT 1,11.0,2970.0,2. Alta (Renovación)
ES182448701P,PRODUCT 1,12.0,2970.0,2. Alta (Renovación)
ES182226220U,PRODUCT 1,21.0,2970.0,1. Urgente (Chatarra)
ES182300448Z,PRODUCT 1,18.0,2970.0,1. Urgente (Chatarra)
ES182232567U,PRODUCT 1,12.0,2970.0,2. Alta (Renovación)
ES182320779B,PRODUCT 1,13.0,2970.0,2. Alta (Renovación)
ES182428787C,PRODUCT 1,12.0,2970.0,2. Alta (Renovación)
ES182367923I,PRODUCT 1,13.0,2970.0,2. Alta (Renovación)
ES182189981B,PRODUCT 1,17.0,2970.0,1. Urgente (Chatarra)
ES182118927V,PRODUCT 1,14.0,2970.0,2. Alta (Renovación)
ES182241396W,PRODUCT 1,14.0,2970.0,2. Alta (Renovación)
ES182155999L,PRODUCT 1,22.0,2970.0,1. Urgente (Chatarra)
ES182271592J,PRODUCT 1,16.0,2970.0,1. Urgente (Chatarra)
ES182195887L,PRODUCT 1,11.0,2970.0,2. Alta (Renovación)
ES182436014S,PRODUCT 1,29.0,2970.0,1. Urgente (Chatarra)
ES182107400G,PRODUCT 1,17.0,2970.0,1. Urgente (Chatarra)
ES182134023P,PRODUCT 1,12.0,2970.0,2. Alta (Renovación)
ES182392760R,PRODUCT 1,16.0,2970.0,1. Urgente (Chatarra)
ES182402500C,PRODUCT 1,11.0,2970.0,2. Alta (Renovación)
ES182379395I,PRODUCT 1,15.0,2970.0,2. Alta (Renovación)
ES182133009V,PRODUCT 1,11.0,2970.0,2. Alta (Renovación)
ES182281018O,PRODUCT 1,25.0,2970.0,1. Urgente (Chatarra)
ES182438354M,PRODUCT 2,20.0,2970.0,1. Urgente (Chatarra)
ES182175819L,PRODUCT 1,11.0,2970.0,2. Alta (Renovación)
ES182236243Z,PRODUCT 1,12.0,2970.0,2. Alta (Renovación)
ES182348935L,PRODUCT 1,20.0,2970.0,1. Urgente (Chatarra)
ES182222270I,PRODUCT 1,13.0,2970.0,2. Alta (Renovación)
ES182384075J,PRODUCT 1,10.0,2970.0,2. Alta (Renovación)
ES182127819K,PRODUCT 1,13.0,2970.0,2. Alta (Renovación)
ES182218025L,PRODUCT 1,16.0,2970.0,1. Urgente (Chatarra)
ES182243656S,PRODUCT 2,64.0,2970.0,1. Urgente (Chatarra)
ES182164835S,PRODUCT 1,15.0,2970.0,2. Alta (Renovación)
ES182238876H,PRODUCT 1,12.0,2970.0,2. Alta (Renovación)
ES182374931B,PRODUCT 1,26.0,2970.0,1. Urgente (Chatarra)
ES182342155W,PRODUCT 1,14.0,2970.0,2. Alta (Renovación)
ES182119863I,PRODUCT 1,10.0,2970.0,2. Alta (Renovación)
ES182139631W,PRODUCT 1,20.0,2970.0,1. Urgente (Chatarra)
ES182271930V,PRODUCT 1,64.0,2970.0,1. Urgente (Chatarra)
ES182395589W,PRODUCT 1,22.0,2970.0,1. Urgente (Chatarra)
ES182424292L,PRODUCT 1,25.0,2970.0,1. Urgente (Chatarra)
ES182203908I,PRODUCT 1,15.0,2970.0,2. Alta (Renovación)
ES182181865J,PRODUCT 1,64.0,2970.0,1. Urgente (Chatarra)
ES182349590H,PRODUCT 1,18.0,2970.0,1. Urgente (Chatarra)
ES182296083U,PRODUCT 1,16.0,2970.0,1. Urgente (Chatarra)
ES182448093J,PRODUCT 1,12.0,2970.0,2. Alta (Renovación)
ES182309296Z,PRODUCT 1,24.0,2970.0,1. Urgente (Chatarra)
ES182204000V,PRODUCT 1,15.0,2970.0,2. Alta (Renovación)
ES182299502Z,PRODUCT 1,10.0,2970.0,2. Alta (Renovación)
ES182343359C,PRODUCT 1,16.0,2970.0,1. Urgente (Chatarra)
ES182204668I,PRODUCT 1,64.5,2970.0,1. Urgente (Chatarra)
ES182273476F,PRODUCT 1,15.0,2970.0,2. Alta (Renovación)
ES182441698L,PRODUCT 1,11.0,2970.0,2. Alta (Renovación)
ES182111543K,PRODUCT 1,15.0,2970.0,2. Alta (Renovación)
ES182147961V,PRODUCT 1,13.0,2970.0,2. Alta (Renovación)
ES182449138N,PRODUCT 1,23.0,2970.0,1. Urgente (Chatarra)
ES182377798W,PRODUCT 2,13.0,2970.0,2. Alta (Renovación)
ES182433968U,PRODUCT 1,16.0,2970.0,1. Urgente (Chatarra)
ES182234396O,PRODUCT 1,18.0,2970.0,1. Urgente (Chatarra)
ES182330238F,PRODUCT 1,17.0,2970.0,1. Urgente (Chatarra)
ES182337712J,PRODUCT 1,13.0,2970.0,2. Alta (Renovación)
ES182197558W,PRODUCT 1,13.0,2970.0,2. Alta (Renovación)
ES182448609G,PRODUCT 1,18.0,2970.0,1. Urgente (Chatarra)
ES182267442I,PRODUCT 1,14.0,2932.2,2. Alta (Renovación)
ES182233454V,PRODUCT 1,17.0,2916.0,1. Urgente (Chatarra)
ES182240746J,PRODUCT 1,15.0,2916.0,2. Alta (Renovación)
ES182260293B,PRODUCT 1,19.0,2916.0,1. Urgente (Chatarra)
ES182210416N,PRODUCT 1,25.0,2916.0,1. Urgente (Chatarra)
ES182452369S,PRODUCT 1,21.0,2916.0,1. Urgente (Chatarra)
ES182365122D,PRODUCT 1,11.0,2916.0,2. Alta (Renovación)
ES182416209E,PRODUCT 1,14.0,2916.0,2. Alta (Renovación)
ES182410328S,PRODUCT 2,64.0,2916.0,1. Urgente (Chatarra)
ES182175185Y,PRODUCT 1,13.0,2916.0,2. Alta (Renovación)
ES182450132H,PRODUCT 1,64.0,2916.0,1. Urgente (Chatarra)
ES182419716B,PRODUCT 1,19.0,2916.0,1. Urgente (Chatarra)
ES182262417L,PRODUCT 1,17.0,2916.0,1. Urgente (Chatarra)
ES182108936S,PRODUCT 1,64.0,2916.0,1. Urgente (Chatarra)
ES182442859R,PRODUCT 1,14.0,2916.0,2. Alta (Renovación)
ES182259256H,PRODUCT 1,22.0,2916.0,1. Urgente (Chatarra)
ES182326659B,PRODUCT 1,17.0,2916.0,1. Urgente (Chatarra)
ES182191263I,PRODUCT 1,13.0,2916.0,2. Alta (Renovación)
ES182132878Y,PRODUCT 1,16.0,2916.0,1. Urgente (Chatarra)
ES182122747G,PRODUCT 1,16.0,2916.0,1. Urgente (Chatarra)
ES182419753X,PRODUCT 1,20.0,2916.0,1. Urgente (Chatarra)
ES182317587X,PRODUCT 1,11.0,2916.0,2. Alta (Renovación)
ES182386358F,PRODUCT 1,10.0,2916.0,2. Alta (Renovación)
ES182363263X,PRODUCT 1,24.0,2916.0,1. Urgente (Chatarra)
ES182107199J,PRODUCT 1,11.0,2916.0,2. Alta (Renovación)
ES182393787U,PRODUCT 2,19.0,2916.0,1. Urgente (Chatarra)
ES182445051Z,PRODUCT 1,12.0,2916.0,2. Alta (Renovación)
ES182328315K,PRODUCT 1,12.0,2916.0,2. Alta (Renovación)
ES182353741Q,PRODUCT 1,11.0,2916.0,2. Alta (Renovación)
ES182153026X,PRODUCT 1,11.0,2916.0,2. Alta (Renovación)
ES182330756I,PRODUCT 1,13.0,2916.0,2. Alta (Renovación)
ES182387014C,PRODUCT 1,10.0,2916.0,2. Alta (Renovación)
ES182412140F,PRODUCT 1,11.0,2916.0,2. Alta (Renovación)
ES182386498G,PRODUCT 1,18.0,2916.0,1. Urgente (Chatarra)
ES182152913X,PRODUCT 1,10.0,2916.0,2. Alta (Renovación)
ES182371904Q,PRODUCT 1,64.0,2916.0,1. Urgente (Chatarra)
ES182129275W,PRODUCT 1,10.0,2916.0,2. Alta (Renovación)
ES182319543W,PRODUCT 1,17.0,2916.0,1. Urgente (Chatarra)
ES182298921T,PRODUCT 1,11.0,2916.0,2. Alta (Renovación)
ES182267893K,PRODUCT 1,10.0,2916.0,2. Alta (Renovación)
ES182278492U,PRODUCT 1,30.0,2916.0,1. Urgente (Chatarra)
ES182213311J,PRODUCT 1,10.0,2899.8,2. Alta (Renovación)
ES182139745W,PRODUCT 1,11.0,2889.0,2. Alta (Renovación)
ES182242570S,PRODUCT 1,13.0,2883.6,2. Alta (Renovación)
ES182419734C,PRODUCT 1,10.0,2879.98,2. Alta (Renovación)
ES182429234I,PRODUCT 1,11.0,2879.98,2. Alta (Renovación)
ES182231893Q,PRODUCT 1,32.0,2878.2,1. Urgente (Chatarra)
ES182396539C,PRODUCT 1,64.0,2862.0,1. Urgente (Chatarra)
ES182450614N,PRODUCT 1,23.0,2862.0,1. Urgente (Chatarra)
ES182250717T,PRODUCT 1,10.0,2862.0,2. Alta (Renovación)
ES182189579R,PRODUCT 1,12.0,2862.0,2. Alta (Renovación)
ES182239219P,PRODUCT 1,64.5,2862.0,1. Urgente (Chatarra)
ES182101018Z,PRODUCT 1,10.0,2862.0,2. Alta (Renovación)
ES182160284O,PRODUCT 1,19.0,2862.0,1. Urgente (Chatarra)
ES182337961Q,PRODUCT 1,19.0,2862.0,1. Urgente (Chatarra)
ES182366037O,PRODUCT 1,14.0,2862.0,2. Alta (Renovación)
ES182385216N,PRODUCT 1,13.0,2862.0,2. Alta (Renovación)
ES182374006A,PRODUCT 1,64.0,2862.0,1. Urgente (Chatarra)
ES182252858S,PRODUCT 1,14.0,2862.0,2. Alta (Renovación)
ES182192273N,PRODUCT 1,10.0,2862.0,2. Alta (Renovación)
ES182428542E,PRODUCT 1,12.0,2862.0,2. Alta (Renovación)
ES182373963N,PRODUCT 1,22.0,2862.0,1. Urgente (Chatarra)
ES182420367H,PRODUCT 2,10.0,2862.0,2. Alta (Renovación)
ES182353691V,PRODUCT 1,12.0,2862.0,2. Alta (Renovación)
ES182322649N,PRODUCT 1,21.0,2862.0,1. Urgente (Chatarra)
ES182268674P,PRODUCT 1,17.0,2862.0,1. Urgente (Chatarra)
ES182450146S,PRODUCT 1,64.0,2862.0,1. Urgente (Chatarra)
ES182435769M,PRODUCT 1,16.0,2862.0,1. Urgente (Chatarra)
ES182125518N,PRODUCT 1,14.0,2862.0,2. Alta (Renovación)
ES182279177P,PRODUCT 2,64.0,2862.0,1. Urgente (Chatarra)
ES182287086Y,PRODUCT 1,22.0,2862.0,1. Urgente (Chatarra)
ES182289354D,PRODUCT 1,22.0,2862.0,1. Urgente (Chatarra)
ES182179068V,PRODUCT 1,10.0,2862.0,2. Alta (Renovación)
ES182426675T,PRODUCT 1,11.0,2862.0,2. Alta (Renovación)
ES182369335Z,PRODUCT 1,18.0,2862.0,1. Urgente (Chatarra)
ES182320918P,PRODUCT 1,24.0,2862.0,1. Urgente (Chatarra)
ES182378506I,PRODUCT 1,14.0,2862.0,2. Alta (Renovación)
ES182108876Q,PRODUCT 2,10.0,2862.0,2. Alta (Renovación)
ES182424863L,PRODUCT 1,19.0,2862.0,1. Urgente (Chatarra)
ES182244120R,PRODUCT 1,10.0,2862.0,2. Alta (Renovación)
ES182276439E,PRODUCT 1,10.0,2862.0,2. Alta (Renovación)
ES182280943Q,PRODUCT 1,64.0,2862.0,1. Urgente (Chatarra)
ES182343579O,PRODUCT 1,12.0,2862.0,2. Alta (Renovación)
ES182124574A,PRODUCT 1,26.0,2862.0,1. Urgente (Chatarra)
ES182408005Y,PRODUCT 1,12.0,2862.0,2. Alta (Renovación)
ES182178158G,PRODUCT 1,31.0,2862.0,1. Urgente (Chatarra)
ES182371128I,PRODUCT 1,10.0,2862.0,2. Alta (Renovación)
ES182421748B,PRODUCT 1,12.0,2862.0,2. Alta (Renovación)
ES182298372O,PRODUCT 1,26.0,2862.0,1. Urgente (Chatarra)
ES182240066Q,PRODUCT 1,11.0,2862.0,2. Alta (Renovación)
ES182114516L,PRODUCT 1,10.0,2862.0,2. Alta (Renovación)
ES182412264C,PRODUCT 1,14.0,2862.0,2. Alta (Renovación)
ES182308434B,PRODUCT 1,23.0,2862.0,1. Urgente (Chatarra)
ES182352005D,PRODUCT 1,28.0,2862.0,1. Urgente (Chatarra)
ES182210030Y,PRODUCT 1,14.0,2818.8,2. Alta (Renovación)
ES182175282R,PRODUCT 1,24.0,2808.0,1. Urgente (Chatarra)
ES182419476I,PRODUCT 1,15.0,2808.0,2. Alta (Renovación)
ES182137127A,PRODUCT 1,11.0,2808.0,2. Alta (Renovación)
ES182444437I,PRODUCT 1,18.0,2808.0,1. Urgente (Chatarra)
ES182451833G,PRODUCT 1,18.0,2808.0,1. Urgente (Chatarra)
ES182213510A,PRODUCT 1,17.0,2808.0,1. Urgente (Chatarra)
ES182156779S,PRODUCT 1,30.0,2808.0,1. Urgente (Chatarra)
ES182263020B,PRODUCT 1,10.0,2808.0,2. Alta (Renovación)
ES182212609S,PRODUCT 1,10.0,2808.0,2. Alta (Renovación)
ES182289225R,PRODUCT 1,16.0,2808.0,1. Urgente (Chatarra)
ES182337833F,PRODUCT 1,16.0,2808.0,1. Urgente (Chatarra)
ES182300698P,PRODUCT 1,12.0,2808.0,2. Alta (Renovación)
ES182439357L,PRODUCT 1,17.0,2808.0,1. Urgente (Chatarra)
ES182254640L,PRODUCT 1,10.0,2808.0,2. Alta (Renovación)
ES182405990M,PRODUCT 2,64.0,2808.0,1. Urgente (Chatarra)
ES182299801F,PRODUCT 1,14.0,2808.0,2. Alta (Renovación)
ES182237645D,PRODUCT 1,10.0,2808.0,2. Alta (Renovación)
ES182444695L,PRODUCT 1,24.0,2808.0,1. Urgente (Chatarra)
ES182220626A,PRODUCT 1,64.5,2808.0,1. Urgente (Chatarra)
ES182183266O,PRODUCT 1,10.0,2808.0,2. Alta (Renovación)
ES182145885I,PRODUCT 1,14.0,2808.0,2. Alta (Renovación)
ES182453177W,PRODUCT 1,10.0,2808.0,2. Alta (Renovación)
ES182289475Z,PRODUCT 1,10.0,2808.0,2. Alta (Renovación)
ES182165228T,PRODUCT 1,19.0,2808.0,1. Urgente (Chatarra)
ES182349155K,PRODUCT 1,11.0,2808.0,2. Alta (Renovación)
ES182117648B,PRODUCT 1,14.0,2808.0,2. Alta (Renovación)
ES182255270B,PRODUCT 1,16.0,2808.0,1. Urgente (Chatarra)
ES182346415X,PRODUCT 1,12.0,2808.0,2. Alta (Renovación)
ES182354858K,PRODUCT 1,27.0,2808.0,1. Urgente (Chatarra)
ES182245640A,PRODUCT 1,11.0,2808.0,2. Alta (Renovación)
ES182345469Z,PRODUCT 1,14.0,2808.0,2. Alta (Renovación)
ES182153081K,PRODUCT 1,15.0,2808.0,2. Alta (Renovación)
ES182354619E,PRODUCT 1,13.0,2808.0,2. Alta (Renovación)
ES182354124M,PRODUCT 1,11.0,2808.0,2. Alta (Renovación)
ES182229948P,PRODUCT 1,26.0,2808.0,1. Urgente (Chatarra)
ES182302831K,PRODUCT 1,10.0,2808.0,2. Alta (Renovación)
ES182162930U,PRODUCT 1,32.0,2808.0,1. Urgente (Chatarra)
ES182174623L,PRODUCT 1,13.0,2808.0,2. Alta (Renovación)
ES182214767M,PRODUCT 1,12.0,2808.0,2. Alta (Renovación)
ES182447059P,PRODUCT 1,14.0,2808.0,2. Alta (Renovación)
ES182161219R,PRODUCT 1,17.0,2808.0,1. Urgente (Chatarra)
ES182352466Z,PRODUCT 1,10.0,2808.0,2. Alta (Renovación)
ES182397091T,PRODUCT 1,13.0,2808.0,2. Alta (Renovación)
ES182453231D,PRODUCT 1,21.0,2808.0,1. Urgente (Chatarra)
ES182395273Q,PRODUCT 1,17.0,2808.0,1. Urgente (Chatarra)
ES182250337S,PRODUCT 1,13.0,2808.0,2. Alta (Renovación)
ES182249459B,PRODUCT 1,31.0,2808.0,1. Urgente (Chatarra)
ES182142661P,PRODUCT 1,15.0,2808.0,2. Alta (Renovación)
ES182202294K,PRODUCT 1,10.0,2808.0,2. Alta (Renovación)
ES182161704D,PRODUCT 1,10.0,2808.0,2. Alta (Renovación)
ES182218286I,PRODUCT 1,23.0,2808.0,1. Urgente (Chatarra)
ES182171639Z,PRODUCT 1,15.0,2808.0,2. Alta (Renovación)
ES182315955Q,PRODUCT 1,10.0,2808.0,2. Alta (Renovación)
ES182410029R,PRODUCT 1,16.0,2808.0,1. Urgente (Chatarra)
ES182242419J,PRODUCT 1,17.0,2808.0,1. Urgente (Chatarra)
ES182231164Q,PRODUCT 1,18.0,2808.0,1. Urgente (Chatarra)
ES182193014A,PRODUCT 1,24.0,2808.0,1. Urgente (Chatarra)
ES182221668E,PRODUCT 1,34.0,2808.0,1. Urgente (Chatarra)
ES182269906W,PRODUCT 1,17.0,2808.0,1. Urgente (Chatarra)
ES182373636E,PRODUCT 1,15.0,2808.0,2. Alta (Renovación)
ES182310840X,PRODUCT 1,20.0,2808.0,1. Urgente (Chatarra)
ES182119110A,PRODUCT 1,18.0,2808.0,1. Urgente (Chatarra)
ES182297392F,PRODUCT 1,10.0,2808.0,2. Alta (Renovación)
ES182253657I,PRODUCT 1,24.0,2808.0,1. Urgente (Chatarra)
ES182390054V,PRODUCT 1,16.0,2770.2,1. Urgente (Chatarra)
ES182373997Q,PRODUCT 1,22.0,2764.8,1. Urgente (Chatarra)
ES182166866K,PRODUCT 2,16.0,2754.0,1. Urgente (Chatarra)
ES182446212X,PRODUCT 1,12.0,2754.0,2. Alta (Renovación)
ES182455033C,PRODUCT 1,13.0,2754.0,2. Alta (Renovación)
ES182102495E,PRODUCT 1,31.0,2754.0,1. Urgente (Chatarra)
ES182342132S,PRODUCT 1,12.0,2754.0,2. Alta (Renovación)
ES182214582N,PRODUCT 1,36.0,2754.0,1. Urgente (Chatarra)
ES182251041F,PRODUCT 1,14.0,2754.0,2. Alta (Renovación)
ES182317195K,PRODUCT 1,15.0,2754.0,2. Alta (Renovación)
ES182213913Z,PRODUCT 1,14.0,2754.0,2. Alta (Renovación)
ES182246311W,PRODUCT 1,11.0,2754.0,2. Alta (Renovación)
ES182227117H,PRODUCT 1,36.0,2754.0,1. Urgente (Chatarra)
ES182375287Y,PRODUCT 1,15.0,2754.0,2. Alta (Renovación)
ES182417568F,PRODUCT 1,14.0,2754.0,2. Alta (Renovación)
ES182271919U,PRODUCT 1,13.0,2754.0,2. Alta (Renovación)
ES182229089V,PRODUCT 1,13.0,2754.0,2. Alta (Renovación)
ES182352462R,PRODUCT 1,28.0,2754.0,1. Urgente (Chatarra)
ES182429691P,PRODUCT 1,64.0,2754.0,1. Urgente (Chatarra)
ES182293147C,PRODUCT 1,20.0,2754.0,1. Urgente (Chatarra)
ES182136651P,PRODUCT 1,14.0,2754.0,2. Alta (Renovación)
ES182291841Q,PRODUCT 1,12.0,2754.0,2. Alta (Renovación)
ES182333332B,PRODUCT 1,13.0,2754.0,2. Alta (Renovación)
ES182213258U,PRODUCT 1,23.0,2754.0,1. Urgente (Chatarra)
ES182189905R,PRODUCT 1,14.0,2754.0,2. Alta (Renovación)
ES182293984B,PRODUCT 2,11.0,2754.0,2. Alta (Renovación)
ES182322558P,PRODUCT 1,12.0,2754.0,2. Alta (Renovación)
ES182352753X,PRODUCT 1,10.0,2735.96,2. Alta (Renovación)
ES182240170X,PRODUCT 1,10.0,2732.4,2. Alta (Renovación)
ES182207872C,PRODUCT 1,15.0,2727.0,2. Alta (Renovación)
ES182183606M,PRODUCT 1,13.0,2710.8,2. Alta (Renovación)
ES182338156H,PRODUCT 1,14.0,2700.0,2. Alta (Renovación)
ES182211560W,PRODUCT 1,13.0,2700.0,2. Alta (Renovación)
ES182416043I,PRODUCT 1,11.0,2700.0,2. Alta (Renovación)
ES182264351H,PRODUCT 1,16.0,2700.0,1. Urgente (Chatarra)
ES182343021Z,PRODUCT 1,12.0,2700.0,2. Alta (Renovación)
ES182359622E,PRODUCT 1,14.0,2700.0,2. Alta (Renovación)
ES182147558E,PRODUCT 1,13.0,2700.0,2. Alta (Renovación)
ES182206615U,PRODUCT 2,24.0,2700.0,1. Urgente (Chatarra)
ES182347563H,PRODUCT 1,22.0,2700.0,1. Urgente (Chatarra)
ES182369900G,PRODUCT 1,15.0,2700.0,2. Alta (Renovación)
ES182447910T,PRODUCT 1,18.0,2700.0,1. Urgente (Chatarra)
ES182293981U,PRODUCT 1,17.0,2700.0,1. Urgente (Chatarra)
ES182375423L,PRODUCT 1,19.0,2700.0,1. Urgente (Chatarra)
ES182269934C,PRODUCT 1,13.0,2700.0,2. Alta (Renovación)
ES182278801D,PRODUCT 1,10.0,2700.0,2. Alta (Renovación)
ES182349186C,PRODUCT 1,34.0,2700.0,1. Urgente (Chatarra)
ES182301586E,PRODUCT 1,15.0,2700.0,2. Alta (Renovación)
ES182364734U,PRODUCT 1,15.0,2700.0,2. Alta (Renovación)
ES182285951R,PRODUCT 1,22.0,2700.0,1. Urgente (Chatarra)
ES182318469Y,PRODUCT 1,11.0,2700.0,2. Alta (Renovación)
ES182256027Y,PRODUCT 1,24.0,2700.0,1. Urgente (Chatarra)
ES182264876W,PRODUCT 1,29.0,2700.0,1. Urgente (Chatarra)
ES182208868L,PRODUCT 1,16.0,2700.0,1. Urgente (Chatarra)
ES182399003Z,PRODUCT 1,16.0,2700.0,1. Urgente (Chatarra)
ES182131533Q,PRODUCT 1,13.0,2700.0,2. Alta (Renovación)
ES182414651V,PRODUCT 1,14.0,2700.0,2. Alta (Renovación)
ES182118787C,PRODUCT 1,22.0,2700.0,1. Urgente (Chatarra)
ES182294347X,PRODUCT 1,16.0,2700.0,1. Urgente (Chatarra)
ES182245819X,PRODUCT 1,10.0,2700.0,2. Alta (Renovación)
ES182172416Z,PRODUCT 1,20.0,2700.0,1. Urgente (Chatarra)
ES182453571U,PRODUCT 1,15.0,2700.0,2. Alta (Renovación)
ES182441552W,PRODUCT 1,14.0,2700.0,2. Alta (Renovación)
ES182302514R,PRODUCT 1,14.0,2700.0,2. Alta (Renovación)
ES182243531V,PRODUCT 1,12.0,2700.0,2. Alta (Renovación)
ES182341471A,PRODUCT 1,24.0,2700.0,1. Urgente (Chatarra)
ES182338363F,PRODUCT 1,12.0,2700.0,2. Alta (Renovación)
ES182144711O,PRODUCT 1,12.0,2700.0,2. Alta (Renovación)
ES182298473H,PRODUCT 1,13.0,2700.0,2. Alta (Renovación)
ES182325171E,PRODUCT 1,13.0,2700.0,2. Alta (Renovación)
ES182251842E,PRODUCT 2,64.0,2700.0,1. Urgente (Chatarra)
ES182200861X,PRODUCT 1,16.0,2700.0,1. Urgente (Chatarra)
ES182219049R,PRODUCT 1,12.0,2700.0,2. Alta (Renovación)
ES182186301G,PRODUCT 1,17.0,2700.0,1. Urgente (Chatarra)
ES182180724D,PRODUCT 2,12.0,2700.0,2. Alta (Renovación)
ES182141918O,PRODUCT 1,10.0,2700.0,2. Alta (Renovación)
ES182312056I,PRODUCT 1,10.0,2700.0,2. Alta (Renovación)
ES182160677P,PRODUCT 1,13.0,2700.0,2. Alta (Renovación)
ES182363672V,PRODUCT 1,11.0,2700.0,2. Alta (Renovación)
ES182329217G,PRODUCT 1,15.0,2700.0,2. Alta (Renovación)
ES182157792W,PRODUCT 1,14.0,2700.0,2. Alta (Renovación)
ES182272108K,PRODUCT 1,13.0,2700.0,2. Alta (Renovación)
ES182409739A,PRODUCT 1,64.0,2700.0,1. Urgente (Chatarra)
ES182396484T,PRODUCT 1,11.0,2700.0,2. Alta (Renovación)
ES182176776C,PRODUCT 1,21.0,2700.0,1. Urgente (Chatarra)
ES182427558A,PRODUCT 1,13.0,2700.0,2. Alta (Renovación)
ES182360052L,PRODUCT 1,14.0,2700.0,2. Alta (Renovación)
ES182132256Z,PRODUCT 1,14.0,2700.0,2. Alta (Renovación)
ES182178298B,PRODUCT 1,10.0,2700.0,2. Alta (Renovación)
ES182429986Y,PRODUCT 1,15.0,2700.0,2. Alta (Renovación)
ES182430241S,PRODUCT 1,64.5,2700.0,1. Urgente (Chatarra)
ES182334640V,PRODUCT 1,19.0,2700.0,1. Urgente (Chatarra)
ES182377632S,PRODUCT 1,18.0,2700.0,1. Urgente (Chatarra)
ES182446521C,PRODUCT 1,13.0,2700.0,2. Alta (Renovación)
ES182154783Z,PRODUCT 1,25.0,2700.0,1. Urgente (Chatarra)
ES182382534O,PRODUCT 1,15.0,2700.0,2. Alta (Renovación)
ES182374583T,PRODUCT 1,64.0,2700.0,1. Urgente (Chatarra)
ES182369711N,PRODUCT 1,25.0,2700.0,1. Urgente (Chatarra)
ES182397810G,PRODUCT 2,64.0,2700.0,1. Urgente (Chatarra)
ES182427260E,PRODUCT 1,64.0,2700.0,1. Urgente (Chatarra)
ES182190769G,PRODUCT 1,18.0,2700.0,1. Urgente (Chatarra)
ES182364188B,PRODUCT 1,13.0,2700.0,2. Alta (Renovación)
ES182366525M,PRODUCT 1,11.0,2700.0,2. Alta (Renovación)
ES182114228H,PRODUCT 1,11.0,2700.0,2. Alta (Renovación)
ES182404170X,PRODUCT 1,11.0,2700.0,2. Alta (Renovación)
ES182452894V,PRODUCT 1,11.0,2700.0,2. Alta (Renovación)
ES182236668B,PRODUCT 1,10.0,2700.0,2. Alta (Renovación)
ES182278354Q,PRODUCT 1,18.0,2700.0,1. Urgente (Chatarra)
ES182396608H,PRODUCT 1,12.0,2700.0,2. Alta (Renovación)
ES182260850Z,PRODUCT 1,13.0,2700.0,2. Alta (Renovación)
ES182222015V,PRODUCT 1,18.0,2700.0,1. Urgente (Chatarra)
ES182437893C,PRODUCT 1,14.0,2700.0,2. Alta (Renovación)
ES182182613H,PRODUCT 1,12.0,2700.0,2. Alta (Renovación)
ES182101396W,PRODUCT 1,16.0,2700.0,1. Urgente (Chatarra)
ES182160347Z,PRODUCT 1,14.0,2700.0,2. Alta (Renovación)
ES182138623Q,PRODUCT 1,11.0,2700.0,2. Alta (Renovación)
ES182267415S,PRODUCT 1,16.0,2700.0,1. Urgente (Chatarra)
ES182346535T,PRODUCT 1,12.0,2700.0,2. Alta (Renovación)
ES182240497Y,PRODUCT 1,28.0,2700.0,1. Urgente (Chatarra)
ES182213162C,PRODUCT 1,12.0,2700.0,2. Alta (Renovación)
ES182318095W,PRODUCT 2,16.0,2700.0,1. Urgente (Chatarra)
ES182373791K,PRODUCT 1,21.0,2700.0,1. Urgente (Chatarra)
ES182205233U,PRODUCT 1,12.0,2700.0,2. Alta (Renovación)
ES182361790W,PRODUCT 1,14.0,2700.0,2. Alta (Renovación)
ES182299636P,PRODUCT 1,18.0,2700.0,1. Urgente (Chatarra)
ES182232085R,PRODUCT 1,11.0,2700.0,2. Alta (Renovación)
ES182305351K,PRODUCT 1,14.0,2700.0,2. Alta (Renovación)
ES182303871L,PRODUCT 1,21.0,2700.0,1. Urgente (Chatarra)
ES182103909M,PRODUCT 2,28.0,2700.0,1. Urgente (Chatarra)
ES182289997N,PRODUCT 1,11.0,2700.0,2. Alta (Renovación)
ES182299846F,PRODUCT 1,13.0,2700.0,2. Alta (Renovación)
ES182142882D,PRODUCT 1,11.0,2700.0,2. Alta (Renovación)
ES182114674E,PRODUCT 1,11.0,2700.0,2. Alta (Renovación)
ES182393865X,PRODUCT 1,16.0,2700.0,1. Urgente (Chatarra)
ES182220330Q,PRODUCT 1,26.0,2700.0,1. Urgente (Chatarra)
ES182125105Q,PRODUCT 2,12.0,2700.0,2. Alta (Renovación)
ES182275962X,PRODUCT 2,11.0,2700.0,2. Alta (Renovación)
ES182370504O,PRODUCT 1,36.0,2700.0,1. Urgente (Chatarra)
ES182444258V,PRODUCT 2,11.0,2700.0,2. Alta (Renovación)
ES182307231E,PRODUCT 1,23.0,2700.0,1. Urgente (Chatarra)
ES182241534H,PRODUCT 1,11.0,2700.0,2. Alta (Renovación)
ES182106486R,PRODUCT 2,19.0,2700.0,1. Urgente (Chatarra)
ES182289304S,PRODUCT 1,15.0,2700.0,2. Alta (Renovación)
ES182370895F,PRODUCT 2,11.0,2700.0,2. Alta (Renovación)
ES182131182C,PRODUCT 1,64.0,2700.0,1. Urgente (Chatarra)
ES182208548J,PRODUCT 1,12.0,2700.0,2. Alta (Renovación)
ES182365944R,PRODUCT 1,30.0,2700.0,1. Urgente (Chatarra)
ES182164069S,PRODUCT 1,14.0,2700.0,2. Alta (Renovación)
ES182343826L,PRODUCT 1,17.0,2700.0,1. Urgente (Chatarra)
ES182376981P,PRODUCT 1,12.0,2700.0,2. Alta (Renovación)
ES182168692V,PRODUCT 1,11.0,2700.0,2. Alta (Renovación)
ES182117747Q,PRODUCT 1,15.0,2700.0,2. Alta (Renovación)
ES182320506X,PRODUCT 1,17.0,2700.0,1. Urgente (Chatarra)
ES182146465C,PRODUCT 1,10.0,2700.0,2. Alta (Renovación)
ES182287307V,PRODUCT 1,64.0,2700.0,1. Urgente (Chatarra)
ES182342955X,PRODUCT 1,12.0,2700.0,2. Alta (Renovación)
ES182144973A,PRODUCT 1,15.0,2700.0,2. Alta (Renovación)
ES182133356T,PRODUCT 1,21.0,2700.0,1. Urgente (Chatarra)
ES182182078Q,PRODUCT 2,15.0,2700.0,2. Alta (Renovación)
ES182130112B,PRODUCT 1,19.0,2700.0,1. Urgente (Chatarra)
ES182345347D,PRODUCT 1,28.0,2700.0,1. Urgente (Chatarra)
ES182243486D,PRODUCT 1,16.0,2700.0,1. Urgente (Chatarra)
ES182197137K,PRODUCT 1,17.0,2700.0,1. Urgente (Chatarra)
ES182229593X,PRODUCT 1,16.0,2700.0,1. Urgente (Chatarra)
ES182384401M,PRODUCT 1,14.0,2700.0,2. Alta (Renovación)
ES182252799N,PRODUCT 1,13.0,2700.0,2. Alta (Renovación)
ES182345183F,PRODUCT 1,10.0,2700.0,2. Alta (Renovación)
ES182410687B,PRODUCT 1,14.0,2700.0,2. Alta (Renovación)
ES182372891X,PRODUCT 1,21.0,2700.0,1. Urgente (Chatarra)
ES182128063M,PRODUCT 1,14.0,2700.0,2. Alta (Renovación)
ES182415178O,PRODUCT 2,35.0,2700.0,1. Urgente (Chatarra)
ES182357170T,PRODUCT 1,15.0,2700.0,2. Alta (Renovación)
ES182139961F,PRODUCT 1,14.0,2700.0,2. Alta (Renovación)
ES182147488R,PRODUCT 1,16.0,2700.0,1. Urgente (Chatarra)
ES182124308E,PRODUCT 1,28.0,2700.0,1. Urgente (Chatarra)
ES182178245Q,PRODUCT 1,10.0,2700.0,2. Alta (Renovación)
ES182444571O,PRODUCT 1,12.0,2700.0,2. Alta (Renovación)
ES182290156T,PRODUCT 1,17.0,2700.0,1. Urgente (Chatarra)
ES182151317M,PRODUCT 1,23.0,2700.0,1. Urgente (Chatarra)
ES182345861N,PRODUCT 1,19.0,2700.0,1. Urgente (Chatarra)
ES182186488W,PRODUCT 1,13.0,2700.0,2. Alta (Renovación)
ES182276514B,PRODUCT 2,13.0,2700.0,2. Alta (Renovación)
ES182113739F,PRODUCT 1,12.0,2700.0,2. Alta (Renovación)
ES182301710U,PRODUCT 1,25.0,2700.0,1. Urgente (Chatarra)
ES182400673F,PRODUCT 2,14.0,2700.0,2. Alta (Renovación)
ES182105985G,PRODUCT 2,11.0,2700.0,2. Alta (Renovación)
ES182320490J,PRODUCT 1,20.0,2700.0,1. Urgente (Chatarra)
ES182207917M,PRODUCT 1,22.0,2700.0,1. Urgente (Chatarra)
ES182318062C,PRODUCT 1,20.0,2700.0,1. Urgente (Chatarra)
ES182155761X,PRODUCT 2,15.0,2700.0,2. Alta (Renovación)
ES182404443O,PRODUCT 2,10.0,2700.0,2. Alta (Renovación)
ES182209937T,PRODUCT 1,14.0,2700.0,2. Alta (Renovación)
ES182247369Z,PRODUCT 1,21.0,2700.0,1. Urgente (Chatarra)
ES182120574D,PRODUCT 2,13.0,2700.0,2. Alta (Renovación)
ES182127536U,PRODUCT 1,14.0,2700.0,2. Alta (Renovación)
ES182330762X,PRODUCT 1,10.0,2700.0,2. Alta (Renovación)
ES182454020Z,PRODUCT 1,12.0,2700.0,2. Alta (Renovación)
ES182420804B,PRODUCT 1,14.0,2700.0,2. Alta (Renovación)
ES182102365P,PRODUCT 2,16.0,2700.0,1. Urgente (Chatarra)
ES182133430D,PRODUCT 1,15.0,2700.0,2. Alta (Renovación)
ES182338015J,PRODUCT 1,10.0,2700.0,2. Alta (Renovación)
ES182166173S,PRODUCT 1,11.0,2700.0,2. Alta (Renovación)
ES182236238T,PRODUCT 1,13.0,2700.0,2. Alta (Renovación)
ES182423030P,PRODUCT 1,17.0,2700.0,1. Urgente (Chatarra)
ES182244964V,PRODUCT 1,21.0,2700.0,1. Urgente (Chatarra)
ES182410080Y,PRODUCT 1,18.0,2700.0,1. Urgente (Chatarra)
ES182456107B,PRODUCT 1,11.0,2700.0,2. Alta (Renovación)
ES182387374I,PRODUCT 1,14.0,2700.0,2. Alta (Renovación)
ES182169699G,PRODUCT 1,14.0,2700.0,2. Alta (Renovación)
ES182373958T,PRODUCT 1,13.0,2700.0,2. Alta (Renovación)
ES182310854J,PRODUCT 1,25.0,2700.0,1. Urgente (Chatarra)
ES182165417Q,PRODUCT 1,11.0,2700.0,2. Alta (Renovación)
ES182101277U,PRODUCT 1,24.0,2700.0,1. Urgente (Chatarra)
ES182161635F,PRODUCT 1,12.0,2700.0,2. Alta (Renovación)
ES182164567P,PRODUCT 1,15.0,2700.0,2. Alta (Renovación)
ES182275204K,PRODUCT 1,14.0,2700.0,2. Alta (Renovación)
ES182318224R,PRODUCT 1,14.0,2700.0,2. Alta (Renovación)
ES182243319Y,PRODUCT 1,13.0,2700.0,2. Alta (Renovación)
ES182175177N,PRODUCT 1,15.0,2700.0,2. Alta (Renovación)
ES182270056W,PRODUCT 1,23.0,2700.0,1. Urgente (Chatarra)
ES182210220Y,PRODUCT 1,16.0,2700.0,1. Urgente (Chatarra)
ES182341889J,PRODUCT 1,12.0,2700.0,2. Alta (Renovación)
ES182233318K,PRODUCT 1,14.0,2700.0,2. Alta (Renovación)
ES182285491K,PRODUCT 1,10.0,2700.0,2. Alta (Renovación)
ES182213413B,PRODUCT 1,64.0,2700.0,1. Urgente (Chatarra)
ES182359016Y,PRODUCT 1,12.0,2700.0,2. Alta (Renovación)
ES182272546X,PRODUCT 1,29.0,2700.0,1. Urgente (Chatarra)
ES182248015V,PRODUCT 1,15.0,2700.0,2. Alta (Renovación)
ES182452235U,PRODUCT 2,10.0,2700.0,2. Alta (Renovación)
ES182370098Q,PRODUCT 1,11.0,2700.0,2. Alta (Renovación)
ES182135609A,PRODUCT 2,11.0,2700.0,2. Alta (Renovación)
ES182100985F,PRODUCT 1,22.0,2700.0,1. Urgente (Chatarra)
ES182278451X,PRODUCT 1,20.0,2700.0,1. Urgente (Chatarra)
ES182417738D,PRODUCT 1,15.0,2700.0,2. Alta (Renovación)
ES182373404S,PRODUCT 1,23.0,2700.0,1. Urgente (Chatarra)
ES182342259Y,PRODUCT 2,64.0,2700.0,1. Urgente (Chatarra)
ES182348998G,PRODUCT 1,17.0,2700.0,1. Urgente (Chatarra)
ES182158782L,PRODUCT 1,19.0,2700.0,1. Urgente (Chatarra)
ES182270521K,PRODUCT 1,11.0,2700.0,2. Alta (Renovación)
ES182203064I,PRODUCT 1,10.0,2700.0,2. Alta (Renovación)
ES182324494Z,PRODUCT 1,15.0,2700.0,2. Alta (Renovación)
ES182366630M,PRODUCT 1,27.0,2700.0,1. Urgente (Chatarra)
ES182412940T,PRODUCT 1,15.0,2700.0,2. Alta (Renovación)
ES182253135V,PRODUCT 1,18.0,2700.0,1. Urgente (Chatarra)
ES182280977H,PRODUCT 1,13.0,2700.0,2. Alta (Renovación)
ES182100590C,PRODUCT 1,15.0,2700.0,2. Alta (Renovación)
ES182234741G,PRODUCT 1,25.0,2700.0,1. Urgente (Chatarra)
ES182216430L,PRODUCT 1,13.0,2700.0,2. Alta (Renovación)
ES182156339P,PRODUCT 1,19.0,2700.0,1. Urgente (Chatarra)
ES182333403T,PRODUCT 1,15.0,2700.0,2. Alta (Renovación)
ES182450790Z,PRODUCT 1,12.0,2700.0,2. Alta (Renovación)
ES182174232T,PRODUCT 1,23.0,2700.0,1. Urgente (Chatarra)
ES182169742G,PRODUCT 2,17.0,2700.0,1. Urgente (Chatarra)
ES182397812R,PRODUCT 1,14.0,2700.0,2. Alta (Renovación)
ES182211027U,PRODUCT 1,14.0,2700.0,2. Alta (Renovación)
ES182414948G,PRODUCT 1,10.0,2700.0,2. Alta (Renovación)
ES182410119H,PRODUCT 1,15.0,2700.0,2. Alta (Renovación)
ES182426480Q,PRODUCT 1,14.0,2700.0,2. Alta (Renovación)
ES182374352P,PRODUCT 1,18.0,2700.0,1. Urgente (Chatarra)
ES182412682C,PRODUCT 1,18.0,2700.0,1. Urgente (Chatarra)
ES182383823U,PRODUCT 1,16.0,2700.0,1. Urgente (Chatarra)
ES182403594D,PRODUCT 1,10.0,2700.0,2. Alta (Renovación)
ES182272990T,PRODUCT 1,11.0,2700.0,2. Alta (Renovación)
ES182174981X,PRODUCT 1,16.0,2700.0,1. Urgente (Chatarra)
ES182217940D,PRODUCT 1,64.0,2700.0,1. Urgente (Chatarra)
ES182171763F,PRODUCT 1,20.0,2700.0,1. Urgente (Chatarra)
ES182367007P,PRODUCT 1,17.0,2700.0,1. Urgente (Chatarra)
ES182210756R,PRODUCT 1,12.0,2700.0,2. Alta (Renovación)
ES182199849D,PRODUCT 1,17.0,2700.0,1. Urgente (Chatarra)
ES182365929R,PRODUCT 1,64.0,2700.0,1. Urgente (Chatarra)
ES182430881G,PRODUCT 2,16.0,2700.0,1. Urgente (Chatarra)
ES182146167Q,PRODUCT 1,14.0,2700.0,2. Alta (Renovación)
ES182314942D,PRODUCT 1,16.0,2700.0,1. Urgente (Chatarra)
ES182426339D,PRODUCT 1,16.0,2700.0,1. Urgente (Chatarra)
ES182286954A,PRODUCT 1,10.0,2700.0,2. Alta (Renovación)
ES182206189J,PRODUCT 1,11.0,2700.0,2. Alta (Renovación)
ES182191905V,PRODUCT 1,10.0,2700.0,2. Alta (Renovación)
ES182172852E,PRODUCT 1,64.0,2700.0,1. Urgente (Chatarra)
ES182394370E,PRODUCT 2,12.0,2700.0,2. Alta (Renovación)
ES182370430Z,PRODUCT 1,13.0,2700.0,2. Alta (Renovación)
ES182235109U,PRODUCT 1,15.0,2700.0,2. Alta (Renovación)
ES182449070O,PRODUCT 1,10.0,2700.0,2. Alta (Renovación)
ES182314724E,PRODUCT 1,19.0,2700.0,1. Urgente (Chatarra)
ES182182889P,PRODUCT 1,16.0,2700.0,1. Urgente (Chatarra)
ES182414107D,PRODUCT 2,21.0,2700.0,1. Urgente (Chatarra)
ES182435583O,PRODUCT 1,64.0,2700.0,1. Urgente (Chatarra)
ES182412174N,PRODUCT 1,27.0,2700.0,1. Urgente (Chatarra)
ES182387298C,PRODUCT 1,17.0,2700.0,1. Urgente (Chatarra)
ES182194593N,PRODUCT 1,12.0,2700.0,2. Alta (Renovación)
ES182372558I,PRODUCT 2,11.0,2700.0,2. Alta (Renovación)
ES182325071R,PRODUCT 1,18.0,2700.0,1. Urgente (Chatarra)
ES182264445D,PRODUCT 1,29.0,2700.0,1. Urgente (Chatarra)
ES182430600A,PRODUCT 1,10.0,2700.0,2. Alta (Renovación)
ES182188666G,PRODUCT 1,15.0,2700.0,2. Alta (Renovación)
ES182248354N,PRODUCT 1,10.0,2700.0,2. Alta (Renovación)
ES182190134D,PRODUCT 1,19.0,2700.0,1. Urgente (Chatarra)
ES182315435D,PRODUCT 1,64.0,2700.0,1. Urgente (Chatarra)
ES182268964N,PRODUCT 1,10.0,2700.0,2. Alta (Renovación)
ES182111863B,PRODUCT 1,14.0,2700.0,2. Alta (Renovación)
ES182163161B,PRODUCT 1,10.0,2700.0,2. Alta (Renovación)
ES182357189C,PRODUCT 1,11.0,2700.0,2. Alta (Renovación)
ES182251692J,PRODUCT 1,12.0,2700.0,2. Alta (Renovación)
ES182375096I,PRODUCT 1,22.0,2700.0,1. Urgente (Chatarra)
ES182451227M,PRODUCT 1,12.0,2700.0,2. Alta (Renovación)
ES182422388D,PRODUCT 1,18.0,2700.0,1. Urgente (Chatarra)
ES182210569E,PRODUCT 1,10.0,2700.0,2. Alta (Renovación)
ES182432451O,PRODUCT 2,11.0,2700.0,2. Alta (Renovación)
ES182434129E,PRODUCT 1,64.5,2700.0,1. Urgente (Chatarra)
ES182166743W,PRODUCT 1,12.0,2700.0,2. Alta (Renovación)
ES182241667E,PRODUCT 1,35.0,2700.0,1. Urgente (Chatarra)
ES182199569E,PRODUCT 2,10.0,2700.0,2. Alta (Renovación)
ES182109708A,PRODUCT 1,10.0,2700.0,2. Alta (Renovación)
ES182423644H,PRODUCT 1,12.0,2700.0,2. Alta (Renovación)
ES182423654W,PRODUCT 1,17.0,2700.0,1. Urgente (Chatarra)
ES182377953O,PRODUCT 1,10.0,2700.0,2. Alta (Renovación)
ES182380694V,PRODUCT 1,12.0,2700.0,2. Alta (Renovación)
ES182154410D,PRODUCT 1,29.0,2700.0,1. Urgente (Chatarra)
ES182216033M,PRODUCT 1,10.0,2700.0,2. Alta (Renovación)
ES182147505K,PRODUCT 1,13.0,2700.0,2. Alta (Renovación)
ES182354174K,PRODUCT 1,31.0,2700.0,1. Urgente (Chatarra)
ES182258584F,PRODUCT 1,21.0,2700.0,1. Urgente (Chatarra)
ES182231669D,PRODUCT 1,13.0,2700.0,2. Alta (Renovación)
ES182205398C,PRODUCT 1,24.0,2700.0,1. Urgente (Chatarra)
ES182207585O,PRODUCT 1,64.0,2700.0,1. Urgente (Chatarra)
ES182346487X,PRODUCT 1,19.0,2700.0,1. Urgente (Chatarra)
ES182313080X,PRODUCT 1,26.0,2700.0,1. Urgente (Chatarra)
ES182313516K,PRODUCT 1,10.0,2700.0,2. Alta (Renovación)
ES182165349Y,PRODUCT 1,13.0,2700.0,2. Alta (Renovación)
ES182410807L,PRODUCT 1,24.0,2700.0,1. Urgente (Chatarra)
ES182269814T,PRODUCT 1,17.0,2700.0,1. Urgente (Chatarra)
ES182397244F,PRODUCT 1,16.0,2700.0,1. Urgente (Chatarra)
ES182210725B,PRODUCT 2,11.0,2700.0,2. Alta (Renovación)
ES182235640H,PRODUCT 1,15.0,2700.0,2. Alta (Renovación)
ES182204791D,PRODUCT 1,14.0,2700.0,2. Alta (Renovación)
ES182104539T,PRODUCT 1,10.0,2700.0,2. Alta (Renovación)
ES182207658V,PRODUCT 1,17.0,2700.0,1. Urgente (Chatarra)
ES182180320Q,PRODUCT 1,11.0,2700.0,2. Alta (Renovación)
ES182113001X,PRODUCT 1,12.0,2700.0,2. Alta (Renovación)
ES182329450M,PRODUCT 1,13.0,2700.0,2. Alta (Renovación)
ES182426858N,PRODUCT 1,16.0,2700.0,1. Urgente (Chatarra)
ES182276835D,PRODUCT 1,22.0,2700.0,1. Urgente (Chatarra)
ES182440120I,PRODUCT 1,19.0,2700.0,1. Urgente (Chatarra)
ES182166383Y,PRODUCT 1,11.0,2700.0,2. Alta (Renovación)
ES182153859O,PRODUCT 1,16.0,2700.0,1. Urgente (Chatarra)
ES182206165I,PRODUCT 1,18.0,2700.0,1. Urgente (Chatarra)
ES182245722L,PRODUCT 1,22.0,2700.0,1. Urgente (Chatarra)
ES182390501K,PRODUCT 1,18.0,2700.0,1. Urgente (Chatarra)
ES182181505V,PRODUCT 1,12.0,2700.0,2. Alta (Renovación)
ES182230767H,PRODUCT 1,64.0,2700.0,1. Urgente (Chatarra)
ES182300557A,PRODUCT 1,21.0,2700.0,1. Urgente (Chatarra)
ES182444610N,PRODUCT 1,12.0,2700.0,2. Alta (Renovación)
ES182368196F,PRODUCT 1,20.0,2700.0,1. Urgente (Chatarra)
ES182262103O,PRODUCT 1,22.0,2700.0,1. Urgente (Chatarra)
ES182124125B,PRODUCT 1,10.0,2700.0,2. Alta (Renovación)
ES182249899O,PRODUCT 1,10.0,2700.0,2. Alta (Renovación)
ES182338540I,PRODUCT 1,17.0,2700.0,1. Urgente (Chatarra)
ES182374728Z,PRODUCT 1,64.0,2700.0,1. Urgente (Chatarra)
ES182202429I,PRODUCT 1,18.0,2700.0,1. Urgente (Chatarra)
ES182440031P,PRODUCT 2,13.0,2700.0,2. Alta (Renovación)
ES182443298H,PRODUCT 1,11.0,2700.0,2. Alta (Renovación)
ES182382251M,PRODUCT 1,16.0,2700.0,1. Urgente (Chatarra)
ES182200151D,PRODUCT 1,12.0,2700.0,2. Alta (Renovación)
ES182278212D,PRODUCT 1,16.0,2700.0,1. Urgente (Chatarra)
ES182133666Z,PRODUCT 1,13.0,2700.0,2. Alta (Renovación)
ES182110896V,PRODUCT 1,64.5,2700.0,1. Urgente (Chatarra)
ES182104406H,PRODUCT 1,23.0,2700.0,1. Urgente (Chatarra)
ES182256534M,PRODUCT 1,16.0,2700.0,1. Urgente (Chatarra)
ES182216075X,PRODUCT 1,11.0,2700.0,2. Alta (Renovación)
ES182316105A,PRODUCT 1,22.0,2700.0,1. Urgente (Chatarra)
ES182115389P,PRODUCT 1,17.0,2700.0,1. Urgente (Chatarra)
ES182106681H,PRODUCT 1,12.0,2700.0,2. Alta (Renovación)
ES182248167V,PRODUCT 1,10.0,2700.0,2. Alta (Renovación)
ES182354237X,PRODUCT 1,13.0,2700.0,2. Alta (Renovación)
ES182410488Y,PRODUCT 1,11.0,2700.0,2. Alta (Renovación)
ES182383879T,PRODUCT 1,13.0,2700.0,2. Alta (Renovación)
ES182241606S,PRODUCT 1,13.0,2700.0,2. Alta (Renovación)
ES182128907T,PRODUCT 1,24.0,2700.0,1. Urgente (Chatarra)
ES182246024O,PRODUCT 1,18.0,2700.0,1. Urgente (Chatarra)
ES182313078L,PRODUCT 1,19.0,2700.0,1. Urgente (Chatarra)
ES182440051U,PRODUCT 2,19.0,2700.0,1. Urgente (Chatarra)
ES182111113J,PRODUCT 1,64.0,2700.0,1. Urgente (Chatarra)
ES182335298J,PRODUCT 1,25.0,2700.0,1. Urgente (Chatarra)
ES182339931S,PRODUCT 1,17.0,2700.0,1. Urgente (Chatarra)
ES182334272O,PRODUCT 1,12.0,2700.0,2. Alta (Renovación)
ES182156659K,PRODUCT 1,15.0,2700.0,2. Alta (Renovación)
ES182183437J,PRODUCT 1,16.0,2700.0,1. Urgente (Chatarra)
ES182414412A,PRODUCT 1,14.0,2700.0,2. Alta (Renovación)
ES182416183L,PRODUCT 1,11.0,2700.0,2. Alta (Renovación)
ES182313881D,PRODUCT 1,10.0,2700.0,2. Alta (Renovación)
ES182166576H,PRODUCT 2,15.0,2700.0,2. Alta (Renovación)
ES182372336C,PRODUCT 1,14.0,2700.0,2. Alta (Renovación)
ES182233303Z,PRODUCT 1,20.0,2700.0,1. Urgente (Chatarra)
ES182414198T,PRODUCT 1,31.0,2700.0,1. Urgente (Chatarra)
ES182370569S,PRODUCT 1,13.0,2700.0,2. Alta (Renovación)
ES182212281N,PRODUCT 1,11.0,2700.0,2. Alta (Renovación)
ES182216803Z,PRODUCT 1,18.0,2700.0,1. Urgente (Chatarra)
ES182301042E,PRODUCT 1,11.0,2700.0,2. Alta (Renovación)
ES182346391C,PRODUCT 1,13.0,2700.0,2. Alta (Renovación)
ES182346266Y,PRODUCT 2,24.0,2700.0,1. Urgente (Chatarra)
ES182435813F,PRODUCT 1,12.0,2700.0,2. Alta (Renovación)
ES182204931V,PRODUCT 1,13.0,2700.0,2. Alta (Renovación)
ES182223785W,PRODUCT 1,64.0,2700.0,1. Urgente (Chatarra)
ES182215427M,PRODUCT 1,13.0,2700.0,2. Alta (Renovación)
ES182335050L,PRODUCT 1,18.0,2700.0,1. Urgente (Chatarra)
ES182446470Z,PRODUCT 1,10.0,2700.0,2. Alta (Renovación)
ES182437748G,PRODUCT 1,12.0,2700.0,2. Alta (Renovación)
ES182177975L,PRODUCT 2,13.0,2700.0,2. Alta (Renovación)
ES182317066V,PRODUCT 1,17.0,2700.0,1. Urgente (Chatarra)
ES182319884H,PRODUCT 2,31.0,2700.0,1. Urgente (Chatarra)
ES182441398B,PRODUCT 1,19.0,2700.0,1. Urgente (Chatarra)
ES182143816E,PRODUCT 1,14.0,2700.0,2. Alta (Renovación)
ES182243277C,PRODUCT 1,14.0,2700.0,2. Alta (Renovación)
ES182356655Y,PRODUCT 2,11.0,2700.0,2. Alta (Renovación)
ES182329917R,PRODUCT 1,13.0,2700.0,2. Alta (Renovación)
ES182431656K,PRODUCT 1,12.0,2700.0,2. Alta (Renovación)
ES182393638E,PRODUCT 1,18.0,2700.0,1. Urgente (Chatarra)
ES182367002X,PRODUCT 1,31.0,2700.0,1. Urgente (Chatarra)
ES182401690S,PRODUCT 1,11.0,2700.0,2. Alta (Renovación)
ES182351312C,PRODUCT 2,12.0,2700.0,2. Alta (Renovación)
ES182357506O,PRODUCT 1,12.0,2700.0,2. Alta (Renovación)
ES182207081T,PRODUCT 1,12.0,2700.0,2. Alta (Renovación)
ES182302369B,PRODUCT 1,19.0,2700.0,1. Urgente (Chatarra)
ES182291405L,PRODUCT 1,16.0,2700.0,1. Urgente (Chatarra)
ES182332334N,PRODUCT 1,25.0,2700.0,1. Urgente (Chatarra)
ES182317131X,PRODUCT 1,14.0,2700.0,2. Alta (Renovación)
ES182179215M,PRODUCT 1,10.0,2700.0,2. Alta (Renovación)
ES182298698Y,PRODUCT 1,11.0,2700.0,2. Alta (Renovación)
ES182441755H,PRODUCT 1,11.0,2700.0,2. Alta (Renovación)
ES182171915P,PRODUCT 1,12.0,2700.0,2. Alta (Renovación)
ES182368368R,PRODUCT 1,15.0,2700.0,2. Alta (Renovación)
ES182164172B,PRODUCT 1,64.0,2700.0,1. Urgente (Chatarra)
ES182352879A,PRODUCT 1,64.0,2700.0,1. Urgente (Chatarra)
ES182150729T,PRODUCT 1,32.0,2700.0,1. Urgente (Chatarra)
ES182130815O,PRODUCT 1,19.0,2700.0,1. Urgente (Chatarra)
ES182200590U,PRODUCT 1,18.0,2700.0,1. Urgente (Chatarra)
ES182392573S,PRODUCT 1,13.0,2700.0,2. Alta (Renovación)
ES182217218O,PRODUCT 1,17.0,2700.0,1. Urgente (Chatarra)
ES182182315H,PRODUCT 1,10.0,2700.0,2. Alta (Renovación)
ES182270941Q,PRODUCT 1,10.0,2700.0,2. Alta (Renovación)
ES182451091B,PRODUCT 1,15.0,2700.0,2. Alta (Renovación)
ES182409267I,PRODUCT 1,15.0,2700.0,2. Alta (Renovación)
ES182435312J,PRODUCT 1,12.0,2700.0,2. Alta (Renovación)
ES182132874Y,PRODUCT 1,12.0,2700.0,2. Alta (Renovación)
ES182277426Y,PRODUCT 1,12.0,2700.0,2. Alta (Renovación)
ES182276128K,PRODUCT 1,11.0,2700.0,2. Alta (Renovación)
ES182172835A,PRODUCT 1,17.0,2700.0,1. Urgente (Chatarra)
ES182400397A,PRODUCT 1,25.0,2700.0,1. Urgente (Chatarra)
ES182143367L,PRODUCT 1,13.0,2700.0,2. Alta (Renovación)
ES182421171C,PRODUCT 2,21.0,2700.0,1. Urgente (Chatarra)
ES182183498U,PRODUCT 1,14.0,2700.0,2. Alta (Renovación)
ES182190746V,PRODUCT 1,11.0,2700.0,2. Alta (Renovación)
ES182452556V,PRODUCT 1,13.0,2700.0,2. Alta (Renovación)
ES182455853G,PRODUCT 1,17.0,2700.0,1. Urgente (Chatarra)
ES182120347B,PRODUCT 1,15.0,2700.0,2. Alta (Renovación)
ES182455414M,PRODUCT 1,31.0,2700.0,1. Urgente (Chatarra)
ES182402459O,PRODUCT 1,24.0,2700.0,1. Urgente (Chatarra)
ES182124193L,PRODUCT 1,19.0,2700.0,1. Urgente (Chatarra)
ES182231338I,PRODUCT 2,20.0,2700.0,1. Urgente (Chatarra)
ES182115990A,PRODUCT 1,17.0,2700.0,1. Urgente (Chatarra)
ES182417383Q,PRODUCT 1,26.0,2700.0,1. Urgente (Chatarra)
ES182293921S,PRODUCT 1,13.0,2700.0,2. Alta (Renovación)
ES182392159A,PRODUCT 1,16.0,2700.0,1. Urgente (Chatarra)
ES182182422N,PRODUCT 1,14.0,2700.0,2. Alta (Renovación)
ES182354761R,PRODUCT 1,21.0,2700.0,1. Urgente (Chatarra)
ES182454602R,PRODUCT 1,22.0,2700.0,1. Urgente (Chatarra)
ES182224964U,PRODUCT 1,11.0,2700.0,2. Alta (Renovación)
ES182100557B,PRODUCT 1,11.0,2700.0,2. Alta (Renovación)
ES182299379R,PRODUCT 1,13.0,2700.0,2. Alta (Renovación)
ES182321685Q,PRODUCT 1,20.0,2700.0,1. Urgente (Chatarra)
ES182246632H,PRODUCT 1,18.0,2700.0,1. Urgente (Chatarra)
ES182303801J,PRODUCT 1,15.0,2700.0,2. Alta (Renovación)
ES182274133L,PRODUCT 1,14.0,2700.0,2. Alta (Renovación)
ES182185356I,PRODUCT 1,13.0,2700.0,2. Alta (Renovación)
ES182418738R,PRODUCT 1,21.0,2700.0,1. Urgente (Chatarra)
ES182445471I,PRODUCT 1,19.0,2700.0,1. Urgente (Chatarra)
ES182251591O,PRODUCT 2,18.0,2700.0,1. Urgente (Chatarra)
ES182190233F,PRODUCT 1,13.0,2700.0,2. Alta (Renovación)
ES182119175I,PRODUCT 1,16.0,2700.0,1. Urgente (Chatarra)
ES182444344W,PRODUCT 1,15.0,2700.0,2. Alta (Renovación)
ES182412196F,PRODUCT 1,14.0,2700.0,2. Alta (Renovación)
ES182107073Z,PRODUCT 1,14.0,2700.0,2. Alta (Renovación)
ES182142251Z,PRODUCT 1,14.0,2700.0,2. Alta (Renovación)
ES182137003T,PRODUCT 2,11.0,2700.0,2. Alta (Renovación)
ES182222055W,PRODUCT 1,11.0,2700.0,2. Alta (Renovación)
ES182152228G,PRODUCT 1,13.0,2700.0,2. Alta (Renovación)
ES182455320V,PRODUCT 1,14.0,2700.0,2. Alta (Renovación)
ES182284328P,PRODUCT 1,24.0,2700.0,1. Urgente (Chatarra)
ES182280347P,PRODUCT 1,39.0,2700.0,1. Urgente (Chatarra)
ES182277863W,PRODUCT 1,13.0,2700.0,2. Alta (Renovación)
ES182362065O,PRODUCT 1,11.0,2700.0,2. Alta (Renovación)
ES182136443R,PRODUCT 1,12.0,2700.0,2. Alta (Renovación)
ES182351802C,PRODUCT 1,11.0,2700.0,2. Alta (Renovación)
ES182431521A,PRODUCT 2,10.0,2700.0,2. Alta (Renovación)
ES182441939P,PRODUCT 1,15.0,2700.0,2. Alta (Renovación)
ES182247399R,PRODUCT 2,21.0,2700.0,1. Urgente (Chatarra)
ES182105520L,PRODUCT 1,14.0,2700.0,2. Alta (Renovación)
ES182297697H,PRODUCT 1,11.0,2700.0,2. Alta (Renovación)
ES182126786O,PRODUCT 1,64.0,2700.0,1. Urgente (Chatarra)
ES182402952Q,PRODUCT 2,10.0,2700.0,2. Alta (Renovación)
ES182390447K,PRODUCT 1,12.0,2700.0,2. Alta (Renovación)
ES182395591B,PRODUCT 2,17.0,2700.0,1. Urgente (Chatarra)
ES182343374S,PRODUCT 1,28.0,2700.0,1. Urgente (Chatarra)
ES182153761U,PRODUCT 1,10.0,2700.0,2. Alta (Renovación)
ES182136757M,PRODUCT 2,12.0,2700.0,2. Alta (Renovación)
ES182105596C,PRODUCT 1,25.0,2700.0,1. Urgente (Chatarra)
ES182179192W,PRODUCT 1,19.0,2700.0,1. Urgente (Chatarra)
ES182387555Z,PRODUCT 1,17.0,2700.0,1. Urgente (Chatarra)
ES182236883V,PRODUCT 1,64.0,2700.0,1. Urgente (Chatarra)
ES182275472M,PRODUCT 1,10.0,2700.0,2. Alta (Renovación)
ES182317805X,PRODUCT 1,14.0,2700.0,2. Alta (Renovación)
ES182302502W,PRODUCT 1,13.0,2700.0,2. Alta (Renovación)
ES182203511V,PRODUCT 1,14.0,2700.0,2. Alta (Renovación)
ES182314155T,PRODUCT 1,18.0,2700.0,1. Urgente (Chatarra)
ES182407690C,PRODUCT 1,13.0,2700.0,2. Alta (Renovación)
ES182345406A,PRODUCT 1,12.0,2700.0,2. Alta (Renovación)
ES182204064H,PRODUCT 1,17.0,2700.0,1. Urgente (Chatarra)
ES182211433K,PRODUCT 1,17.0,2700.0,1. Urgente (Chatarra)
ES182194843S,PRODUCT 1,12.0,2700.0,2. Alta (Renovación)
ES182412774L,PRODUCT 1,11.0,2700.0,2. Alta (Renovación)
ES182352739W,PRODUCT 1,14.0,2700.0,2. Alta (Renovación)
ES182323323G,PRODUCT 1,18.0,2700.0,1. Urgente (Chatarra)
ES182375389N,PRODUCT 1,13.0,2700.0,2. Alta (Renovación)
ES182236052M,PRODUCT 1,21.0,2700.0,1. Urgente (Chatarra)
ES182315612Q,PRODUCT 1,26.0,2700.0,1. Urgente (Chatarra)
ES182222650W,PRODUCT 1,22.0,2700.0,1. Urgente (Chatarra)
ES182418176R,PRODUCT 1,13.0,2700.0,2. Alta (Renovación)
ES182244435K,PRODUCT 2,13.0,2700.0,2. Alta (Renovación)
ES182134711P,PRODUCT 1,18.0,2700.0,1. Urgente (Chatarra)
ES182330553U,PRODUCT 1,10.0,2700.0,2. Alta (Renovación)
ES182288394X,PRODUCT 2,16.0,2700.0,1. Urgente (Chatarra)
ES182276778P,PRODUCT 1,11.0,2700.0,2. Alta (Renovación)
ES182371495B,PRODUCT 1,23.0,2700.0,1. Urgente (Chatarra)
ES182440071O,PRODUCT 1,17.0,2700.0,1. Urgente (Chatarra)
ES182298724P,PRODUCT 1,26.0,2700.0,1. Urgente (Chatarra)
ES182190798I,PRODUCT 1,12.0,2700.0,2. Alta (Renovación)
ES182162142M,PRODUCT 1,10.0,2700.0,2. Alta (Renovación)
ES182258991U,PRODUCT 1,13.0,2700.0,2. Alta (Renovación)
ES182185323X,PRODUCT 1,10.0,2700.0,2. Alta (Renovación)
ES182190724Q,PRODUCT 1,11.0,2700.0,2. Alta (Renovación)
ES182129832H,PRODUCT 1,13.0,2700.0,2. Alta (Renovación)
ES182180184B,PRODUCT 1,10.0,2700.0,2. Alta (Renovación)
ES182129268G,PRODUCT 1,10.0,2700.0,2. Alta (Renovación)
ES182275265R,PRODUCT 1,17.0,2700.0,1. Urgente (Chatarra)
ES182239464B,PRODUCT 1,36.0,2700.0,1. Urgente (Chatarra)
ES182452456S,PRODUCT 1,11.0,2700.0,2. Alta (Renovación)
ES182213552D,PRODUCT 1,18.0,2700.0,1. Urgente (Chatarra)
ES182244708C,PRODUCT 2,15.0,2700.0,2. Alta (Renovación)
ES182429927Q,PRODUCT 1,19.0,2700.0,1. Urgente (Chatarra)
ES182198829I,PRODUCT 1,18.0,2700.0,1. Urgente (Chatarra)
ES182333809I,PRODUCT 1,19.0,2700.0,1. Urgente (Chatarra)
ES182249220O,PRODUCT 1,18.0,2700.0,1. Urgente (Chatarra)
ES182164684R,PRODUCT 1,13.0,2700.0,2. Alta (Renovación)
ES182315086O,PRODUCT 1,17.0,2700.0,1. Urgente (Chatarra)
ES182369907B,PRODUCT 1,14.0,2700.0,2. Alta (Renovación)
ES182322718W,PRODUCT 1,10.0,2700.0,2. Alta (Renovación)
ES182164750B,PRODUCT 1,17.0,2700.0,1. Urgente (Chatarra)
ES182354240Z,PRODUCT 1,14.0,2700.0,2. Alta (Renovación)
ES182247678F,PRODUCT 1,25.0,2700.0,1. Urgente (Chatarra)
ES182117875D,PRODUCT 1,34.0,2700.0,1. Urgente (Chatarra)
ES182409767G,PRODUCT 1,30.0,2700.0,1. Urgente (Chatarra)
ES182358648Z,PRODUCT 1,14.0,2700.0,2. Alta (Renovación)
ES182258218G,PRODUCT 1,25.0,2700.0,1. Urgente (Chatarra)
ES182280155V,PRODUCT 1,27.0,2700.0,1. Urgente (Chatarra)
ES182317532Q,PRODUCT 1,16.0,2700.0,1. Urgente (Chatarra)
ES182161206B,PRODUCT 2,64.0,2700.0,1. Urgente (Chatarra)
ES182383022N,PRODUCT 1,34.0,2700.0,1. Urgente (Chatarra)
ES182201383J,PRODUCT 1,16.0,2700.0,1. Urgente (Chatarra)
ES182335773N,PRODUCT 1,13.0,2700.0,2. Alta (Renovación)
ES182186067S,PRODUCT 1,11.0,2700.0,2. Alta (Renovación)
ES182456198Y,PRODUCT 1,12.0,2700.0,2. Alta (Renovación)
ES182119488J,PRODUCT 1,64.0,2700.0,1. Urgente (Chatarra)
ES182265341P,PRODUCT 1,13.0,2700.0,2. Alta (Renovación)
ES182125654S,PRODUCT 2,26.0,2700.0,1. Urgente (Chatarra)
ES182447634Q,PRODUCT 1,15.0,2700.0,2. Alta (Renovación)
ES182294331V,PRODUCT 2,12.0,2700.0,2. Alta (Renovación)
ES182309927V,PRODUCT 1,15.0,2700.0,2. Alta (Renovación)
ES182210820I,PRODUCT 2,14.0,2700.0,2. Alta (Renovación)
ES182147592V,PRODUCT 1,11.0,2700.0,2. Alta (Renovación)
ES182224243W,PRODUCT 1,19.0,2700.0,1. Urgente (Chatarra)
ES182259828K,PRODUCT 1,11.0,2700.0,2. Alta (Renovación)
ES182148900G,PRODUCT 2,14.0,2700.0,2. Alta (Renovación)
ES182100322M,PRODUCT 1,20.0,2700.0,1. Urgente (Chatarra)
ES182258926T,PRODUCT 1,12.0,2700.0,2. Alta (Renovación)
ES182386068N,PRODUCT 1,10.0,2700.0,2. Alta (Renovación)
ES182318600U,PRODUCT 1,16.0,2700.0,1. Urgente (Chatarra)
ES182323386W,PRODUCT 1,20.0,2700.0,1. Urgente (Chatarra)
ES182355149W,PRODUCT 2,12.0,2700.0,2. Alta (Renovación)
ES182274897J,PRODUCT 1,17.0,2700.0,1. Urgente (Chatarra)
ES182161903F,PRODUCT 1,16.0,2700.0,1. Urgente (Chatarra)
ES182326805Y,PRODUCT 1,22.0,2700.0,1. Urgente (Chatarra)
ES182384261X,PRODUCT 1,14.0,2700.0,2. Alta (Renovación)
ES182348215Z,PRODUCT 1,16.0,2700.0,1. Urgente (Chatarra)
ES182167742L,PRODUCT 1,12.0,2700.0,2. Alta (Renovación)
ES182201764K,PRODUCT 1,19.0,2700.0,1. Urgente (Chatarra)
ES182299019T,PRODUCT 1,64.5,2700.0,1. Urgente (Chatarra)
ES182400566S,PRODUCT 1,64.0,2700.0,1. Urgente (Chatarra)
ES182309086P,PRODUCT 1,20.0,2700.0,1. Urgente (Chatarra)
ES182203372A,PRODUCT 1,21.0,2700.0,1. Urgente (Chatarra)
ES182315417T,PRODUCT 1,13.0,2700.0,2. Alta (Renovación)
ES182150462C,PRODUCT 1,14.0,2700.0,2. Alta (Renovación)
ES182387693B,PRODUCT 1,28.0,2700.0,1. Urgente (Chatarra)
ES182378449U,PRODUCT 1,11.0,2700.0,2. Alta (Renovación)
ES182428811D,PRODUCT 1,11.0,2700.0,2. Alta (Renovación)
ES182145042I,PRODUCT 1,16.0,2700.0,1. Urgente (Chatarra)
ES182359223Q,PRODUCT 1,14.0,2700.0,2. Alta (Renovación)
ES182174487T,PRODUCT 2,11.0,2700.0,2. Alta (Renovación)
ES182154018X,PRODUCT 2,18.0,2700.0,1. Urgente (Chatarra)
ES182400131K,PRODUCT 1,20.0,2700.0,1. Urgente (Chatarra)
ES182294067V,PRODUCT 1,20.0,2700.0,1. Urgente (Chatarra)
ES182246118A,PRODUCT 1,14.0,2700.0,2. Alta (Renovación)
ES182392581E,PRODUCT 1,13.0,2700.0,2. Alta (Renovación)
ES182229927M,PRODUCT 1,12.0,2700.0,2. Alta (Renovación)
ES182221735I,PRODUCT 1,12.0,2700.0,2. Alta (Renovación)
ES182388877W,PRODUCT 1,16.0,2700.0,1. Urgente (Chatarra)
ES182177616S,PRODUCT 1,16.0,2700.0,1. Urgente (Chatarra)
ES182455266Y,PRODUCT 1,13.0,2700.0,2. Alta (Renovación)
ES182133858X,PRODUCT 1,15.0,2700.0,2. Alta (Renovación)
ES182350798J,PRODUCT 1,16.0,2700.0,1. Urgente (Chatarra)
ES182123870F,PRODUCT 1,12.0,2700.0,2. Alta (Renovación)
ES182304745B,PRODUCT 1,20.0,2700.0,1. Urgente (Chatarra)
ES182419581D,PRODUCT 1,15.0,2700.0,2. Alta (Renovación)
ES182140268G,PRODUCT 1,13.0,2700.0,2. Alta (Renovación)
ES182335929A,PRODUCT 1,23.0,2700.0,1. Urgente (Chatarra)
ES182303351R,PRODUCT 1,14.0,2700.0,2. Alta (Renovación)
ES182292942S,PRODUCT 1,14.0,2700.0,2. Alta (Renovación)
ES182139199X,PRODUCT 1,11.0,2700.0,2. Alta (Renovación)
ES182331705X,PRODUCT 1,16.0,2700.0,1. Urgente (Chatarra)
ES182347552H,PRODUCT 1,16.0,2700.0,1. Urgente (Chatarra)
ES182246327P,PRODUCT 1,13.0,2700.0,2. Alta (Renovación)
ES182354057D,PRODUCT 1,13.0,2700.0,2. Alta (Renovación)
ES182280146H,PRODUCT 1,14.0,2700.0,2. Alta (Renovación)
ES182211897V,PRODUCT 1,23.0,2700.0,1. Urgente (Chatarra)
ES182451536C,PRODUCT 1,64.5,2700.0,1. Urgente (Chatarra)
ES182406016U,PRODUCT 2,15.0,2700.0,2. Alta (Renovación)
ES182136717V,PRODUCT 1,25.0,2700.0,1. Urgente (Chatarra)
ES182388442U,PRODUCT 1,13.0,2700.0,2. Alta (Renovación)
ES182148907K,PRODUCT 1,10.0,2700.0,2. Alta (Renovación)
ES182151350V,PRODUCT 1,13.0,2700.0,2. Alta (Renovación)
ES182129404D,PRODUCT 1,13.0,2700.0,2. Alta (Renovación)
ES182245172F,PRODUCT 1,23.0,2700.0,1. Urgente (Chatarra)
ES182119846D,PRODUCT 1,19.0,2700.0,1. Urgente (Chatarra)
ES182351569N,PRODUCT 1,11.0,2700.0,2. Alta (Renovación)
ES182195988P,PRODUCT 1,10.0,2700.0,2. Alta (Renovación)
ES182203960W,PRODUCT 1,18.0,2700.0,1. Urgente (Chatarra)
ES182215365T,PRODUCT 1,22.0,2700.0,1. Urgente (Chatarra)
ES182243037H,PRODUCT 1,17.0,2700.0,1. Urgente (Chatarra)
ES182204538K,PRODUCT 1,34.0,2700.0,1. Urgente (Chatarra)
ES182119822O,PRODUCT 1,15.0,2700.0,2. Alta (Renovación)
ES182101615O,PRODUCT 1,13.0,2700.0,2. Alta (Renovación)
ES182349827T,PRODUCT 1,11.0,2700.0,2. Alta (Renovación)
ES182274082A,PRODUCT 1,21.0,2700.0,1. Urgente (Chatarra)
ES182323203O,PRODUCT 1,14.0,2700.0,2. Alta (Renovación)
ES182164965U,PRODUCT 1,13.0,2700.0,2. Alta (Renovación)
ES182385421X,PRODUCT 1,64.0,2700.0,1. Urgente (Chatarra)
ES182356404D,PRODUCT 1,15.0,2700.0,2. Alta (Renovación)
ES182285167C,PRODUCT 1,21.0,2700.0,1. Urgente (Chatarra)
ES182377561N,PRODUCT 1,13.0,2700.0,2. Alta (Renovación)
ES182299113V,PRODUCT 1,22.0,2700.0,1. Urgente (Chatarra)
ES182286947P,PRODUCT 1,16.0,2700.0,1. Urgente (Chatarra)
ES182335712D,PRODUCT 1,12.0,2700.0,2. Alta (Renovación)
ES182256965D,PRODUCT 1,19.0,2700.0,1. Urgente (Chatarra)
ES182236777Q,PRODUCT 1,16.0,2700.0,1. Urgente (Chatarra)
ES182217262X,PRODUCT 1,11.0,2700.0,2. Alta (Renovación)
ES182284741X,PRODUCT 1,28.0,2700.0,1. Urgente (Chatarra)
ES182369178U,PRODUCT 1,16.0,2700.0,1. Urgente (Chatarra)
ES182239591B,PRODUCT 1,64.0,2700.0,1. Urgente (Chatarra)
ES182421570Z,PRODUCT 1,18.0,2700.0,1. Urgente (Chatarra)
ES182244184Y,PRODUCT 1,12.0,2700.0,2. Alta (Renovación)
ES182219086Z,PRODUCT 1,16.0,2700.0,1. Urgente (Chatarra)
ES182132979O,PRODUCT 1,28.0,2700.0,1. Urgente (Chatarra)
ES182212082I,PRODUCT 1,19.0,2700.0,1. Urgente (Chatarra)
ES182250141D,PRODUCT 1,15.0,2700.0,2. Alta (Renovación)
ES182209366M,PRODUCT 1,12.0,2700.0,2. Alta (Renovación)
ES182248654I,PRODUCT 1,12.0,2700.0,2. Alta (Renovación)
ES182434550K,PRODUCT 1,10.0,2700.0,2. Alta (Renovación)
ES182261489J,PRODUCT 2,14.0,2700.0,2. Alta (Renovación)
ES182118981B,PRODUCT 1,14.0,2700.0,2. Alta (Renovación)
ES182113355F,PRODUCT 1,12.0,2700.0,2. Alta (Renovación)
ES182320168S,PRODUCT 2,10.0,2700.0,2. Alta (Renovación)
ES182370197W,PRODUCT 2,13.0,2700.0,2. Alta (Renovación)
ES182145641B,PRODUCT 1,16.0,2700.0,1. Urgente (Chatarra)
ES182344588R,PRODUCT 1,16.0,2700.0,1. Urgente (Chatarra)
ES182252025L,PRODUCT 1,15.0,2700.0,2. Alta (Renovación)
ES182446269T,PRODUCT 1,18.0,2700.0,1. Urgente (Chatarra)
ES182368929G,PRODUCT 1,23.0,2700.0,1. Urgente (Chatarra)
ES182264634F,PRODUCT 1,13.0,2700.0,2. Alta (Renovación)
ES182414350K,PRODUCT 1,10.0,2700.0,2. Alta (Renovación)
ES182448381B,PRODUCT 1,17.0,2700.0,1. Urgente (Chatarra)
ES182375356N,PRODUCT 1,15.0,2700.0,2. Alta (Renovación)
ES182325810I,PRODUCT 1,64.5,2700.0,1. Urgente (Chatarra)
ES182402897N,PRODUCT 1,18.0,2700.0,1. Urgente (Chatarra)
ES182351427E,PRODUCT 2,17.0,2700.0,1. Urgente (Chatarra)
ES182346554Y,PRODUCT 1,12.0,2700.0,2. Alta (Renovación)
ES182332985N,PRODUCT 1,20.0,2700.0,1. Urgente (Chatarra)
ES182415917X,PRODUCT 1,17.0,2700.0,1. Urgente (Chatarra)
ES182105590D,PRODUCT 1,17.0,2700.0,1. Urgente (Chatarra)
ES182117294F,PRODUCT 1,16.0,2700.0,1. Urgente (Chatarra)
ES182140776C,PRODUCT 1,19.0,2700.0,1. Urgente (Chatarra)
ES182177021A,PRODUCT 2,11.0,2700.0,2. Alta (Renovación)
ES182414211V,PRODUCT 1,11.0,2700.0,2. Alta (Renovación)
ES182312871L,PRODUCT 1,16.0,2700.0,1. Urgente (Chatarra)
ES182346715N,PRODUCT 1,15.0,2700.0,2. Alta (Renovación)
ES182277248Z,PRODUCT 1,13.0,2700.0,2. Alta (Renovación)
ES182244066W,PRODUCT 1,13.0,2700.0,2. Alta (Renovación)
ES182158027H,PRODUCT 1,10.0,2700.0,2. Alta (Renovación)
ES182233264E,PRODUCT 1,20.0,2700.0,1. Urgente (Chatarra)
ES182384966D,PRODUCT 1,13.0,2700.0,2. Alta (Renovación)
ES182364864F,PRODUCT 2,17.0,2700.0,1. Urgente (Chatarra)
ES182374688X,PRODUCT 1,10.0,2700.0,2. Alta (Renovación)
ES182104333G,PRODUCT 1,30.0,2700.0,1. Urgente (Chatarra)
ES182154816N,PRODUCT 1,15.0,2700.0,2. Alta (Renovación)
ES182113712L,PRODUCT 1,10.0,2700.0,2. Alta (Renovación)
ES182279706B,PRODUCT 1,11.0,2700.0,2. Alta (Renovación)
ES182196628Z,PRODUCT 1,11.0,2700.0,2. Alta (Renovación)
ES182432922B,PRODUCT 1,21.0,2700.0,1. Urgente (Chatarra)
ES182448352U,PRODUCT 1,14.0,2700.0,2. Alta (Renovación)
ES182186789M,PRODUCT 1,17.0,2700.0,1. Urgente (Chatarra)
ES182256032U,PRODUCT 1,11.0,2700.0,2. Alta (Renovación)
ES182368432D,PRODUCT 1,34.0,2700.0,1. Urgente (Chatarra)
ES182171224T,PRODUCT 1,10.0,2700.0,2. Alta (Renovación)
ES182357126P,PRODUCT 1,13.0,2700.0,2. Alta (Renovación)
ES182233875C,PRODUCT 1,13.0,2700.0,2. Alta (Renovación)
ES182113921B,PRODUCT 2,18.0,2700.0,1. Urgente (Chatarra)
ES182408810A,PRODUCT 1,15.0,2700.0,2. Alta (Renovación)
ES182156370J,PRODUCT 1,20.0,2700.0,1. Urgente (Chatarra)
ES182356167Y,PRODUCT 1,14.0,2700.0,2. Alta (Renovación)
ES182427876J,PRODUCT 1,10.0,2700.0,2. Alta (Renovación)
ES182236290F,PRODUCT 1,18.0,2700.0,1. Urgente (Chatarra)
ES182263198O,PRODUCT 1,18.0,2700.0,1. Urgente (Chatarra)
ES182367511G,PRODUCT 1,17.0,2700.0,1. Urgente (Chatarra)
ES182269362M,PRODUCT 1,17.0,2700.0,1. Urgente (Chatarra)
ES182395256R,PRODUCT 1,16.0,2700.0,1. Urgente (Chatarra)
ES182133079C,PRODUCT 1,24.0,2700.0,1. Urgente (Chatarra)
ES182214062D,PRODUCT 1,13.0,2700.0,2. Alta (Renovación)
ES182153387F,PRODUCT 1,13.0,2700.0,2. Alta (Renovación)
ES182438266I,PRODUCT 1,64.0,2700.0,1. Urgente (Chatarra)
ES182361562U,PRODUCT 1,14.0,2700.0,2. Alta (Renovación)
ES182360655Y,PRODUCT 1,13.0,2700.0,2. Alta (Renovación)
ES182436691Q,PRODUCT 1,10.0,2700.0,2. Alta (Renovación)
ES182378487Z,PRODUCT 1,16.0,2700.0,1. Urgente (Chatarra)
ES182116552Z,PRODUCT 1,21.0,2700.0,1. Urgente (Chatarra)
ES182250382F,PRODUCT 1,22.0,2700.0,1. Urgente (Chatarra)
ES182364233H,PRODUCT 1,16.0,2700.0,1. Urgente (Chatarra)
ES182237863D,PRODUCT 2,16.0,2700.0,1. Urgente (Chatarra)
ES182257349A,PRODUCT 1,11.0,2700.0,2. Alta (Renovación)
ES182304522F,PRODUCT 1,17.0,2700.0,1. Urgente (Chatarra)
ES182295743U,PRODUCT 1,20.0,2700.0,1. Urgente (Chatarra)
ES182114712H,PRODUCT 1,20.0,2700.0,1. Urgente (Chatarra)
ES182393380Y,PRODUCT 1,17.0,2700.0,1. Urgente (Chatarra)
ES182404589O,PRODUCT 1,12.0,2700.0,2. Alta (Renovación)
ES182311194F,PRODUCT 1,20.0,2700.0,1. Urgente (Chatarra)
ES182247813H,PRODUCT 1,17.0,2700.0,1. Urgente (Chatarra)
ES182317112E,PRODUCT 2,13.0,2700.0,2. Alta (Renovación)
ES182405795E,PRODUCT 1,11.0,2700.0,2. Alta (Renovación)
ES182147813D,PRODUCT 1,10.0,2700.0,2. Alta (Renovación)
ES182332162G,PRODUCT 1,17.0,2700.0,1. Urgente (Chatarra)
ES182241656L,PRODUCT 1,17.0,2700.0,1. Urgente (Chatarra)
ES182243093H,PRODUCT 1,17.0,2700.0,1. Urgente (Chatarra)
ES182211322N,PRODUCT 1,20.0,2700.0,1. Urgente (Chatarra)
ES182361301D,PRODUCT 1,14.0,2700.0,2. Alta (Renovación)
ES182147682Y,PRODUCT 1,13.0,2700.0,2. Alta (Renovación)
ES182323830G,PRODUCT 1,22.0,2700.0,1. Urgente (Chatarra)
ES182295677J,PRODUCT 1,22.0,2700.0,1. Urgente (Chatarra)
ES182288042P,PRODUCT 1,64.0,2700.0,1. Urgente (Chatarra)
ES182315245L,PRODUCT 1,17.0,2700.0,1. Urgente (Chatarra)
ES182329155T,PRODUCT 1,20.0,2700.0,1. Urgente (Chatarra)
ES182187544I,PRODUCT 1,13.0,2700.0,2. Alta (Renovación)
ES182138994R,PRODUCT 1,13.0,2700.0,2. Alta (Renovación)
ES182337230U,PRODUCT 1,64.0,2700.0,1. Urgente (Chatarra)
ES182301833V,PRODUCT 1,14.0,2700.0,2. Alta (Renovación)
ES182177391Y,PRODUCT 1,16.0,2700.0,1. Urgente (Chatarra)
ES182420122R,PRODUCT 1,21.0,2700.0,1. Urgente (Chatarra)
ES182203403M,PRODUCT 1,32.0,2700.0,1. Urgente (Chatarra)
ES182320119B,PRODUCT 1,20.0,2700.0,1. Urgente (Chatarra)
ES182450576U,PRODUCT 1,16.0,2700.0,1. Urgente (Chatarra)
ES182351096A,PRODUCT 1,12.0,2700.0,2. Alta (Renovación)
ES182443417Q,PRODUCT 1,64.0,2700.0,1. Urgente (Chatarra)
ES182272789T,PRODUCT 1,14.0,2700.0,2. Alta (Renovación)
ES182332378X,PRODUCT 1,11.0,2700.0,2. Alta (Renovación)
ES182347817W,PRODUCT 1,12.0,2700.0,2. Alta (Renovación)
ES182425097C,PRODUCT 2,15.0,2700.0,2. Alta (Renovación)
ES182339739V,PRODUCT 1,13.0,2700.0,2. Alta (Renovación)
ES182438537T,PRODUCT 1,12.0,2700.0,2. Alta (Renovación)
ES182121805X,PRODUCT 1,17.0,2700.0,1. Urgente (Chatarra)
ES182374109X,PRODUCT 1,17.0,2700.0,1. Urgente (Chatarra)
ES182438432W,PRODUCT 1,23.0,2700.0,1. Urgente (Chatarra)
ES182151976P,PRODUCT 1,13.0,2700.0,2. Alta (Renovación)
ES182127018P,PRODUCT 1,31.0,2700.0,1. Urgente (Chatarra)
ES182201605Z,PRODUCT 1,16.0,2700.0,1. Urgente (Chatarra)
ES182104427X,PRODUCT 1,64.0,2700.0,1. Urgente (Chatarra)
ES182436805Z,PRODUCT 1,11.0,2700.0,2. Alta (Renovación)
ES182420918H,PRODUCT 1,24.0,2700.0,1. Urgente (Chatarra)
ES182440105L,PRODUCT 1,27.0,2700.0,1. Urgente (Chatarra)
ES182420748U,PRODUCT 2,12.0,2700.0,2. Alta (Renovación)
ES182293197V,PRODUCT 1,22.0,2700.0,1. Urgente (Chatarra)
ES182192639J,PRODUCT 1,18.0,2700.0,1. Urgente (Chatarra)
ES182315232S,PRODUCT 2,16.0,2700.0,1. Urgente (Chatarra)
ES182173599M,PRODUCT 1,12.0,2700.0,2. Alta (Renovación)
ES182327759N,PRODUCT 1,12.0,2700.0,2. Alta (Renovación)
ES182345121M,PRODUCT 2,11.0,2700.0,2. Alta (Renovación)
ES182381794P,PRODUCT 2,10.0,2700.0,2. Alta (Renovación)
ES182206829Z,PRODUCT 1,10.0,2700.0,2. Alta (Renovación)
ES182121602R,PRODUCT 1,13.0,2700.0,2. Alta (Renovación)
ES182156792C,PRODUCT 1,13.0,2700.0,2. Alta (Renovación)
ES182383636P,PRODUCT 1,11.0,2700.0,2. Alta (Renovación)
ES182206705G,PRODUCT 1,11.0,2700.0,2. Alta (Renovación)
ES182230444K,PRODUCT 1,14.0,2700.0,2. Alta (Renovación)
ES182238432H,PRODUCT 1,18.0,2700.0,1. Urgente (Chatarra)
ES182124391U,PRODUCT 1,22.0,2700.0,1. Urgente (Chatarra)
ES182147257W,PRODUCT 1,11.0,2700.0,2. Alta (Renovación)
ES182301487J,PRODUCT 1,18.0,2700.0,1. Urgente (Chatarra)
ES182439117B,PRODUCT 1,64.5,2700.0,1. Urgente (Chatarra)
ES182418384K,PRODUCT 1,10.0,2700.0,2. Alta (Renovación)
ES182453497Z,PRODUCT 1,17.0,2700.0,1. Urgente (Chatarra)
ES182249717V,PRODUCT 2,14.0,2700.0,2. Alta (Renovación)
ES182416873K,PRODUCT 1,17.0,2700.0,1. Urgente (Chatarra)
ES182230413X,PRODUCT 2,16.0,2700.0,1. Urgente (Chatarra)
ES182334727M,PRODUCT 1,10.0,2700.0,2. Alta (Renovación)
ES182179545O,PRODUCT 1,36.0,2700.0,1. Urgente (Chatarra)
ES182101422T,PRODUCT 1,22.0,2700.0,1. Urgente (Chatarra)
ES182324478P,PRODUCT 1,16.0,2700.0,1. Urgente (Chatarra)
ES182392609U,PRODUCT 1,10.0,2700.0,2. Alta (Renovación)
ES182344118E,PRODUCT 1,10.0,2700.0,2. Alta (Renovación)
ES182363749R,PRODUCT 1,20.0,2700.0,1. Urgente (Chatarra)
ES182205372L,PRODUCT 1,12.0,2700.0,2. Alta (Renovación)
ES182288006B,PRODUCT 1,22.0,2700.0,1. Urgente (Chatarra)
ES182294153N,PRODUCT 1,11.0,2700.0,2. Alta (Renovación)
ES182163159W,PRODUCT 1,10.0,2700.0,2. Alta (Renovación)
ES182133166Q,PRODUCT 1,16.0,2700.0,1. Urgente (Chatarra)
ES182222960F,PRODUCT 1,22.0,2700.0,1. Urgente (Chatarra)
ES182165889O,PRODUCT 1,36.0,2700.0,1. Urgente (Chatarra)
ES182386042I,PRODUCT 1,24.0,2700.0,1. Urgente (Chatarra)
ES182271917U,PRODUCT 1,13.0,2700.0,2. Alta (Renovación)
ES182112410P,PRODUCT 1,15.0,2700.0,2. Alta (Renovación)
ES182351979V,PRODUCT 1,17.0,2700.0,1. Urgente (Chatarra)
ES182406449O,PRODUCT 1,12.0,2700.0,2. Alta (Renovación)
ES182238800L,PRODUCT 1,36.0,2700.0,1. Urgente (Chatarra)
ES182190170G,PRODUCT 1,23.0,2700.0,1. Urgente (Chatarra)
ES182423480I,PRODUCT 1,12.0,2700.0,2. Alta (Renovación)
ES182376304D,PRODUCT 1,11.0,2700.0,2. Alta (Renovación)
ES182442436I,PRODUCT 1,27.0,2700.0,1. Urgente (Chatarra)
ES182311734L,PRODUCT 1,13.0,2700.0,2. Alta (Renovación)
ES182437653Y,PRODUCT 1,15.0,2700.0,2. Alta (Renovación)
ES182318825Z,PRODUCT 2,11.0,2700.0,2. Alta (Renovación)
ES182416252D,PRODUCT 1,11.0,2700.0,2. Alta (Renovación)
ES182107059F,PRODUCT 1,14.0,2700.0,2. Alta (Renovación)
ES182293701E,PRODUCT 1,14.0,2700.0,2. Alta (Renovación)
ES182371721X,PRODUCT 1,21.0,2700.0,1. Urgente (Chatarra)
ES182116711I,PRODUCT 1,11.0,2700.0,2. Alta (Renovación)
ES182207674L,PRODUCT 1,11.0,2700.0,2. Alta (Renovación)
ES182142895R,PRODUCT 1,14.0,2700.0,2. Alta (Renovación)
ES182207082V,PRODUCT 1,25.0,2700.0,1. Urgente (Chatarra)
ES182172180R,PRODUCT 1,16.0,2700.0,1. Urgente (Chatarra)
ES182308519P,PRODUCT 1,23.0,2700.0,1. Urgente (Chatarra)
ES182213590X,PRODUCT 1,15.0,2700.0,2. Alta (Renovación)
ES182345690Z,PRODUCT 1,15.0,2700.0,2. Alta (Renovación)
ES182427098N,PRODUCT 2,64.0,2700.0,1. Urgente (Chatarra)
ES182249904W,PRODUCT 1,19.0,2700.0,1. Urgente (Chatarra)
ES182151946B,PRODUCT 1,17.0,2700.0,1. Urgente (Chatarra)
ES182424938O,PRODUCT 1,11.0,2700.0,2. Alta (Renovación)
ES182415222O,PRODUCT 1,19.0,2700.0,1. Urgente (Chatarra)
ES182211936K,PRODUCT 1,13.0,2700.0,2. Alta (Renovación)
ES182377680Z,PRODUCT 2,16.0,2700.0,1. Urgente (Chatarra)
ES182235207M,PRODUCT 1,13.0,2700.0,2. Alta (Renovación)
ES182422704F,PRODUCT 1,10.0,2700.0,2. Alta (Renovación)
ES182283869H,PRODUCT 1,24.0,2700.0,1. Urgente (Chatarra)
ES182288066H,PRODUCT 1,27.0,2700.0,1. Urgente (Chatarra)
ES182293203C,PRODUCT 1,10.0,2700.0,2. Alta (Renovación)
ES182144884N,PRODUCT 1,19.0,2700.0,1. Urgente (Chatarra)
ES182166032Y,PRODUCT 1,18.0,2700.0,1. Urgente (Chatarra)
ES182116617B,PRODUCT 1,64.5,2700.0,1. Urgente (Chatarra)
ES182254584I,PRODUCT 2,64.5,2700.0,1. Urgente (Chatarra)
ES182203680I,PRODUCT 2,11.0,2700.0,2. Alta (Renovación)
ES182130100X,PRODUCT 1,19.0,2700.0,1. Urgente (Chatarra)
ES182256368S,PRODUCT 1,13.0,2700.0,2. Alta (Renovación)
ES182236746F,PRODUCT 1,64.0,2700.0,1. Urgente (Chatarra)
ES182125002L,PRODUCT 1,15.0,2700.0,2. Alta (Renovación)
ES182167357O,PRODUCT 1,13.0,2700.0,2. Alta (Renovación)
ES182301792E,PRODUCT 1,18.0,2700.0,1. Urgente (Chatarra)
ES182170290F,PRODUCT 1,18.0,2700.0,1. Urgente (Chatarra)
ES182442940F,PRODUCT 1,12.0,2700.0,2. Alta (Renovación)
ES182408991L,PRODUCT 1,12.0,2700.0,2. Alta (Renovación)
ES182175967Q,PRODUCT 1,12.0,2700.0,2. Alta (Renovación)
ES182211414N,PRODUCT 1,25.0,2700.0,1. Urgente (Chatarra)
ES182372857Y,PRODUCT 1,21.0,2700.0,1. Urgente (Chatarra)
ES182190897U,PRODUCT 1,20.0,2700.0,1. Urgente (Chatarra)
ES182279915B,PRODUCT 1,15.0,2700.0,2. Alta (Renovación)
ES182116304S,PRODUCT 1,13.0,2700.0,2. Alta (Renovación)
ES182258186H,PRODUCT 1,14.0,2700.0,2. Alta (Renovación)
ES182370457R,PRODUCT 1,36.0,2700.0,1. Urgente (Chatarra)
ES182103868A,PRODUCT 1,14.0,2700.0,2. Alta (Renovación)
ES182108371F,PRODUCT 1,10.0,2700.0,2. Alta (Renovación)
ES182414595X,PRODUCT 1,15.0,2700.0,2. Alta (Renovación)
ES182398604D,PRODUCT 1,10.0,2700.0,2. Alta (Renovación)
ES182111551Q,PRODUCT 1,14.0,2700.0,2. Alta (Renovación)
ES182386235V,PRODUCT 1,64.0,2700.0,1. Urgente (Chatarra)
ES182454001B,PRODUCT 1,18.0,2700.0,1. Urgente (Chatarra)
ES182426596Z,PRODUCT 2,64.0,2700.0,1. Urgente (Chatarra)
ES182304367W,PRODUCT 1,18.0,2700.0,1. Urgente (Chatarra)
ES182244579R,PRODUCT 1,15.0,2700.0,2. Alta (Renovación)
ES182143245D,PRODUCT 1,20.0,2700.0,1. Urgente (Chatarra)
ES182168167X,PRODUCT 1,16.0,2700.0,1. Urgente (Chatarra)
ES182207821Z,PRODUCT 1,10.0,2700.0,2. Alta (Renovación)
ES182326139O,PRODUCT 1,22.0,2700.0,1. Urgente (Chatarra)
ES182406493A,PRODUCT 1,64.0,2700.0,1. Urgente (Chatarra)
ES182207642Q,PRODUCT 1,22.0,2700.0,1. Urgente (Chatarra)
ES182289559R,PRODUCT 1,17.0,2700.0,1. Urgente (Chatarra)
ES182429560T,PRODUCT 1,15.0,2700.0,2. Alta (Renovación)
ES182256237D,PRODUCT 1,26.0,2700.0,1. Urgente (Chatarra)
ES182163325V,PRODUCT 1,15.0,2700.0,2. Alta (Renovación)
ES182192003Y,PRODUCT 2,15.0,2700.0,2. Alta (Renovación)
ES182132740D,PRODUCT 1,14.0,2700.0,2. Alta (Renovación)
ES182326358X,PRODUCT 1,35.0,2700.0,1. Urgente (Chatarra)
ES182137950U,PRODUCT 1,12.0,2700.0,2. Alta (Renovación)
ES182328399K,PRODUCT 1,18.0,2700.0,1. Urgente (Chatarra)
ES182444103K,PRODUCT 1,19.0,2700.0,1. Urgente (Chatarra)
ES182197326A,PRODUCT 1,12.0,2700.0,2. Alta (Renovación)
ES182425749A,PRODUCT 1,17.0,2700.0,1. Urgente (Chatarra)
ES182147276G,PRODUCT 1,64.5,2700.0,1. Urgente (Chatarra)
ES182276748G,PRODUCT 1,15.0,2700.0,2. Alta (Renovación)
ES182327639G,PRODUCT 1,13.0,2700.0,2. Alta (Renovación)
ES182343523J,PRODUCT 1,20.0,2700.0,1. Urgente (Chatarra)
ES182288834H,PRODUCT 1,10.0,2700.0,2. Alta (Renovación)
ES182110357F,PRODUCT 1,10.0,2700.0,2. Alta (Renovación)
ES182221691Y,PRODUCT 1,17.0,2700.0,1. Urgente (Chatarra)
ES182411920X,PRODUCT 1,20.0,2700.0,1. Urgente (Chatarra)
ES182211713R,PRODUCT 1,18.0,2700.0,1. Urgente (Chatarra)
ES182264731U,PRODUCT 1,13.0,2700.0,2. Alta (Renovación)
ES182195722G,PRODUCT 1,17.0,2700.0,1. Urgente (Chatarra)
ES182188043P,PRODUCT 1,10.0,2700.0,2. Alta (Renovación)
ES182300111W,PRODUCT 1,15.0,2700.0,2. Alta (Renovación)
ES182146066G,PRODUCT 2,12.0,2700.0,2. Alta (Renovación)
ES182110041R,PRODUCT 1,10.0,2700.0,2. Alta (Renovación)
ES182206051W,PRODUCT 1,10.0,2700.0,2. Alta (Renovación)
ES182117379Z,PRODUCT 1,10.0,2700.0,2. Alta (Renovación)
ES182397435P,PRODUCT 1,20.0,2700.0,1. Urgente (Chatarra)
ES182140654V,PRODUCT 1,32.0,2700.0,1. Urgente (Chatarra)
ES182435888O,PRODUCT 1,14.0,2700.0,2. Alta (Renovación)
ES182446568M,PRODUCT 1,64.0,2700.0,1. Urgente (Chatarra)
ES182328030H,PRODUCT 1,24.0,2700.0,1. Urgente (Chatarra)
ES182268653J,PRODUCT 1,13.0,2700.0,2. Alta (Renovación)
ES182322190H,PRODUCT 1,64.5,2700.0,1. Urgente (Chatarra)
ES182232509D,PRODUCT 1,24.0,2700.0,1. Urgente (Chatarra)
ES182188945D,PRODUCT 1,23.0,2700.0,1. Urgente (Chatarra)
ES182176113S,PRODUCT 1,13.0,2700.0,2. Alta (Renovación)
ES182155466B,PRODUCT 2,12.0,2700.0,2. Alta (Renovación)
ES182298317R,PRODUCT 1,23.0,2700.0,1. Urgente (Chatarra)
ES182105833U,PRODUCT 1,17.0,2700.0,1. Urgente (Chatarra)
ES182175436I,PRODUCT 1,12.0,2700.0,2. Alta (Renovación)
ES182233097Z,PRODUCT 1,10.0,2700.0,2. Alta (Renovación)
ES182380853K,PRODUCT 1,13.0,2700.0,2. Alta (Renovación)
ES182378982K,PRODUCT 1,13.0,2700.0,2. Alta (Renovación)
ES182275300W,PRODUCT 1,30.0,2700.0,1. Urgente (Chatarra)
ES182392492N,PRODUCT 1,14.0,2700.0,2. Alta (Renovación)
ES182383653E,PRODUCT 1,13.0,2700.0,2. Alta (Renovación)
ES182442152T,PRODUCT 1,24.0,2700.0,1. Urgente (Chatarra)
ES182283051A,PRODUCT 1,15.0,2700.0,2. Alta (Renovación)
ES182313562K,PRODUCT 1,23.0,2700.0,1. Urgente (Chatarra)
ES182368498Y,PRODUCT 1,24.0,2700.0,1. Urgente (Chatarra)
ES182304248V,PRODUCT 1,13.0,2700.0,2. Alta (Renovación)
ES182175893J,PRODUCT 1,30.0,2700.0,1. Urgente (Chatarra)
ES182356242Y,PRODUCT 1,10.0,2700.0,2. Alta (Renovación)
ES182168148Y,PRODUCT 1,14.0,2700.0,2. Alta (Renovación)
ES182215748X,PRODUCT 1,11.0,2700.0,2. Alta (Renovación)
ES182389994H,PRODUCT 1,16.0,2700.0,1. Urgente (Chatarra)
ES182253726I,PRODUCT 1,29.0,2700.0,1. Urgente (Chatarra)
ES182393167N,PRODUCT 1,13.0,2700.0,2. Alta (Renovación)
ES182331181M,PRODUCT 1,10.0,2700.0,2. Alta (Renovación)
ES182437561N,PRODUCT 1,13.0,2700.0,2. Alta (Renovación)
ES182394519F,PRODUCT 1,13.0,2700.0,2. Alta (Renovación)
ES182328651O,PRODUCT 1,16.0,2700.0,1. Urgente (Chatarra)
ES182115241J,PRODUCT 1,11.0,2700.0,2. Alta (Renovación)
ES182393690P,PRODUCT 1,18.0,2700.0,1. Urgente (Chatarra)
ES182167143C,PRODUCT 1,14.0,2700.0,2. Alta (Renovación)
ES182170548H,PRODUCT 1,20.0,2700.0,1. Urgente (Chatarra)
ES182163045M,PRODUCT 2,25.0,2700.0,1. Urgente (Chatarra)
ES182216849V,PRODUCT 1,12.0,2700.0,2. Alta (Renovación)
ES182348233B,PRODUCT 1,16.0,2700.0,1. Urgente (Chatarra)
ES182130068E,PRODUCT 2,12.0,2700.0,2. Alta (Renovación)
ES182411937J,PRODUCT 1,12.0,2700.0,2. Alta (Renovación)
ES182250249M,PRODUCT 1,14.0,2700.0,2. Alta (Renovación)
ES182244445R,PRODUCT 2,13.0,2700.0,2. Alta (Renovación)
ES182130998P,PRODUCT 1,64.5,2700.0,1. Urgente (Chatarra)
ES182200565Z,PRODUCT 1,20.0,2700.0,1. Urgente (Chatarra)
ES182335791S,PRODUCT 1,19.0,2700.0,1. Urgente (Chatarra)
ES182178381O,PRODUCT 1,18.0,2700.0,1. Urgente (Chatarra)
ES182445320Z,PRODUCT 1,12.0,2700.0,2. Alta (Renovación)
ES182320020T,PRODUCT 1,11.0,2700.0,2. Alta (Renovación)
ES182420320A,PRODUCT 1,12.0,2700.0,2. Alta (Renovación)
ES182117866Y,PRODUCT 1,15.0,2700.0,2. Alta (Renovación)
ES182204258B,PRODUCT 1,14.0,2700.0,2. Alta (Renovación)
ES182177113Z,PRODUCT 1,17.0,2700.0,1. Urgente (Chatarra)
ES182253166Y,PRODUCT 1,10.0,2700.0,2. Alta (Renovación)
ES182231117M,PRODUCT 1,15.0,2700.0,2. Alta (Renovación)
ES182270911T,PRODUCT 1,20.0,2700.0,1. Urgente (Chatarra)
ES182216085Q,PRODUCT 1,19.0,2700.0,1. Urgente (Chatarra)
ES182380455N,PRODUCT 1,10.0,2700.0,2. Alta (Renovación)
ES182394795Q,PRODUCT 1,10.0,2700.0,2. Alta (Renovación)
ES182150730I,PRODUCT 1,11.0,2700.0,2. Alta (Renovación)
ES182333341M,PRODUCT 1,12.0,2700.0,2. Alta (Renovación)
ES182201797U,PRODUCT 1,10.0,2700.0,2. Alta (Renovación)
ES182133667P,PRODUCT 1,10.0,2700.0,2. Alta (Renovación)
ES182170607T,PRODUCT 1,10.0,2700.0,2. Alta (Renovación)
ES182134232L,PRODUCT 1,18.0,2700.0,1. Urgente (Chatarra)
ES182195035J,PRODUCT 1,15.0,2700.0,2. Alta (Renovación)
ES182154636C,PRODUCT 1,24.0,2700.0,1. Urgente (Chatarra)
ES182303095E,PRODUCT 1,10.0,2700.0,2. Alta (Renovación)
ES182286641Z,PRODUCT 1,13.0,2700.0,2. Alta (Renovación)
ES182137130I,PRODUCT 1,10.0,2700.0,2. Alta (Renovación)
ES182341028J,PRODUCT 1,17.0,2700.0,1. Urgente (Chatarra)
ES182279114L,PRODUCT 1,11.0,2700.0,2. Alta (Renovación)
ES182186481X,PRODUCT 1,25.0,2700.0,1. Urgente (Chatarra)
ES182441112F,PRODUCT 1,17.0,2700.0,1. Urgente (Chatarra)
ES182295671S,PRODUCT 1,24.0,2700.0,1. Urgente (Chatarra)
ES182253718D,PRODUCT 1,12.0,2700.0,2. Alta (Renovación)
ES182348105Y,PRODUCT 1,12.0,2700.0,2. Alta (Renovación)
ES182242463I,PRODUCT 1,17.0,2700.0,1. Urgente (Chatarra)
ES182311446D,PRODUCT 1,19.0,2700.0,1. Urgente (Chatarra)
ES182450351J,PRODUCT 1,17.0,2700.0,1. Urgente (Chatarra)
ES182358639X,PRODUCT 1,13.0,2700.0,2. Alta (Renovación)
ES182408795D,PRODUCT 1,14.0,2700.0,2. Alta (Renovación)
ES182238304E,PRODUCT 1,17.0,2700.0,1. Urgente (Chatarra)
ES182211836T,PRODUCT 1,14.0,2700.0,2. Alta (Renovación)
ES182249666M,PRODUCT 1,10.0,2700.0,2. Alta (Renovación)
ES182216894L,PRODUCT 1,10.0,2700.0,2. Alta (Renovación)
ES182409785H,PRODUCT 1,17.0,2700.0,1. Urgente (Chatarra)
ES182207203G,PRODUCT 1,16.0,2700.0,1. Urgente (Chatarra)
ES182337345V,PRODUCT 1,33.0,2700.0,1. Urgente (Chatarra)
ES182122088U,PRODUCT 1,19.0,2700.0,1. Urgente (Chatarra)
ES182266244K,PRODUCT 1,64.0,2700.0,1. Urgente (Chatarra)
ES182120883F,PRODUCT 1,15.0,2700.0,2. Alta (Renovación)
ES182301753L,PRODUCT 1,23.0,2700.0,1. Urgente (Chatarra)
ES182436745U,PRODUCT 1,11.0,2700.0,2. Alta (Renovación)
ES182309938M,PRODUCT 2,17.0,2700.0,1. Urgente (Chatarra)
ES182140954M,PRODUCT 1,14.0,2700.0,2. Alta (Renovación)
ES182445710I,PRODUCT 1,15.0,2700.0,2. Alta (Renovación)
ES182107456S,PRODUCT 1,12.0,2700.0,2. Alta (Renovación)
ES182372581Z,PRODUCT 1,26.0,2700.0,1. Urgente (Chatarra)
ES182144511P,PRODUCT 1,14.0,2700.0,2. Alta (Renovación)
ES182247731Y,PRODUCT 1,15.0,2700.0,2. Alta (Renovación)
ES182304213Q,PRODUCT 1,13.0,2700.0,2. Alta (Renovación)
ES182277467S,PRODUCT 1,13.0,2700.0,2. Alta (Renovación)
ES182106446W,PRODUCT 1,10.0,2700.0,2. Alta (Renovación)
ES182188785L,PRODUCT 1,15.0,2700.0,2. Alta (Renovación)
ES182326346K,PRODUCT 1,22.0,2700.0,1. Urgente (Chatarra)
ES182362312U,PRODUCT 1,11.0,2700.0,2. Alta (Renovación)
ES182216440I,PRODUCT 1,14.0,2700.0,2. Alta (Renovación)
ES182321639N,PRODUCT 1,12.0,2700.0,2. Alta (Renovación)
ES182355600W,PRODUCT 1,10.0,2700.0,2. Alta (Renovación)
ES182387399C,PRODUCT 1,64.5,2700.0,1. Urgente (Chatarra)
ES182324425L,PRODUCT 1,32.0,2700.0,1. Urgente (Chatarra)
ES182368416E,PRODUCT 1,14.0,2700.0,2. Alta (Renovación)
ES182279442T,PRODUCT 1,13.0,2700.0,2. Alta (Renovación)
ES182228566W,PRODUCT 1,14.0,2700.0,2. Alta (Renovación)
ES182390727U,PRODUCT 1,14.0,2700.0,2. Alta (Renovación)
ES182182190N,PRODUCT 1,14.0,2700.0,2. Alta (Renovación)
ES182206590T,PRODUCT 1,23.0,2700.0,1. Urgente (Chatarra)
ES182194099C,PRODUCT 2,13.0,2700.0,2. Alta (Renovación)
ES182448972U,PRODUCT 1,16.0,2700.0,1. Urgente (Chatarra)
ES182134281Y,PRODUCT 1,64.0,2700.0,1. Urgente (Chatarra)
ES182397865Z,PRODUCT 1,14.0,2700.0,2. Alta (Renovación)
ES182391770T,PRODUCT 1,11.0,2700.0,2. Alta (Renovación)
ES182365135N,PRODUCT 1,14.0,2700.0,2. Alta (Renovación)
ES182344674T,PRODUCT 1,64.0,2700.0,1. Urgente (Chatarra)
ES182371800X,PRODUCT 1,14.0,2700.0,2. Alta (Renovación)
ES182323201L,PRODUCT 1,10.0,2700.0,2. Alta (Renovación)
ES182105908K,PRODUCT 2,14.0,2700.0,2. Alta (Renovación)
ES182306048Z,PRODUCT 1,34.0,2700.0,1. Urgente (Chatarra)
ES182265472P,PRODUCT 1,13.0,2700.0,2. Alta (Renovación)
ES182411571T,PRODUCT 1,32.0,2700.0,1. Urgente (Chatarra)
ES182265249J,PRODUCT 1,18.0,2700.0,1. Urgente (Chatarra)
ES182181799I,PRODUCT 1,18.0,2700.0,1. Urgente (Chatarra)
ES182360402G,PRODUCT 1,35.0,2700.0,1. Urgente (Chatarra)
ES182112649X,PRODUCT 2,11.0,2700.0,2. Alta (Renovación)
ES182127252W,PRODUCT 1,64.5,2700.0,1. Urgente (Chatarra)
ES182250128L,PRODUCT 1,19.0,2700.0,1. Urgente (Chatarra)
ES182205451I,PRODUCT 1,12.0,2700.0,2. Alta (Renovación)
ES182221772J,PRODUCT 1,15.0,2700.0,2. Alta (Renovación)
ES182436130U,PRODUCT 1,10.0,2700.0,2. Alta (Renovación)
ES182305388N,PRODUCT 1,16.0,2700.0,1. Urgente (Chatarra)
ES182215189V,PRODUCT 1,21.0,2700.0,1. Urgente (Chatarra)
ES182215986N,PRODUCT 1,16.0,2700.0,1. Urgente (Chatarra)
ES182358711S,PRODUCT 1,10.0,2700.0,2. Alta (Renovación)
ES182368304D,PRODUCT 1,10.0,2700.0,2. Alta (Renovación)
ES182165580Y,PRODUCT 1,12.0,2700.0,2. Alta (Renovación)
ES182315835W,PRODUCT 1,17.0,2700.0,1. Urgente (Chatarra)
ES182276404V,PRODUCT 1,24.0,2700.0,1. Urgente (Chatarra)
ES182213211Q,PRODUCT 1,28.0,2700.0,1. Urgente (Chatarra)
ES182398114U,PRODUCT 1,10.0,2700.0,2. Alta (Renovación)
ES182192893H,PRODUCT 1,15.0,2700.0,2. Alta (Renovación)
ES182199174V,PRODUCT 1,13.0,2700.0,2. Alta (Renovación)
ES182273414K,PRODUCT 1,14.0,2700.0,2. Alta (Renovación)
ES182402725J,PRODUCT 1,11.0,2700.0,2. Alta (Renovación)
ES182201137W,PRODUCT 1,14.0,2700.0,2. Alta (Renovación)
ES182129794K,PRODUCT 1,20.0,2700.0,1. Urgente (Chatarra)
ES182308751C,PRODUCT 1,14.0,2700.0,2. Alta (Renovación)
ES182365828W,PRODUCT 1,10.0,2700.0,2. Alta (Renovación)
ES182422190O,PRODUCT 1,17.0,2700.0,1. Urgente (Chatarra)
ES182274769X,PRODUCT 1,13.0,2700.0,2. Alta (Renovación)
ES182410874J,PRODUCT 1,10.0,2700.0,2. Alta (Renovación)
ES182323393Z,PRODUCT 1,15.0,2700.0,2. Alta (Renovación)
ES182278270Z,PRODUCT 1,21.0,2700.0,1. Urgente (Chatarra)
ES182195915B,PRODUCT 1,11.0,2700.0,2. Alta (Renovación)
ES182232584P,PRODUCT 1,18.0,2700.0,1. Urgente (Chatarra)
ES182325298T,PRODUCT 1,28.0,2700.0,1. Urgente (Chatarra)
ES182367003N,PRODUCT 1,13.0,2700.0,2. Alta (Renovación)
ES182160845A,PRODUCT 1,13.0,2700.0,2. Alta (Renovación)
ES182250609H,PRODUCT 1,19.0,2700.0,1. Urgente (Chatarra)
ES182386796T,PRODUCT 1,10.0,2700.0,2. Alta (Renovación)
ES182451645R,PRODUCT 2,64.0,2700.0,1. Urgente (Chatarra)
ES182176389B,PRODUCT 1,20.0,2700.0,1. Urgente (Chatarra)
ES182220754S,PRODUCT 1,15.0,2700.0,2. Alta (Renovación)
ES182204981H,PRODUCT 1,16.0,2700.0,1. Urgente (Chatarra)
ES182426783I,PRODUCT 1,12.0,2700.0,2. Alta (Renovación)
ES182267049B,PRODUCT 1,11.0,2700.0,2. Alta (Renovación)
ES182250239C,PRODUCT 1,23.0,2700.0,1. Urgente (Chatarra)
ES182163758G,PRODUCT 1,16.0,2700.0,1. Urgente (Chatarra)
ES182455319C,PRODUCT 1,13.0,2700.0,2. Alta (Renovación)
ES182200608Q,PRODUCT 1,20.0,2700.0,1. Urgente (Chatarra)
ES182342262M,PRODUCT 1,17.0,2700.0,1. Urgente (Chatarra)
ES182363973D,PRODUCT 1,24.0,2700.0,1. Urgente (Chatarra)
ES182328881I,PRODUCT 1,13.0,2700.0,2. Alta (Renovación)
ES182359756J,PRODUCT 1,15.0,2700.0,2. Alta (Renovación)
ES182181472G,PRODUCT 1,10.0,2700.0,2. Alta (Renovación)
ES182357649A,PRODUCT 1,12.0,2700.0,2. Alta (Renovación)
ES182245332U,PRODUCT 1,16.0,2700.0,1. Urgente (Chatarra)
ES182206269W,PRODUCT 1,64.5,2700.0,1. Urgente (Chatarra)
ES182198345O,PRODUCT 1,16.0,2700.0,1. Urgente (Chatarra)
ES182381136Y,PRODUCT 1,17.0,2700.0,1. Urgente (Chatarra)
ES182420966O,PRODUCT 1,17.0,2700.0,1. Urgente (Chatarra)
ES182146797E,PRODUCT 1,11.0,2700.0,2. Alta (Renovación)
ES182446962U,PRODUCT 2,16.0,2700.0,1. Urgente (Chatarra)
ES182144899A,PRODUCT 1,12.0,2700.0,2. Alta (Renovación)
ES182191046D,PRODUCT 1,15.0,2700.0,2. Alta (Renovación)
ES182403019W,PRODUCT 2,64.0,2700.0,1. Urgente (Chatarra)
ES182396467M,PRODUCT 1,12.0,2700.0,2. Alta (Renovación)
ES182375548U,PRODUCT 1,12.0,2700.0,2. Alta (Renovación)
ES182263034Z,PRODUCT 1,12.0,2700.0,2. Alta (Renovación)
ES182431515Z,PRODUCT 1,29.0,2700.0,1. Urgente (Chatarra)
ES182196415T,PRODUCT 1,12.0,2700.0,2. Alta (Renovación)
ES182175278K,PRODUCT 1,15.0,2700.0,2. Alta (Renovación)
ES182376297J,PRODUCT 2,11.0,2700.0,2. Alta (Renovación)
ES182211153H,PRODUCT 1,16.0,2700.0,1. Urgente (Chatarra)
ES182224543I,PRODUCT 2,10.0,2700.0,2. Alta (Renovación)
ES182451492B,PRODUCT 1,10.0,2700.0,2. Alta (Renovación)
ES182287191Z,PRODUCT 1,16.0,2700.0,1. Urgente (Chatarra)
ES182243542G,PRODUCT 1,16.0,2700.0,1. Urgente (Chatarra)
ES182187951G,PRODUCT 1,11.0,2700.0,2. Alta (Renovación)
ES182230305Y,PRODUCT 1,10.0,2700.0,2. Alta (Renovación)
ES182199895T,PRODUCT 1,12.0,2700.0,2. Alta (Renovación)
ES182455541W,PRODUCT 1,31.0,2700.0,1. Urgente (Chatarra)
ES182301719L,PRODUCT 1,18.0,2700.0,1. Urgente (Chatarra)
ES182339967I,PRODUCT 1,24.0,2700.0,1. Urgente (Chatarra)
ES182244599D,PRODUCT 1,13.0,2700.0,2. Alta (Renovación)
ES182444642N,PRODUCT 1,18.0,2700.0,1. Urgente (Chatarra)
ES182303756T,PRODUCT 1,14.0,2700.0,2. Alta (Renovación)
ES182236470E,PRODUCT 1,10.0,2700.0,2. Alta (Renovación)
ES182227967K,PRODUCT 1,18.0,2700.0,1. Urgente (Chatarra)
ES182252321H,PRODUCT 1,19.0,2700.0,1. Urgente (Chatarra)
ES182229629C,PRODUCT 1,21.0,2700.0,1. Urgente (Chatarra)
ES182344539G,PRODUCT 1,13.0,2700.0,2. Alta (Renovación)
ES182107096N,PRODUCT 1,18.0,2700.0,1. Urgente (Chatarra)
ES182451458K,PRODUCT 1,15.0,2700.0,2. Alta (Renovación)
ES182322593R,PRODUCT 1,11.0,2700.0,2. Alta (Renovación)
ES182223531Y,PRODUCT 1,11.0,2700.0,2. Alta (Renovación)
ES182287720W,PRODUCT 1,30.0,2700.0,1. Urgente (Chatarra)
ES182177400B,PRODUCT 1,18.0,2700.0,1. Urgente (Chatarra)
ES182447864Q,PRODUCT 1,21.0,2700.0,1. Urgente (Chatarra)
ES182151376R,PRODUCT 1,22.0,2700.0,1. Urgente (Chatarra)
ES182387032U,PRODUCT 1,13.0,2700.0,2. Alta (Renovación)
ES182406561Q,PRODUCT 2,15.0,2700.0,2. Alta (Renovación)
ES182437627R,PRODUCT 1,19.0,2700.0,1. Urgente (Chatarra)
ES182258479V,PRODUCT 1,11.0,2700.0,2. Alta (Renovación)
ES182274744E,PRODUCT 1,12.0,2700.0,2. Alta (Renovación)
ES182198252W,PRODUCT 1,21.0,2700.0,1. Urgente (Chatarra)
ES182194719C,PRODUCT 1,14.0,2700.0,2. Alta (Renovación)
ES182228266Q,PRODUCT 1,21.0,2700.0,1. Urgente (Chatarra)
ES182362001G,PRODUCT 1,11.0,2700.0,2. Alta (Renovación)
ES182356634L,PRODUCT 1,15.0,2700.0,2. Alta (Renovación)
ES182423640P,PRODUCT 1,30.0,2700.0,1. Urgente (Chatarra)
ES182450293F,PRODUCT 1,14.0,2700.0,2. Alta (Renovación)
ES182331567T,PRODUCT 1,18.0,2700.0,1. Urgente (Chatarra)
ES182223072E,PRODUCT 1,13.0,2700.0,2. Alta (Renovación)
ES182158279S,PRODUCT 1,14.0,2700.0,2. Alta (Renovación)
ES182300579E,PRODUCT 1,10.0,2700.0,2. Alta (Renovación)
ES182393458H,PRODUCT 1,33.0,2700.0,1. Urgente (Chatarra)
ES182246540R,PRODUCT 1,24.0,2700.0,1. Urgente (Chatarra)
ES182375252T,PRODUCT 1,42.0,2700.0,1. Urgente (Chatarra)
ES182251760X,PRODUCT 2,12.0,2700.0,2. Alta (Renovación)
ES182337801S,PRODUCT 1,32.0,2700.0,1. Urgente (Chatarra)
ES182191089B,PRODUCT 1,22.0,2700.0,1. Urgente (Chatarra)
ES182182576B,PRODUCT 2,22.0,2700.0,1. Urgente (Chatarra)
ES182197938A,PRODUCT 1,18.0,2700.0,1. Urgente (Chatarra)
ES182352294W,PRODUCT 1,28.0,2700.0,1. Urgente (Chatarra)
ES182399636A,PRODUCT 1,15.0,2700.0,2. Alta (Renovación)
ES182159534A,PRODUCT 1,18.0,2700.0,1. Urgente (Chatarra)
ES182118607K,PRODUCT 1,16.0,2700.0,1. Urgente (Chatarra)
ES182122010X,PRODUCT 1,11.0,2700.0,2. Alta (Renovación)
ES182331587K,PRODUCT 1,12.0,2700.0,2. Alta (Renovación)
ES182263618U,PRODUCT 1,11.0,2700.0,2. Alta (Renovación)
ES182267997Z,PRODUCT 1,64.5,2700.0,1. Urgente (Chatarra)
ES182111100O,PRODUCT 1,11.0,2700.0,2. Alta (Renovación)
ES182255273G,PRODUCT 1,15.0,2700.0,2. Alta (Renovación)
ES182216837U,PRODUCT 1,13.0,2700.0,2. Alta (Renovación)
ES182256166U,PRODUCT 1,17.0,2700.0,1. Urgente (Chatarra)
ES182127085A,PRODUCT 1,11.0,2700.0,2. Alta (Renovación)
ES182327292V,PRODUCT 1,10.0,2700.0,2. Alta (Renovación)
ES182423296F,PRODUCT 1,11.0,2700.0,2. Alta (Renovación)
ES182182591V,PRODUCT 1,15.0,2700.0,2. Alta (Renovación)
ES182250490O,PRODUCT 1,11.0,2700.0,2. Alta (Renovación)
ES182363342T,PRODUCT 1,14.0,2700.0,2. Alta (Renovación)
ES182454136Y,PRODUCT 1,25.0,2700.0,1. Urgente (Chatarra)
ES182198952N,PRODUCT 1,64.0,2700.0,1. Urgente (Chatarra)
ES182117474Q,PRODUCT 1,16.0,2700.0,1. Urgente (Chatarra)
ES182257069M,PRODUCT 1,15.0,2700.0,2. Alta (Renovación)
ES182223574Z,PRODUCT 1,24.0,2700.0,1. Urgente (Chatarra)
ES182181626T,PRODUCT 1,64.5,2700.0,1. Urgente (Chatarra)
ES182103490R,PRODUCT 1,12.0,2700.0,2. Alta (Renovación)
ES182211006S,PRODUCT 1,24.0,2700.0,1. Urgente (Chatarra)
ES182426570B,PRODUCT 1,64.0,2700.0,1. Urgente (Chatarra)
ES182395891Q,PRODUCT 1,16.0,2700.0,1. Urgente (Chatarra)
ES182149975T,PRODUCT 1,24.0,2700.0,1. Urgente (Chatarra)
ES182181948K,PRODUCT 2,10.0,2700.0,2. Alta (Renovación)
ES182281393W,PRODUCT 1,16.0,2700.0,1. Urgente (Chatarra)
ES182149699B,PRODUCT 1,16.0,2700.0,1. Urgente (Chatarra)
ES182152243W,PRODUCT 1,14.0,2700.0,2. Alta (Renovación)
ES182106183Q,PRODUCT 1,11.0,2700.0,2. Alta (Renovación)
ES182287602R,PRODUCT 1,14.0,2700.0,2. Alta (Renovación)
ES182282785W,PRODUCT 1,32.0,2700.0,1. Urgente (Chatarra)
ES182396061U,PRODUCT 1,13.0,2700.0,2. Alta (Renovación)
ES182116155E,PRODUCT 1,10.0,2700.0,2. Alta (Renovación)
ES182172027P,PRODUCT 1,16.0,2700.0,1. Urgente (Chatarra)
ES182454314E,PRODUCT 1,18.0,2700.0,1. Urgente (Chatarra)
ES182427321G,PRODUCT 1,17.0,2700.0,1. Urgente (Chatarra)
ES182362812K,PRODUCT 1,10.0,2700.0,2. Alta (Renovación)
ES182224279Y,PRODUCT 1,10.0,2700.0,2. Alta (Renovación)
ES182245307H,PRODUCT 1,21.0,2700.0,1. Urgente (Chatarra)
ES182266394H,PRODUCT 1,21.0,2700.0,1. Urgente (Chatarra)
ES182312349P,PRODUCT 1,19.0,2700.0,1. Urgente (Chatarra)
ES182421466D,PRODUCT 1,64.0,2700.0,1. Urgente (Chatarra)
ES182273800N,PRODUCT 1,11.0,2700.0,2. Alta (Renovación)
ES182310869Q,PRODUCT 1,10.0,2700.0,2. Alta (Renovación)
ES182379966H,PRODUCT 1,18.0,2700.0,1. Urgente (Chatarra)
ES182159863A,PRODUCT 1,25.0,2700.0,1. Urgente (Chatarra)
ES182392901C,PRODUCT 1,24.0,2700.0,1. Urgente (Chatarra)
ES182189787T,PRODUCT 2,10.0,2700.0,2. Alta (Renovación)
ES182228734E,PRODUCT 1,11.0,2700.0,2. Alta (Renovación)
ES182189913F,PRODUCT 1,10.0,2700.0,2. Alta (Renovación)
ES182226327H,PRODUCT 1,13.0,2700.0,2. Alta (Renovación)
ES182437270M,PRODUCT 1,16.0,2700.0,1. Urgente (Chatarra)
ES182126308A,PRODUCT 1,24.0,2700.0,1. Urgente (Chatarra)
ES182347475G,PRODUCT 1,21.0,2700.0,1. Urgente (Chatarra)
ES182333648B,PRODUCT 2,12.0,2700.0,2. Alta (Renovación)
ES182136570C,PRODUCT 1,10.0,2700.0,2. Alta (Renovación)
ES182332098I,PRODUCT 1,64.0,2700.0,1. Urgente (Chatarra)
ES182233486F,PRODUCT 1,16.0,2700.0,1. Urgente (Chatarra)
ES182381891Q,PRODUCT 1,27.0,2700.0,1. Urgente (Chatarra)
ES182228906D,PRODUCT 1,13.0,2700.0,2. Alta (Renovación)
ES182416236O,PRODUCT 2,20.0,2700.0,1. Urgente (Chatarra)
ES182145739F,PRODUCT 1,19.0,2700.0,1. Urgente (Chatarra)
ES182274593K,PRODUCT 1,12.0,2700.0,2. Alta (Renovación)
ES182440784X,PRODUCT 1,14.0,2700.0,2. Alta (Renovación)
ES182116869B,PRODUCT 1,12.0,2700.0,2. Alta (Renovación)
ES182370049U,PRODUCT 1,64.5,2700.0,1. Urgente (Chatarra)
ES182306290U,PRODUCT 1,64.0,2700.0,1. Urgente (Chatarra)
ES182222542C,PRODUCT 1,16.0,2700.0,1. Urgente (Chatarra)
ES182352472A,PRODUCT 1,21.0,2700.0,1. Urgente (Chatarra)
ES182220003M,PRODUCT 1,15.0,2700.0,2. Alta (Renovación)
ES182324133W,PRODUCT 1,20.0,2700.0,1. Urgente (Chatarra)
ES182318677H,PRODUCT 1,12.0,2700.0,2. Alta (Renovación)
ES182290108C,PRODUCT 1,13.0,2700.0,2. Alta (Renovación)
ES182386422E,PRODUCT 1,13.0,2700.0,2. Alta (Renovación)
ES182133105Y,PRODUCT 1,13.0,2700.0,2. Alta (Renovación)
ES182424465Z,PRODUCT 1,14.0,2700.0,2. Alta (Renovación)
ES182363848L,PRODUCT 1,18.0,2700.0,1. Urgente (Chatarra)
ES182252139W,PRODUCT 1,21.0,2700.0,1. Urgente (Chatarra)
ES182173559A,PRODUCT 1,10.0,2700.0,2. Alta (Renovación)
ES182128080H,PRODUCT 1,23.0,2700.0,1. Urgente (Chatarra)
ES182444776W,PRODUCT 1,11.0,2700.0,2. Alta (Renovación)
ES182372326S,PRODUCT 1,13.0,2700.0,2. Alta (Renovación)
ES182347715V,PRODUCT 2,23.0,2700.0,1. Urgente (Chatarra)
ES182192127G,PRODUCT 1,12.0,2700.0,2. Alta (Renovación)
ES182246967B,PRODUCT 1,10.0,2700.0,2. Alta (Renovación)
ES182232062V,PRODUCT 1,11.0,2700.0,2. Alta (Renovación)
ES182383085J,PRODUCT 1,14.0,2700.0,2. Alta (Renovación)
ES182177847S,PRODUCT 1,24.0,2700.0,1. Urgente (Chatarra)
ES182263706F,PRODUCT 1,64.0,2700.0,1. Urgente (Chatarra)
ES182113371X,PRODUCT 1,22.0,2700.0,1. Urgente (Chatarra)
ES182198344M,PRODUCT 1,16.0,2700.0,1. Urgente (Chatarra)
ES182291104L,PRODUCT 1,12.0,2700.0,2. Alta (Renovación)
ES182118179D,PRODUCT 1,26.0,2700.0,1. Urgente (Chatarra)
ES182432860E,PRODUCT 1,11.0,2700.0,2. Alta (Renovación)
ES182320197T,PRODUCT 1,12.0,2700.0,2. Alta (Renovación)
ES182247448O,PRODUCT 1,15.0,2700.0,2. Alta (Renovación)
ES182305089Y,PRODUCT 1,13.0,2700.0,2. Alta (Renovación)
ES182452217K,PRODUCT 1,10.0,2700.0,2. Alta (Renovación)
ES182159074L,PRODUCT 1,10.0,2700.0,2. Alta (Renovación)
ES182170887T,PRODUCT 1,19.0,2700.0,1. Urgente (Chatarra)
ES182210666B,PRODUCT 1,17.0,2700.0,1. Urgente (Chatarra)
ES182389389Y,PRODUCT 1,25.0,2700.0,1. Urgente (Chatarra)
ES182298840K,PRODUCT 1,22.0,2700.0,1. Urgente (Chatarra)
ES182422644J,PRODUCT 1,12.0,2700.0,2. Alta (Renovación)
ES182340512U,PRODUCT 1,17.0,2700.0,1. Urgente (Chatarra)
ES182338068W,PRODUCT 1,16.0,2700.0,1. Urgente (Chatarra)
ES182298273S,PRODUCT 1,16.0,2700.0,1. Urgente (Chatarra)
ES182186102Y,PRODUCT 1,23.0,2700.0,1. Urgente (Chatarra)
ES182186287Q,PRODUCT 2,18.0,2700.0,1. Urgente (Chatarra)
ES182230489K,PRODUCT 1,13.0,2700.0,2. Alta (Renovación)
ES182281988K,PRODUCT 1,11.0,2700.0,2. Alta (Renovación)
ES182243361K,PRODUCT 1,20.0,2700.0,1. Urgente (Chatarra)
ES182364616M,PRODUCT 1,15.0,2700.0,2. Alta (Renovación)
ES182289942D,PRODUCT 1,11.0,2700.0,2. Alta (Renovación)
ES182288196C,PRODUCT 1,18.0,2700.0,1. Urgente (Chatarra)
ES182368839R,PRODUCT 1,14.0,2700.0,2. Alta (Renovación)
ES182431813L,PRODUCT 1,13.0,2700.0,2. Alta (Renovación)
ES182396259G,PRODUCT 1,18.0,2700.0,1. Urgente (Chatarra)
ES182200677Q,PRODUCT 1,32.0,2700.0,1. Urgente (Chatarra)
ES182341457U,PRODUCT 1,14.0,2700.0,2. Alta (Renovación)
ES182179897C,PRODUCT 1,10.0,2700.0,2. Alta (Renovación)
ES182344932U,PRODUCT 1,23.0,2700.0,1. Urgente (Chatarra)
ES182274592J,PRODUCT 1,22.0,2700.0,1. Urgente (Chatarra)
ES182454201M,PRODUCT 1,13.0,2700.0,2. Alta (Renovación)
ES182389297V,PRODUCT 2,24.0,2700.0,1. Urgente (Chatarra)
ES182312136A,PRODUCT 1,10.0,2700.0,2. Alta (Renovación)
ES182398880G,PRODUCT 1,11.0,2700.0,2. Alta (Renovación)
ES182306734D,PRODUCT 1,14.0,2700.0,2. Alta (Renovación)
ES182386670Q,PRODUCT 1,15.0,2700.0,2. Alta (Renovación)
ES182350253A,PRODUCT 1,13.0,2700.0,2. Alta (Renovación)
ES182141156A,PRODUCT 1,11.0,2700.0,2. Alta (Renovación)
ES182189678E,PRODUCT 1,10.0,2700.0,2. Alta (Renovación)
ES182173450O,PRODUCT 1,14.0,2700.0,2. Alta (Renovación)
ES182335777X,PRODUCT 1,12.0,2700.0,2. Alta (Renovación)
ES182277841P,PRODUCT 1,16.0,2700.0,1. Urgente (Chatarra)
ES182309290I,PRODUCT 1,10.0,2700.0,2. Alta (Renovación)
ES182186975Y,PRODUCT 1,64.0,2700.0,1. Urgente (Chatarra)
ES182373774F,PRODUCT 1,15.0,2700.0,2. Alta (Renovación)
ES182441568Q,PRODUCT 1,12.0,2700.0,2. Alta (Renovación)
ES182175446X,PRODUCT 1,12.0,2700.0,2. Alta (Renovación)
ES182146717E,PRODUCT 1,22.0,2700.0,1. Urgente (Chatarra)
ES182145953Y,PRODUCT 1,15.0,2700.0,2. Alta (Renovación)
ES182165343V,PRODUCT 1,15.0,2700.0,2. Alta (Renovación)
ES182179284K,PRODUCT 1,11.0,2700.0,2. Alta (Renovación)
ES182289259Z,PRODUCT 1,16.0,2700.0,1. Urgente (Chatarra)
ES182164139P,PRODUCT 1,23.0,2700.0,1. Urgente (Chatarra)
ES182157625S,PRODUCT 1,13.0,2700.0,2. Alta (Renovación)
ES182133966P,PRODUCT 1,13.0,2700.0,2. Alta (Renovación)
ES182364269P,PRODUCT 1,20.0,2700.0,1. Urgente (Chatarra)
ES182300764H,PRODUCT 1,44.0,2700.0,1. Urgente (Chatarra)
ES182332685K,PRODUCT 1,14.0,2700.0,2. Alta (Renovación)
ES182452954Y,PRODUCT 1,11.0,2700.0,2. Alta (Renovación)
ES182182177K,PRODUCT 1,10.0,2700.0,2. Alta (Renovación)
ES182425359U,PRODUCT 1,22.0,2700.0,1. Urgente (Chatarra)
ES182296028K,PRODUCT 1,19.0,2700.0,1. Urgente (Chatarra)
ES182360560T,PRODUCT 1,15.0,2700.0,2. Alta (Renovación)
ES182209754E,PRODUCT 2,14.0,2700.0,2. Alta (Renovación)
ES182216308K,PRODUCT 1,16.0,2700.0,1. Urgente (Chatarra)
ES182363701Y,PRODUCT 1,19.0,2700.0,1. Urgente (Chatarra)
ES182146693R,PRODUCT 1,12.0,2700.0,2. Alta (Renovación)
ES182445652D,PRODUCT 2,15.0,2700.0,2. Alta (Renovación)
ES182139557C,PRODUCT 1,20.0,2700.0,1. Urgente (Chatarra)
ES182346180F,PRODUCT 2,64.0,2700.0,1. Urgente (Chatarra)
ES182302528N,PRODUCT 1,34.0,2700.0,1. Urgente (Chatarra)
ES182419183A,PRODUCT 1,10.0,2700.0,2. Alta (Renovación)
ES182189109J,PRODUCT 1,21.0,2700.0,1. Urgente (Chatarra)
ES182225839I,PRODUCT 1,14.0,2700.0,2. Alta (Renovación)
ES182408544W,PRODUCT 1,10.0,2700.0,2. Alta (Renovación)
ES182218916E,PRODUCT 1,18.0,2700.0,1. Urgente (Chatarra)
ES182265426E,PRODUCT 1,16.0,2700.0,1. Urgente (Chatarra)
ES182187308P,PRODUCT 1,64.0,2700.0,1. Urgente (Chatarra)
ES182326535S,PRODUCT 1,13.0,2700.0,2. Alta (Renovación)
ES182299324C,PRODUCT 1,13.0,2700.0,2. Alta (Renovación)
ES182364510X,PRODUCT 1,12.0,2700.0,2. Alta (Renovación)
ES182167303N,PRODUCT 1,11.0,2700.0,2. Alta (Renovación)
ES182115780N,PRODUCT 1,27.0,2700.0,1. Urgente (Chatarra)
ES182410991Y,PRODUCT 1,32.0,2700.0,1. Urgente (Chatarra)
ES182412105J,PRODUCT 1,14.0,2700.0,2. Alta (Renovación)
ES182131332R,PRODUCT 2,16.0,2700.0,1. Urgente (Chatarra)
ES182134653V,PRODUCT 1,17.0,2700.0,1. Urgente (Chatarra)
ES182105341Q,PRODUCT 1,11.0,2700.0,2. Alta (Renovación)
ES182260838I,PRODUCT 1,27.0,2700.0,1. Urgente (Chatarra)
ES182332068W,PRODUCT 1,64.5,2700.0,1. Urgente (Chatarra)
ES182403299E,PRODUCT 1,11.0,2700.0,2. Alta (Renovación)
ES182123458V,PRODUCT 1,14.0,2700.0,2. Alta (Renovación)
ES182401677C,PRODUCT 1,14.0,2700.0,2. Alta (Renovación)
ES182399206R,PRODUCT 1,13.0,2700.0,2. Alta (Renovación)
ES182300743C,PRODUCT 1,28.0,2700.0,1. Urgente (Chatarra)
ES182178655J,PRODUCT 1,23.0,2700.0,1. Urgente (Chatarra)
ES182129084V,PRODUCT 1,20.0,2700.0,1. Urgente (Chatarra)
ES182428866C,PRODUCT 1,19.0,2700.0,1. Urgente (Chatarra)
ES182452729K,PRODUCT 1,25.0,2700.0,1. Urgente (Chatarra)
ES182146329Z,PRODUCT 2,20.0,2700.0,1. Urgente (Chatarra)
ES182130610I,PRODUCT 1,17.0,2700.0,1. Urgente (Chatarra)
ES182105701O,PRODUCT 1,13.0,2700.0,2. Alta (Renovación)
ES182371447M,PRODUCT 1,14.0,2700.0,2. Alta (Renovación)
ES182133303X,PRODUCT 1,20.0,2700.0,1. Urgente (Chatarra)
ES182181530S,PRODUCT 1,11.0,2700.0,2. Alta (Renovación)
ES182253246Q,PRODUCT 1,14.0,2700.0,2. Alta (Renovación)
ES182306770G,PRODUCT 1,14.0,2700.0,2. Alta (Renovación)
ES182212348I,PRODUCT 1,26.0,2700.0,1. Urgente (Chatarra)
ES182274875I,PRODUCT 1,20.0,2700.0,1. Urgente (Chatarra)
ES182294790I,PRODUCT 1,15.0,2700.0,2. Alta (Renovación)
ES182139471X,PRODUCT 1,16.0,2700.0,1. Urgente (Chatarra)
ES182404430M,PRODUCT 1,26.0,2700.0,1. Urgente (Chatarra)
ES182448499J,PRODUCT 1,21.0,2700.0,1. Urgente (Chatarra)
ES182212918P,PRODUCT 1,18.0,2700.0,1. Urgente (Chatarra)
ES182120902M,PRODUCT 1,16.0,2700.0,1. Urgente (Chatarra)
ES182162453U,PRODUCT 1,26.0,2700.0,1. Urgente (Chatarra)
ES182305600N,PRODUCT 1,10.0,2700.0,2. Alta (Renovación)
ES182113185V,PRODUCT 1,23.0,2700.0,1. Urgente (Chatarra)
ES182225142D,PRODUCT 1,14.0,2700.0,2. Alta (Renovación)
ES182237934C,PRODUCT 2,13.0,2700.0,2. Alta (Renovación)
ES182331689L,PRODUCT 2,13.0,2700.0,2. Alta (Renovación)
ES182401922Q,PRODUCT 1,13.0,2700.0,2. Alta (Renovación)
ES182229070F,PRODUCT 1,13.0,2700.0,2. Alta (Renovación)
ES182189675G,PRODUCT 1,16.0,2700.0,1. Urgente (Chatarra)
ES182130034Z,PRODUCT 1,17.0,2700.0,1. Urgente (Chatarra)
ES182385526S,PRODUCT 1,17.0,2700.0,1. Urgente (Chatarra)
ES182111971P,PRODUCT 1,10.0,2700.0,2. Alta (Renovación)
ES182402337O,PRODUCT 1,13.0,2700.0,2. Alta (Renovación)
ES182236918X,PRODUCT 1,15.0,2700.0,2. Alta (Renovación)
ES182302599R,PRODUCT 1,10.0,2700.0,2. Alta (Renovación)
ES182442618F,PRODUCT 1,12.0,2700.0,2. Alta (Renovación)
ES182281999Y,PRODUCT 1,10.0,2700.0,2. Alta (Renovación)
ES182133280L,PRODUCT 1,12.0,2700.0,2. Alta (Renovación)
ES182198215I,PRODUCT 1,18.0,2700.0,1. Urgente (Chatarra)
ES182120100U,PRODUCT 1,12.0,2700.0,2. Alta (Renovación)
ES182429428N,PRODUCT 1,19.0,2700.0,1. Urgente (Chatarra)
ES182297048U,PRODUCT 1,10.0,2700.0,2. Alta (Renovación)
ES182217027E,PRODUCT 1,18.0,2700.0,1. Urgente (Chatarra)
ES182341677C,PRODUCT 1,14.0,2700.0,2. Alta (Renovación)
ES182204862C,PRODUCT 1,12.0,2700.0,2. Alta (Renovación)
ES182131830V,PRODUCT 1,16.0,2700.0,1. Urgente (Chatarra)
ES182348506R,PRODUCT 1,16.0,2700.0,1. Urgente (Chatarra)
ES182190212U,PRODUCT 1,16.0,2700.0,1. Urgente (Chatarra)
ES182294310B,PRODUCT 1,15.0,2700.0,2. Alta (Renovación)
ES182124031P,PRODUCT 1,15.0,2700.0,2. Alta (Renovación)
ES182108393I,PRODUCT 1,64.5,2700.0,1. Urgente (Chatarra)
ES182306334R,PRODUCT 1,36.0,2700.0,1. Urgente (Chatarra)
ES182267813Z,PRODUCT 1,11.0,2700.0,2. Alta (Renovación)
ES182182702I,PRODUCT 1,10.0,2700.0,2. Alta (Renovación)
ES182291886Q,PRODUCT 1,10.0,2700.0,2. Alta (Renovación)
ES182174191P,PRODUCT 1,14.0,2700.0,2. Alta (Renovación)
ES182349001V,PRODUCT 1,13.0,2700.0,2. Alta (Renovación)
ES182197309I,PRODUCT 1,21.0,2700.0,1. Urgente (Chatarra)
ES182403785N,PRODUCT 1,10.0,2700.0,2. Alta (Renovación)
ES182212416O,PRODUCT 1,20.0,2700.0,1. Urgente (Chatarra)
ES182247387S,PRODUCT 1,13.0,2700.0,2. Alta (Renovación)
ES182433940S,PRODUCT 1,35.0,2700.0,1. Urgente (Chatarra)
ES182361057L,PRODUCT 1,64.0,2700.0,1. Urgente (Chatarra)
ES182329309P,PRODUCT 1,14.0,2700.0,2. Alta (Renovación)
ES182387470Z,PRODUCT 1,27.0,2700.0,1. Urgente (Chatarra)
ES182251670R,PRODUCT 1,15.0,2700.0,2. Alta (Renovación)
ES182159733M,PRODUCT 1,18.0,2700.0,1. Urgente (Chatarra)
ES182332688W,PRODUCT 1,11.0,2700.0,2. Alta (Renovación)
ES182133066U,PRODUCT 1,17.0,2700.0,1. Urgente (Chatarra)
ES182387943P,PRODUCT 1,13.0,2700.0,2. Alta (Renovación)
ES182218233V,PRODUCT 1,19.0,2700.0,1. Urgente (Chatarra)
ES182330793N,PRODUCT 1,17.0,2700.0,1. Urgente (Chatarra)
ES182263100O,PRODUCT 1,10.0,2700.0,2. Alta (Renovación)
ES182371812S,PRODUCT 1,14.0,2700.0,2. Alta (Renovación)
ES182265190F,PRODUCT 1,64.0,2700.0,1. Urgente (Chatarra)
ES182235585V,PRODUCT 1,23.0,2700.0,1. Urgente (Chatarra)
ES182312153N,PRODUCT 1,13.0,2700.0,2. Alta (Renovación)
ES182338573Y,PRODUCT 1,19.0,2700.0,1. Urgente (Chatarra)
ES182350814F,PRODUCT 1,16.0,2700.0,1. Urgente (Chatarra)
ES182275603L,PRODUCT 1,10.0,2700.0,2. Alta (Renovación)
ES182399870U,PRODUCT 1,16.0,2700.0,1. Urgente (Chatarra)
ES182354780D,PRODUCT 1,22.0,2700.0,1. Urgente (Chatarra)
ES182194301M,PRODUCT 1,64.0,2700.0,1. Urgente (Chatarra)
ES182334348J,PRODUCT 1,14.0,2700.0,2. Alta (Renovación)
ES182363690P,PRODUCT 1,15.0,2700.0,2. Alta (Renovación)
ES182199664R,PRODUCT 1,14.0,2700.0,2. Alta (Renovación)
ES182111247Q,PRODUCT 1,25.0,2700.0,1. Urgente (Chatarra)
ES182177745I,PRODUCT 2,11.0,2700.0,2. Alta (Renovación)
ES182297607Q,PRODUCT 1,12.0,2700.0,2. Alta (Renovación)
ES182341301I,PRODUCT 1,16.0,2700.0,1. Urgente (Chatarra)
ES182355931K,PRODUCT 1,17.0,2700.0,1. Urgente (Chatarra)
ES182446045M,PRODUCT 1,16.0,2700.0,1. Urgente (Chatarra)
ES182157496A,PRODUCT 1,18.0,2700.0,1. Urgente (Chatarra)
ES182180588G,PRODUCT 1,10.0,2700.0,2. Alta (Renovación)
ES182239640U,PRODUCT 2,14.0,2700.0,2. Alta (Renovación)
ES182213738K,PRODUCT 1,19.0,2700.0,1. Urgente (Chatarra)
ES182294259M,PRODUCT 1,27.0,2700.0,1. Urgente (Chatarra)
ES182355682G,PRODUCT 2,11.0,2700.0,2. Alta (Renovación)
ES182195335L,PRODUCT 1,10.0,2700.0,2. Alta (Renovación)
ES182435158D,PRODUCT 1,14.0,2700.0,2. Alta (Renovación)
ES182416630U,PRODUCT 1,11.0,2700.0,2. Alta (Renovación)
ES182390430L,PRODUCT 1,18.0,2700.0,1. Urgente (Chatarra)
ES182297400E,PRODUCT 1,10.0,2700.0,2. Alta (Renovación)
ES182407651S,PRODUCT 1,15.0,2700.0,2. Alta (Renovación)
ES182199576D,PRODUCT 2,19.0,2700.0,1. Urgente (Chatarra)
ES182345587M,PRODUCT 1,15.0,2700.0,2. Alta (Renovación)
ES182396086U,PRODUCT 1,13.0,2700.0,2. Alta (Renovación)
ES182283858T,PRODUCT 1,12.0,2700.0,2. Alta (Renovación)
ES182296038K,PRODUCT 2,13.0,2700.0,2. Alta (Renovación)
ES182191176D,PRODUCT 1,15.0,2700.0,2. Alta (Renovación)
ES182173817P,PRODUCT 1,12.0,2700.0,2. Alta (Renovación)
ES182235416U,PRODUCT 1,64.0,2700.0,1. Urgente (Chatarra)
ES182434262A,PRODUCT 1,12.0,2700.0,2. Alta (Renovación)
ES182317661K,PRODUCT 1,11.0,2700.0,2. Alta (Renovación)
ES182305469E,PRODUCT 1,64.0,2700.0,1. Urgente (Chatarra)
ES182210321E,PRODUCT 1,19.0,2700.0,1. Urgente (Chatarra)
ES182252456H,PRODUCT 1,13.0,2700.0,2. Alta (Renovación)
ES182334271Z,PRODUCT 1,11.0,2700.0,2. Alta (Renovación)
ES182252052A,PRODUCT 1,16.0,2700.0,1. Urgente (Chatarra)
ES182452961T,PRODUCT 1,10.0,2700.0,2. Alta (Renovación)
ES182191822G,PRODUCT 1,64.0,2700.0,1. Urgente (Chatarra)
ES182256053B,PRODUCT 1,10.0,2700.0,2. Alta (Renovación)
ES182446569A,PRODUCT 1,11.0,2700.0,2. Alta (Renovación)
ES182396291E,PRODUCT 2,13.0,2700.0,2. Alta (Renovación)
ES182384719V,PRODUCT 1,13.0,2700.0,2. Alta (Renovación)
ES182256056E,PRODUCT 1,16.0,2700.0,1. Urgente (Chatarra)
ES182278887D,PRODUCT 1,64.5,2700.0,1. Urgente (Chatarra)
ES182292826D,PRODUCT 1,19.0,2700.0,1. Urgente (Chatarra)
ES182255059L,PRODUCT 1,17.0,2700.0,1. Urgente (Chatarra)
ES182285446E,PRODUCT 1,12.0,2700.0,2. Alta (Renovación)
ES182406580R,PRODUCT 2,14.0,2700.0,2. Alta (Renovación)
ES182330830H,PRODUCT 1,17.0,2700.0,1. Urgente (Chatarra)
ES182121136X,PRODUCT 1,16.0,2700.0,1. Urgente (Chatarra)
ES182148959U,PRODUCT 1,15.0,2700.0,2. Alta (Renovación)
ES182420852N,PRODUCT 1,13.0,2700.0,2. Alta (Renovación)
ES182447903N,PRODUCT 2,14.0,2700.0,2. Alta (Renovación)
ES182359254Q,PRODUCT 1,19.0,2700.0,1. Urgente (Chatarra)
ES182120620F,PRODUCT 1,14.0,2700.0,2. Alta (Renovación)
ES182303598V,PRODUCT 1,16.0,2700.0,1. Urgente (Chatarra)
ES182138657D,PRODUCT 1,13.0,2700.0,2. Alta (Renovación)
ES182163879F,PRODUCT 1,10.0,2700.0,2. Alta (Renovación)
ES182233661O,PRODUCT 1,13.0,2700.0,2. Alta (Renovación)
ES182245657E,PRODUCT 1,19.0,2700.0,1. Urgente (Chatarra)
ES182362625C,PRODUCT 1,13.0,2700.0,2. Alta (Renovación)
ES182356484M,PRODUCT 1,32.0,2700.0,1. Urgente (Chatarra)
ES182163363O,PRODUCT 1,11.0,2700.0,2. Alta (Renovación)
ES182270769N,PRODUCT 1,25.0,2700.0,1. Urgente (Chatarra)
ES182424094R,PRODUCT 1,10.0,2700.0,2. Alta (Renovación)
ES182391785V,PRODUCT 1,64.0,2700.0,1. Urgente (Chatarra)
ES182198994G,PRODUCT 1,16.0,2700.0,1. Urgente (Chatarra)
ES182293395P,PRODUCT 1,23.0,2700.0,1. Urgente (Chatarra)
ES182135371Z,PRODUCT 1,64.0,2700.0,1. Urgente (Chatarra)
ES182140710B,PRODUCT 1,17.0,2700.0,1. Urgente (Chatarra)
ES182374670I,PRODUCT 1,10.0,2700.0,2. Alta (Renovación)
ES182214982Q,PRODUCT 1,15.0,2700.0,2. Alta (Renovación)
ES182345919V,PRODUCT 1,15.0,2700.0,2. Alta (Renovación)
ES182329610K,PRODUCT 2,19.0,2700.0,1. Urgente (Chatarra)
ES182359803J,PRODUCT 1,15.0,2700.0,2. Alta (Renovación)
ES182334411T,PRODUCT 1,15.0,2700.0,2. Alta (Renovación)
ES182428097F,PRODUCT 1,14.0,2700.0,2. Alta (Renovación)
ES182135842W,PRODUCT 1,21.0,2700.0,1. Urgente (Chatarra)
ES182118003B,PRODUCT 1,14.0,2700.0,2. Alta (Renovación)
ES182124267E,PRODUCT 1,10.0,2700.0,2. Alta (Renovación)
ES182216911F,PRODUCT 1,15.0,2700.0,2. Alta (Renovación)
ES182353263G,PRODUCT 1,14.0,2700.0,2. Alta (Renovación)
ES182323544H,PRODUCT 1,10.0,2700.0,2. Alta (Renovación)
ES182420127X,PRODUCT 1,13.0,2700.0,2. Alta (Renovación)
ES182148713P,PRODUCT 1,20.0,2700.0,1. Urgente (Chatarra)
ES182313986R,PRODUCT 1,13.0,2700.0,2. Alta (Renovación)
ES182155543B,PRODUCT 1,29.0,2700.0,1. Urgente (Chatarra)
ES182304930Y,PRODUCT 1,12.0,2700.0,2. Alta (Renovación)
ES182150586H,PRODUCT 1,10.0,2700.0,2. Alta (Renovación)
ES182306032E,PRODUCT 1,11.0,2700.0,2. Alta (Renovación)
ES182126654T,PRODUCT 2,21.0,2700.0,1. Urgente (Chatarra)
ES182375888O,PRODUCT 2,13.0,2700.0,2. Alta (Renovación)
ES182269808U,PRODUCT 2,20.0,2700.0,1. Urgente (Chatarra)
ES182367897L,PRODUCT 2,26.0,2700.0,1. Urgente (Chatarra)
ES182282098V,PRODUCT 1,16.0,2700.0,1. Urgente (Chatarra)
ES182435634X,PRODUCT 2,18.0,2700.0,1. Urgente (Chatarra)
ES182226582B,PRODUCT 1,16.0,2700.0,1. Urgente (Chatarra)
ES182312419N,PRODUCT 1,19.0,2700.0,1. Urgente (Chatarra)
ES182344765J,PRODUCT 1,26.0,2700.0,1. Urgente (Chatarra)
ES182425327M,PRODUCT 1,18.0,2700.0,1. Urgente (Chatarra)
ES182279723K,PRODUCT 1,17.0,2700.0,1. Urgente (Chatarra)
ES182270511I,PRODUCT 1,26.0,2700.0,1. Urgente (Chatarra)
ES182254276O,PRODUCT 1,19.0,2700.0,1. Urgente (Chatarra)
ES182438841P,PRODUCT 1,14.0,2700.0,2. Alta (Renovación)
ES182364631I,PRODUCT 1,27.0,2700.0,1. Urgente (Chatarra)
ES182401836Z,PRODUCT 1,14.0,2700.0,2. Alta (Renovación)
ES182179175N,PRODUCT 1,12.0,2700.0,2. Alta (Renovación)
ES182331403F,PRODUCT 1,12.0,2700.0,2. Alta (Renovación)
ES182364688M,PRODUCT 1,11.0,2700.0,2. Alta (Renovación)
ES182319846A,PRODUCT 2,13.0,2700.0,2. Alta (Renovación)
ES182156078O,PRODUCT 1,64.5,2700.0,1. Urgente (Chatarra)
ES182196139A,PRODUCT 1,16.0,2700.0,1. Urgente (Chatarra)
ES182300401F,PRODUCT 1,20.0,2700.0,1. Urgente (Chatarra)
ES182190759C,PRODUCT 1,13.0,2700.0,2. Alta (Renovación)
ES182268358A,PRODUCT 1,19.0,2700.0,1. Urgente (Chatarra)
ES182261513S,PRODUCT 1,13.0,2700.0,2. Alta (Renovación)
ES182303029X,PRODUCT 1,15.0,2700.0,2. Alta (Renovación)
ES182376238Y,PRODUCT 1,12.0,2700.0,2. Alta (Renovación)
ES182345034N,PRODUCT 1,19.0,2700.0,1. Urgente (Chatarra)
ES182437508R,PRODUCT 1,12.0,2700.0,2. Alta (Renovación)
ES182395474E,PRODUCT 1,16.0,2700.0,1. Urgente (Chatarra)
ES182225992R,PRODUCT 1,21.0,2700.0,1. Urgente (Chatarra)
ES182201416I,PRODUCT 2,13.0,2700.0,2. Alta (Renovación)
ES182191695B,PRODUCT 1,14.0,2700.0,2. Alta (Renovación)
ES182230831G,PRODUCT 1,25.0,2700.0,1. Urgente (Chatarra)
ES182433597M,PRODUCT 1,17.0,2700.0,1. Urgente (Chatarra)
ES182359053X,PRODUCT 1,13.0,2700.0,2. Alta (Renovación)
ES182305041U,PRODUCT 1,15.0,2700.0,2. Alta (Renovación)
ES182415043V,PRODUCT 1,17.0,2700.0,1. Urgente (Chatarra)
ES182393289X,PRODUCT 1,13.0,2700.0,2. Alta (Renovación)
ES182196818D,PRODUCT 1,23.0,2700.0,1. Urgente (Chatarra)
ES182171383G,PRODUCT 1,11.0,2700.0,2. Alta (Renovación)
ES182414018N,PRODUCT 1,28.0,2700.0,1. Urgente (Chatarra)
ES182293709C,PRODUCT 1,13.0,2700.0,2. Alta (Renovación)
ES182417790F,PRODUCT 1,15.0,2700.0,2. Alta (Renovación)
ES182399351T,PRODUCT 1,12.0,2700.0,2. Alta (Renovación)
ES182108909G,PRODUCT 1,11.0,2700.0,2. Alta (Renovación)
ES182194676S,PRODUCT 1,14.0,2700.0,2. Alta (Renovación)
ES182251226R,PRODUCT 1,14.0,2700.0,2. Alta (Renovación)
ES182385429P,PRODUCT 1,17.0,2700.0,1. Urgente (Chatarra)
ES182185052D,PRODUCT 1,21.0,2700.0,1. Urgente (Chatarra)
ES182194032G,PRODUCT 1,21.0,2700.0,1. Urgente (Chatarra)
ES182213994N,PRODUCT 2,14.0,2700.0,2. Alta (Renovación)
ES182102934X,PRODUCT 1,13.0,2700.0,2. Alta (Renovación)
ES182215126J,PRODUCT 1,25.0,2700.0,1. Urgente (Chatarra)
ES182289163W,PRODUCT 1,15.0,2700.0,2. Alta (Renovación)
ES182189410Z,PRODUCT 1,28.0,2700.0,1. Urgente (Chatarra)
ES182280104O,PRODUCT 1,11.0,2700.0,2. Alta (Renovación)
ES182180077S,PRODUCT 1,14.0,2700.0,2. Alta (Renovación)
ES182229971B,PRODUCT 1,12.0,2700.0,2. Alta (Renovación)
ES182121969D,PRODUCT 1,18.0,2700.0,1. Urgente (Chatarra)
ES182319503W,PRODUCT 1,17.0,2700.0,1. Urgente (Chatarra)
ES182447580N,PRODUCT 1,15.0,2700.0,2. Alta (Renovación)
ES182158257J,PRODUCT 1,22.0,2700.0,1. Urgente (Chatarra)
ES182421725M,PRODUCT 1,18.0,2700.0,1. Urgente (Chatarra)
ES182378416H,PRODUCT 1,15.0,2700.0,2. Alta (Renovación)
ES182274202G,PRODUCT 1,12.0,2700.0,2. Alta (Renovación)
ES182230776A,PRODUCT 1,10.0,2700.0,2. Alta (Renovación)
ES182441241U,PRODUCT 1,11.0,2700.0,2. Alta (Renovación)
ES182216449D,PRODUCT 1,21.0,2700.0,1. Urgente (Chatarra)
ES182332535B,PRODUCT 1,16.0,2700.0,1. Urgente (Chatarra)
ES182157705F,PRODUCT 1,25.0,2700.0,1. Urgente (Chatarra)
ES182278749X,PRODUCT 1,13.0,2700.0,2. Alta (Renovación)
ES182439354U,PRODUCT 1,14.0,2700.0,2. Alta (Renovación)
ES182372311E,PRODUCT 1,13.0,2700.0,2. Alta (Renovación)
ES182191165C,PRODUCT 1,23.0,2700.0,1. Urgente (Chatarra)
ES182166865Q,PRODUCT 1,12.0,2700.0,2. Alta (Renovación)
ES182191270N,PRODUCT 1,19.0,2700.0,1. Urgente (Chatarra)
ES182434674A,PRODUCT 1,14.0,2700.0,2. Alta (Renovación)
ES182315398S,PRODUCT 1,11.0,2700.0,2. Alta (Renovación)
ES182392764J,PRODUCT 1,10.0,2700.0,2. Alta (Renovación)
ES182392248Y,PRODUCT 1,10.0,2700.0,2. Alta (Renovación)
ES182117226D,PRODUCT 1,16.0,2700.0,1. Urgente (Chatarra)
ES182295215L,PRODUCT 1,26.0,2700.0,1. Urgente (Chatarra)
ES182181915P,PRODUCT 1,15.0,2700.0,2. Alta (Renovación)
ES182107776N,PRODUCT 1,14.0,2700.0,2. Alta (Renovación)
ES182383258S,PRODUCT 1,10.0,2700.0,2. Alta (Renovación)
ES182247790V,PRODUCT 1,11.0,2700.0,2. Alta (Renovación)
ES182104999F,PRODUCT 2,16.0,2700.0,1. Urgente (Chatarra)
ES182225603B,PRODUCT 1,15.0,2700.0,2. Alta (Renovación)
ES182277204N,PRODUCT 1,11.0,2700.0,2. Alta (Renovación)
ES182101470O,PRODUCT 1,18.0,2700.0,1. Urgente (Chatarra)
ES182442523X,PRODUCT 1,15.0,2700.0,2. Alta (Renovación)
ES182100395Z,PRODUCT 1,12.0,2700.0,2. Alta (Renovación)
ES182186753Y,PRODUCT 1,30.0,2700.0,1. Urgente (Chatarra)
ES182299952H,PRODUCT 1,16.0,2700.0,1. Urgente (Chatarra)
ES182375931N,PRODUCT 1,15.0,2700.0,2. Alta (Renovación)
ES182219573H,PRODUCT 1,14.0,2700.0,2. Alta (Renovación)
ES182135621U,PRODUCT 1,17.0,2700.0,1. Urgente (Chatarra)
ES182444918T,PRODUCT 1,18.0,2700.0,1. Urgente (Chatarra)
ES182312809O,PRODUCT 1,18.0,2700.0,1. Urgente (Chatarra)
ES182334940B,PRODUCT 1,64.5,2700.0,1. Urgente (Chatarra)
ES182450416W,PRODUCT 1,14.0,2700.0,2. Alta (Renovación)
ES182116914Z,PRODUCT 2,21.0,2700.0,1. Urgente (Chatarra)
ES182308592M,PRODUCT 1,19.0,2700.0,1. Urgente (Chatarra)
ES182361841D,PRODUCT 1,12.0,2700.0,2. Alta (Renovación)
ES182245608T,PRODUCT 1,16.0,2700.0,1. Urgente (Chatarra)
ES182123406V,PRODUCT 1,15.0,2700.0,2. Alta (Renovación)
ES182259169H,PRODUCT 1,15.0,2700.0,2. Alta (Renovación)
ES182173895S,PRODUCT 1,19.0,2700.0,1. Urgente (Chatarra)
ES182404021E,PRODUCT 1,10.0,2700.0,2. Alta (Renovación)
ES182387504G,PRODUCT 1,11.0,2700.0,2. Alta (Renovación)
ES182303849R,PRODUCT 1,19.0,2700.0,1. Urgente (Chatarra)
ES182319526B,PRODUCT 1,16.0,2700.0,1. Urgente (Chatarra)
ES182144564E,PRODUCT 1,18.0,2700.0,1. Urgente (Chatarra)
ES182162329E,PRODUCT 1,21.0,2700.0,1. Urgente (Chatarra)
ES182152207S,PRODUCT 1,23.0,2700.0,1. Urgente (Chatarra)
ES182399345T,PRODUCT 1,12.0,2700.0,2. Alta (Renovación)
ES182294955C,PRODUCT 1,14.0,2700.0,2. Alta (Renovación)
ES182112275J,PRODUCT 1,13.0,2700.0,2. Alta (Renovación)
ES182356082B,PRODUCT 1,16.0,2700.0,1. Urgente (Chatarra)
ES182451212S,PRODUCT 1,26.0,2700.0,1. Urgente (Chatarra)
ES182277556O,PRODUCT 1,15.0,2700.0,2. Alta (Renovación)
ES182319336X,PRODUCT 1,18.0,2700.0,1. Urgente (Chatarra)
ES182191254D,PRODUCT 1,11.0,2700.0,2. Alta (Renovación)
ES182348188G,PRODUCT 1,32.0,2700.0,1. Urgente (Chatarra)
ES182314310M,PRODUCT 1,11.0,2700.0,2. Alta (Renovación)
ES182244139T,PRODUCT 1,10.0,2700.0,2. Alta (Renovación)
ES182234852A,PRODUCT 1,35.0,2700.0,1. Urgente (Chatarra)
ES182224810J,PRODUCT 2,10.0,2700.0,2. Alta (Renovación)
ES182222747C,PRODUCT 1,12.0,2700.0,2. Alta (Renovación)
ES182359317C,PRODUCT 1,11.0,2700.0,2. Alta (Renovación)
ES182219149Z,PRODUCT 1,13.0,2700.0,2. Alta (Renovación)
ES182292726Y,PRODUCT 1,18.0,2700.0,1. Urgente (Chatarra)
ES182168057L,PRODUCT 2,26.0,2700.0,1. Urgente (Chatarra)
ES182273378U,PRODUCT 1,20.0,2700.0,1. Urgente (Chatarra)
ES182365583K,PRODUCT 1,14.0,2700.0,2. Alta (Renovación)
ES182217407U,PRODUCT 1,15.0,2700.0,2. Alta (Renovación)
ES182164055S,PRODUCT 2,10.0,2700.0,2. Alta (Renovación)
ES182446529T,PRODUCT 1,17.0,2700.0,1. Urgente (Chatarra)
ES182419113J,PRODUCT 1,29.0,2700.0,1. Urgente (Chatarra)
ES182399905Y,PRODUCT 1,64.0,2700.0,1. Urgente (Chatarra)
ES182213470A,PRODUCT 1,24.0,2700.0,1. Urgente (Chatarra)
ES182105112B,PRODUCT 1,11.0,2700.0,2. Alta (Renovación)
ES182222527Z,PRODUCT 1,15.0,2700.0,2. Alta (Renovación)
ES182250608U,PRODUCT 1,13.0,2700.0,2. Alta (Renovación)
ES182449943E,PRODUCT 1,19.0,2700.0,1. Urgente (Chatarra)
ES182176819A,PRODUCT 1,11.0,2700.0,2. Alta (Renovación)
ES182122683S,PRODUCT 2,11.0,2700.0,2. Alta (Renovación)
ES182136284Z,PRODUCT 1,13.0,2700.0,2. Alta (Renovación)
ES182333346T,PRODUCT 1,14.0,2700.0,2. Alta (Renovación)
ES182343096Y,PRODUCT 1,17.0,2700.0,1. Urgente (Chatarra)
ES182137909C,PRODUCT 1,23.0,2700.0,1. Urgente (Chatarra)
ES182356823B,PRODUCT 1,12.0,2700.0,2. Alta (Renovación)
ES182203256X,PRODUCT 1,10.0,2700.0,2. Alta (Renovación)
ES182303070Q,PRODUCT 1,17.0,2700.0,1. Urgente (Chatarra)
ES182374660A,PRODUCT 1,14.0,2700.0,2. Alta (Renovación)
ES182227624R,PRODUCT 1,13.0,2700.0,2. Alta (Renovación)
ES182165618W,PRODUCT 1,25.0,2700.0,1. Urgente (Chatarra)
ES182250600S,PRODUCT 1,15.0,2700.0,2. Alta (Renovación)
ES182259727P,PRODUCT 1,10.0,2700.0,2. Alta (Renovación)
ES182162174H,PRODUCT 1,15.0,2700.0,2. Alta (Renovación)
ES182384344I,PRODUCT 1,12.0,2700.0,2. Alta (Renovación)
ES182285967A,PRODUCT 2,23.0,2700.0,1. Urgente (Chatarra)
ES182433115P,PRODUCT 1,15.0,2700.0,2. Alta (Renovación)
ES182307346C,PRODUCT 1,13.0,2700.0,2. Alta (Renovación)
ES182433543L,PRODUCT 1,23.0,2700.0,1. Urgente (Chatarra)
ES182372990S,PRODUCT 1,14.0,2700.0,2. Alta (Renovación)
ES182319073G,PRODUCT 1,10.0,2700.0,2. Alta (Renovación)
ES182155376M,PRODUCT 1,15.0,2700.0,2. Alta (Renovación)
ES182298714J,PRODUCT 1,15.0,2700.0,2. Alta (Renovación)
ES182348486U,PRODUCT 2,11.0,2700.0,2. Alta (Renovación)
ES182385310V,PRODUCT 1,16.0,2700.0,1. Urgente (Chatarra)
ES182452533X,PRODUCT 1,16.0,2700.0,1. Urgente (Chatarra)
ES182124054B,PRODUCT 1,13.0,2700.0,2. Alta (Renovación)
ES182100193P,PRODUCT 1,15.0,2700.0,2. Alta (Renovación)
ES182260697M,PRODUCT 1,11.0,2700.0,2. Alta (Renovación)
ES182348670T,PRODUCT 1,15.0,2700.0,2. Alta (Renovación)
ES182381841A,PRODUCT 1,17.0,2700.0,1. Urgente (Chatarra)
ES182198321G,PRODUCT 1,14.0,2700.0,2. Alta (Renovación)
ES182183270C,PRODUCT 1,17.0,2700.0,1. Urgente (Chatarra)
ES182269956J,PRODUCT 1,13.0,2700.0,2. Alta (Renovación)
ES182238445F,PRODUCT 1,11.0,2700.0,2. Alta (Renovación)
ES182278330X,PRODUCT 1,14.0,2700.0,2. Alta (Renovación)
ES182236054J,PRODUCT 1,12.0,2700.0,2. Alta (Renovación)
ES182295731U,PRODUCT 1,13.0,2700.0,2. Alta (Renovación)
ES182391264A,PRODUCT 1,64.0,2700.0,1. Urgente (Chatarra)
ES182133643W,PRODUCT 1,16.0,2700.0,1. Urgente (Chatarra)
ES182419458V,PRODUCT 1,10.0,2700.0,2. Alta (Renovación)
ES182241365X,PRODUCT 1,24.0,2700.0,1. Urgente (Chatarra)
ES182150670E,PRODUCT 1,13.0,2700.0,2. Alta (Renovación)
ES182344203Q,PRODUCT 1,17.0,2700.0,1. Urgente (Chatarra)
ES182129998J,PRODUCT 1,13.0,2700.0,2. Alta (Renovación)
ES182396019E,PRODUCT 1,14.0,2700.0,2. Alta (Renovación)
ES182450830V,PRODUCT 2,18.0,2700.0,1. Urgente (Chatarra)
ES182291589J,PRODUCT 1,12.0,2700.0,2. Alta (Renovación)
ES182324532C,PRODUCT 1,14.0,2700.0,2. Alta (Renovación)
ES182246806O,PRODUCT 1,14.0,2700.0,2. Alta (Renovación)
ES182441757E,PRODUCT 1,27.0,2700.0,1. Urgente (Chatarra)
ES182453178E,PRODUCT 1,10.0,2700.0,2. Alta (Renovación)
ES182454797W,PRODUCT 1,17.0,2700.0,1. Urgente (Chatarra)
ES182149280T,PRODUCT 1,14.0,2700.0,2. Alta (Renovación)
ES182300707Q,PRODUCT 1,20.0,2700.0,1. Urgente (Chatarra)
ES182342348I,PRODUCT 1,11.0,2700.0,2. Alta (Renovación)
ES182453205Q,PRODUCT 1,11.0,2700.0,2. Alta (Renovación)
ES182447788K,PRODUCT 1,16.0,2700.0,1. Urgente (Chatarra)
ES182153692Q,PRODUCT 1,20.0,2700.0,1. Urgente (Chatarra)
ES182130022F,PRODUCT 1,13.0,2700.0,2. Alta (Renovación)
ES182254294H,PRODUCT 1,24.0,2700.0,1. Urgente (Chatarra)
ES182118676I,PRODUCT 1,14.0,2700.0,2. Alta (Renovación)
ES182410151B,PRODUCT 1,20.0,2700.0,1. Urgente (Chatarra)
ES182308094M,PRODUCT 1,17.0,2700.0,1. Urgente (Chatarra)
ES182124776Y,PRODUCT 1,15.0,2700.0,2. Alta (Renovación)
ES182170368U,PRODUCT 1,24.0,2700.0,1. Urgente (Chatarra)
ES182139269O,PRODUCT 1,11.0,2700.0,2. Alta (Renovación)
ES182218350E,PRODUCT 1,16.0,2700.0,1. Urgente (Chatarra)
ES182275787Z,PRODUCT 1,64.5,2700.0,1. Urgente (Chatarra)
ES182286799A,PRODUCT 1,10.0,2700.0,2. Alta (Renovación)
ES182434210E,PRODUCT 1,21.0,2700.0,1. Urgente (Chatarra)
ES182341514U,PRODUCT 1,13.0,2700.0,2. Alta (Renovación)
ES182433802B,PRODUCT 1,17.0,2700.0,1. Urgente (Chatarra)
ES182249491T,PRODUCT 1,10.0,2700.0,2. Alta (Renovación)
ES182345288C,PRODUCT 1,16.0,2700.0,1. Urgente (Chatarra)
ES182349050M,PRODUCT 1,16.0,2700.0,1. Urgente (Chatarra)
ES182321852J,PRODUCT 1,21.0,2700.0,1. Urgente (Chatarra)
ES182168425I,PRODUCT 1,13.0,2700.0,2. Alta (Renovación)
ES182115815L,PRODUCT 1,15.0,2700.0,2. Alta (Renovación)
ES182320862P,PRODUCT 1,33.0,2700.0,1. Urgente (Chatarra)
ES182357720V,PRODUCT 2,15.0,2700.0,2. Alta (Renovación)
ES182247420S,PRODUCT 1,22.0,2700.0,1. Urgente (Chatarra)
ES182451859I,PRODUCT 1,16.0,2700.0,1. Urgente (Chatarra)
ES182157639O,PRODUCT 1,14.0,2700.0,2. Alta (Renovación)
ES182375358B,PRODUCT 1,10.0,2700.0,2. Alta (Renovación)
ES182135357N,PRODUCT 2,10.0,2700.0,2. Alta (Renovación)
ES182381603P,PRODUCT 1,10.0,2700.0,2. Alta (Renovación)
ES182411543M,PRODUCT 1,15.0,2700.0,2. Alta (Renovación)
ES182405703B,PRODUCT 1,15.0,2700.0,2. Alta (Renovación)
ES182410177F,PRODUCT 1,24.0,2700.0,1. Urgente (Chatarra)
ES182343926V,PRODUCT 1,24.0,2700.0,1. Urgente (Chatarra)
ES182127993N,PRODUCT 1,17.0,2700.0,1. Urgente (Chatarra)
ES182130974Y,PRODUCT 1,20.0,2700.0,1. Urgente (Chatarra)
ES182297839T,PRODUCT 1,14.0,2700.0,2. Alta (Renovación)
ES182293323M,PRODUCT 1,13.0,2700.0,2. Alta (Renovación)
ES182158317Q,PRODUCT 1,13.0,2700.0,2. Alta (Renovación)
ES182418233G,PRODUCT 1,23.0,2700.0,1. Urgente (Chatarra)
ES182298248T,PRODUCT 1,14.0,2700.0,2. Alta (Renovación)
ES182295143V,PRODUCT 1,20.0,2700.0,1. Urgente (Chatarra)
ES182356892V,PRODUCT 1,21.0,2700.0,1. Urgente (Chatarra)
ES182299240A,PRODUCT 1,11.0,2700.0,2. Alta (Renovación)
ES182113825U,PRODUCT 1,12.0,2700.0,2. Alta (Renovación)
ES182392877L,PRODUCT 2,22.0,2700.0,1. Urgente (Chatarra)
ES182386318C,PRODUCT 1,23.0,2700.0,1. Urgente (Chatarra)
ES182307769O,PRODUCT 1,18.0,2700.0,1. Urgente (Chatarra)
ES182434422Q,PRODUCT 1,64.0,2700.0,1. Urgente (Chatarra)
ES182443951J,PRODUCT 2,18.0,2700.0,1. Urgente (Chatarra)
ES182249762Y,PRODUCT 1,16.0,2700.0,1. Urgente (Chatarra)
ES182450152N,PRODUCT 1,26.0,2700.0,1. Urgente (Chatarra)
ES182181365L,PRODUCT 1,27.0,2700.0,1. Urgente (Chatarra)
ES182451744L,PRODUCT 1,11.0,2700.0,2. Alta (Renovación)
ES182413809E,PRODUCT 1,16.0,2700.0,1. Urgente (Chatarra)
ES182168804U,PRODUCT 1,10.0,2700.0,2. Alta (Renovación)
ES182439538O,PRODUCT 1,64.0,2700.0,1. Urgente (Chatarra)
ES182349224U,PRODUCT 1,10.0,2700.0,2. Alta (Renovación)
ES182263966Y,PRODUCT 1,24.0,2700.0,1. Urgente (Chatarra)
ES182279458U,PRODUCT 2,10.0,2700.0,2. Alta (Renovación)
ES182265362T,PRODUCT 1,30.0,2700.0,1. Urgente (Chatarra)
ES182107138B,PRODUCT 1,14.0,2700.0,2. Alta (Renovación)
ES182158403H,PRODUCT 1,16.0,2700.0,1. Urgente (Chatarra)
ES182444553D,PRODUCT 1,13.0,2700.0,2. Alta (Renovación)
ES182303838C,PRODUCT 1,10.0,2700.0,2. Alta (Renovación)
ES182302551K,PRODUCT 1,64.0,2700.0,1. Urgente (Chatarra)
ES182396826I,PRODUCT 1,11.0,2700.0,2. Alta (Renovación)
ES182247107V,PRODUCT 1,10.0,2700.0,2. Alta (Renovación)
ES182330134F,PRODUCT 2,64.0,2700.0,1. Urgente (Chatarra)
ES182404821F,PRODUCT 1,10.0,2700.0,2. Alta (Renovación)
ES182187068H,PRODUCT 1,13.0,2700.0,2. Alta (Renovación)
ES182197990Q,PRODUCT 2,17.0,2700.0,1. Urgente (Chatarra)
ES182118838H,PRODUCT 1,17.0,2700.0,1. Urgente (Chatarra)
ES182155026O,PRODUCT 1,13.0,2700.0,2. Alta (Renovación)
ES182313352Q,PRODUCT 1,16.0,2700.0,1. Urgente (Chatarra)
ES182337249L,PRODUCT 1,10.0,2700.0,2. Alta (Renovación)
ES182125377H,PRODUCT 1,18.0,2700.0,1. Urgente (Chatarra)
ES182321017Y,PRODUCT 1,64.5,2700.0,1. Urgente (Chatarra)
ES182368208S,PRODUCT 2,16.0,2700.0,1. Urgente (Chatarra)
ES182356720K,PRODUCT 1,28.0,2700.0,1. Urgente (Chatarra)
ES182298328S,PRODUCT 1,14.0,2700.0,2. Alta (Renovación)
ES182252944F,PRODUCT 1,14.0,2700.0,2. Alta (Renovación)
ES182150095L,PRODUCT 1,15.0,2700.0,2. Alta (Renovación)
ES182300633A,PRODUCT 1,24.0,2700.0,1. Urgente (Chatarra)
ES182405949A,PRODUCT 1,12.0,2700.0,2. Alta (Renovación)
ES182311924A,PRODUCT 1,11.0,2700.0,2. Alta (Renovación)
ES182281966W,PRODUCT 1,16.0,2700.0,1. Urgente (Chatarra)
ES182259235A,PRODUCT 1,15.0,2700.0,2. Alta (Renovación)
ES182420795Z,PRODUCT 1,14.0,2700.0,2. Alta (Renovación)
ES182448190M,PRODUCT 1,11.0,2700.0,2. Alta (Renovación)
ES182237560K,PRODUCT 1,11.0,2700.0,2. Alta (Renovación)
ES182210707A,PRODUCT 1,15.0,2700.0,2. Alta (Renovación)
ES182446645L,PRODUCT 1,12.0,2700.0,2. Alta (Renovación)
ES182297259A,PRODUCT 1,10.0,2700.0,2. Alta (Renovación)
ES182373690I,PRODUCT 1,13.0,2700.0,2. Alta (Renovación)
ES182297003Q,PRODUCT 1,23.0,2700.0,1. Urgente (Chatarra)
ES182207962D,PRODUCT 1,22.0,2700.0,1. Urgente (Chatarra)
ES182175732M,PRODUCT 1,64.0,2700.0,1. Urgente (Chatarra)
ES182410133K,PRODUCT 1,14.0,2700.0,2. Alta (Renovación)
ES182355872H,PRODUCT 1,14.0,2700.0,2. Alta (Renovación)
ES182101733P,PRODUCT 1,10.0,2700.0,2. Alta (Renovación)
ES182452387T,PRODUCT 1,21.0,2700.0,1. Urgente (Chatarra)
ES182354478P,PRODUCT 1,17.0,2700.0,1. Urgente (Chatarra)
ES182220462G,PRODUCT 2,16.0,2700.0,1. Urgente (Chatarra)
ES182361880C,PRODUCT 1,11.0,2700.0,2. Alta (Renovación)
ES182224311I,PRODUCT 1,10.0,2700.0,2. Alta (Renovación)
ES182150403U,PRODUCT 1,20.0,2700.0,1. Urgente (Chatarra)
ES182384875Z,PRODUCT 1,13.0,2700.0,2. Alta (Renovación)
ES182102716R,PRODUCT 1,64.0,2700.0,1. Urgente (Chatarra)
ES182222679Z,PRODUCT 1,11.0,2700.0,2. Alta (Renovación)
ES182435572L,PRODUCT 1,14.0,2700.0,2. Alta (Renovación)
ES182297961V,PRODUCT 1,20.0,2700.0,1. Urgente (Chatarra)
ES182387001J,PRODUCT 1,19.0,2700.0,1. Urgente (Chatarra)
ES182199756S,PRODUCT 1,15.0,2700.0,2. Alta (Renovación)
ES182225348S,PRODUCT 1,22.0,2700.0,1. Urgente (Chatarra)
ES182151144M,PRODUCT 1,20.0,2700.0,1. Urgente (Chatarra)
ES182232040I,PRODUCT 1,14.0,2700.0,2. Alta (Renovación)
ES182430972P,PRODUCT 1,25.0,2700.0,1. Urgente (Chatarra)
ES182443252R,PRODUCT 1,13.0,2700.0,2. Alta (Renovación)
ES182338262H,PRODUCT 1,11.0,2700.0,2. Alta (Renovación)
ES182131472A,PRODUCT 1,10.0,2700.0,2. Alta (Renovación)
ES182289392P,PRODUCT 1,64.0,2700.0,1. Urgente (Chatarra)
ES182245330G,PRODUCT 1,15.0,2700.0,2. Alta (Renovación)
ES182209625K,PRODUCT 1,10.0,2700.0,2. Alta (Renovación)
ES182419618P,PRODUCT 1,14.0,2700.0,2. Alta (Renovación)
ES182305034U,PRODUCT 1,15.0,2700.0,2. Alta (Renovación)
ES182321014N,PRODUCT 1,13.0,2700.0,2. Alta (Renovación)
ES182456226M,PRODUCT 1,11.0,2700.0,2. Alta (Renovación)
ES182120722K,PRODUCT 1,11.0,2700.0,2. Alta (Renovación)
ES182164011L,PRODUCT 1,11.0,2700.0,2. Alta (Renovación)
ES182427445R,PRODUCT 1,15.0,2700.0,2. Alta (Renovación)
ES182108905C,PRODUCT 1,14.0,2700.0,2. Alta (Renovación)
ES182352931B,PRODUCT 1,11.0,2700.0,2. Alta (Renovación)
ES182158498D,PRODUCT 1,64.0,2700.0,1. Urgente (Chatarra)
ES182318345S,PRODUCT 1,16.0,2700.0,1. Urgente (Chatarra)
ES182321849X,PRODUCT 1,64.5,2700.0,1. Urgente (Chatarra)
ES182282710R,PRODUCT 1,19.0,2700.0,1. Urgente (Chatarra)
ES182148513Y,PRODUCT 1,25.0,2700.0,1. Urgente (Chatarra)
ES182453160X,PRODUCT 1,22.0,2700.0,1. Urgente (Chatarra)
ES182283001V,PRODUCT 1,11.0,2700.0,2. Alta (Renovación)
ES182146970I,PRODUCT 2,19.0,2700.0,1. Urgente (Chatarra)
ES182146743G,PRODUCT 1,10.0,2700.0,2. Alta (Renovación)
ES182257384S,PRODUCT 2,17.0,2700.0,1. Urgente (Chatarra)
ES182405434H,PRODUCT 1,11.0,2700.0,2. Alta (Renovación)
ES182166636X,PRODUCT 1,64.0,2700.0,1. Urgente (Chatarra)
ES182367828R,PRODUCT 1,13.0,2700.0,2. Alta (Renovación)
ES182116147L,PRODUCT 1,12.0,2700.0,2. Alta (Renovación)
ES182411561K,PRODUCT 1,11.0,2700.0,2. Alta (Renovación)
ES182294696M,PRODUCT 1,18.0,2700.0,1. Urgente (Chatarra)
ES182165890X,PRODUCT 1,14.0,2700.0,2. Alta (Renovación)
ES182126492X,PRODUCT 1,17.0,2700.0,1. Urgente (Chatarra)
ES182185580F,PRODUCT 1,34.0,2700.0,1. Urgente (Chatarra)
ES182248347S,PRODUCT 1,27.0,2700.0,1. Urgente (Chatarra)
ES182116326R,PRODUCT 1,14.0,2700.0,2. Alta (Renovación)
ES182371370E,PRODUCT 1,64.0,2700.0,1. Urgente (Chatarra)
ES182230974U,PRODUCT 1,18.0,2700.0,1. Urgente (Chatarra)
ES182375370Y,PRODUCT 1,18.0,2700.0,1. Urgente (Chatarra)
ES182348350R,PRODUCT 1,27.0,2700.0,1. Urgente (Chatarra)
ES182372547N,PRODUCT 1,14.0,2700.0,2. Alta (Renovación)
ES182364030R,PRODUCT 1,12.0,2700.0,2. Alta (Renovación)
ES182377361Z,PRODUCT 1,15.0,2700.0,2. Alta (Renovación)
ES182312138X,PRODUCT 2,18.0,2700.0,1. Urgente (Chatarra)
ES182176858Z,PRODUCT 1,20.0,2700.0,1. Urgente (Chatarra)
ES182212979E,PRODUCT 1,21.0,2700.0,1. Urgente (Chatarra)
ES182166082T,PRODUCT 1,11.0,2700.0,2. Alta (Renovación)
ES182262425P,PRODUCT 1,64.5,2700.0,1. Urgente (Chatarra)
ES182442863B,PRODUCT 2,14.0,2700.0,2. Alta (Renovación)
ES182304764B,PRODUCT 1,10.0,2700.0,2. Alta (Renovación)
ES182417136D,PRODUCT 1,13.0,2700.0,2. Alta (Renovación)
ES182129461Z,PRODUCT 1,13.0,2700.0,2. Alta (Renovación)
ES182167417Z,PRODUCT 1,14.0,2700.0,2. Alta (Renovación)
ES182441063F,PRODUCT 1,25.0,2700.0,1. Urgente (Chatarra)
ES182349591Y,PRODUCT 1,10.0,2700.0,2. Alta (Renovación)
ES182127307R,PRODUCT 1,24.0,2700.0,1. Urgente (Chatarra)
ES182291234O,PRODUCT 1,14.0,2700.0,2. Alta (Renovación)
ES182444470A,PRODUCT 1,17.0,2700.0,1. Urgente (Chatarra)
ES182434235B,PRODUCT 1,11.0,2700.0,2. Alta (Renovación)
ES182251890E,PRODUCT 1,23.0,2700.0,1. Urgente (Chatarra)
ES182447804I,PRODUCT 1,21.0,2700.0,1. Urgente (Chatarra)
ES182267409I,PRODUCT 1,19.0,2700.0,1. Urgente (Chatarra)
ES182334456J,PRODUCT 2,15.0,2700.0,2. Alta (Renovación)
ES182114299K,PRODUCT 1,17.0,2700.0,1. Urgente (Chatarra)
ES182300281L,PRODUCT 1,16.0,2700.0,1. Urgente (Chatarra)
ES182131058R,PRODUCT 2,11.0,2700.0,2. Alta (Renovación)
ES182189108G,PRODUCT 1,17.0,2700.0,1. Urgente (Chatarra)
ES182226773J,PRODUCT 1,11.0,2700.0,2. Alta (Renovación)
ES182334461M,PRODUCT 1,27.0,2700.0,1. Urgente (Chatarra)
ES182286701C,PRODUCT 1,13.0,2700.0,2. Alta (Renovación)
ES182236567F,PRODUCT 2,10.0,2700.0,2. Alta (Renovación)
ES182304946G,PRODUCT 2,64.0,2700.0,1. Urgente (Chatarra)
ES182414842P,PRODUCT 1,16.0,2700.0,1. Urgente (Chatarra)
ES182352908N,PRODUCT 1,39.0,2700.0,1. Urgente (Chatarra)
ES182303104U,PRODUCT 1,17.0,2700.0,1. Urgente (Chatarra)
ES182444631T,PRODUCT 1,34.0,2700.0,1. Urgente (Chatarra)
ES182393903L,PRODUCT 1,13.0,2700.0,2. Alta (Renovación)
ES182254789W,PRODUCT 1,13.0,2700.0,2. Alta (Renovación)
ES182448015H,PRODUCT 1,11.0,2700.0,2. Alta (Renovación)
ES182361131L,PRODUCT 1,12.0,2700.0,2. Alta (Renovación)
ES182385591I,PRODUCT 1,15.0,2700.0,2. Alta (Renovación)
ES182251031G,PRODUCT 1,12.0,2700.0,2. Alta (Renovación)
ES182169632L,PRODUCT 2,14.0,2700.0,2. Alta (Renovación)
ES182135960O,PRODUCT 1,18.0,2700.0,1. Urgente (Chatarra)
ES182146511U,PRODUCT 1,13.0,2700.0,2. Alta (Renovación)
ES182267254N,PRODUCT 1,13.0,2700.0,2. Alta (Renovación)
ES182207571T,PRODUCT 1,64.5,2700.0,1. Urgente (Chatarra)
ES182177313M,PRODUCT 1,11.0,2700.0,2. Alta (Renovación)
ES182163746M,PRODUCT 1,14.0,2700.0,2. Alta (Renovación)
ES182234541B,PRODUCT 2,22.0,2700.0,1. Urgente (Chatarra)
ES182229480T,PRODUCT 1,15.0,2700.0,2. Alta (Renovación)
ES182130539L,PRODUCT 1,15.0,2700.0,2. Alta (Renovación)
ES182337175T,PRODUCT 1,11.0,2700.0,2. Alta (Renovación)
ES182187264I,PRODUCT 1,10.0,2700.0,2. Alta (Renovación)
ES182373150M,PRODUCT 1,15.0,2700.0,2. Alta (Renovación)
ES182163284X,PRODUCT 1,19.0,2700.0,1. Urgente (Chatarra)
ES182432012J,PRODUCT 1,11.0,2700.0,2. Alta (Renovación)
ES182397469K,PRODUCT 1,17.0,2700.0,1. Urgente (Chatarra)
ES182201844R,PRODUCT 1,21.0,2700.0,1. Urgente (Chatarra)
ES182292956M,PRODUCT 1,24.0,2700.0,1. Urgente (Chatarra)
ES182181647W,PRODUCT 1,20.0,2700.0,1. Urgente (Chatarra)
ES182431266J,PRODUCT 2,30.0,2700.0,1. Urgente (Chatarra)
ES182415054O,PRODUCT 1,28.0,2700.0,1. Urgente (Chatarra)
ES182343437J,PRODUCT 1,30.0,2700.0,1. Urgente (Chatarra)
ES182183447S,PRODUCT 1,12.0,2700.0,2. Alta (Renovación)
ES182300700I,PRODUCT 2,13.0,2700.0,2. Alta (Renovación)
ES182448454M,PRODUCT 1,13.0,2700.0,2. Alta (Renovación)
ES182186486N,PRODUCT 1,13.0,2700.0,2. Alta (Renovación)
ES182261358J,PRODUCT 1,16.0,2700.0,1. Urgente (Chatarra)
ES182424022M,PRODUCT 1,11.0,2700.0,2. Alta (Renovación)
ES182330748C,PRODUCT 1,15.0,2700.0,2. Alta (Renovación)
ES182319031U,PRODUCT 1,10.0,2700.0,2. Alta (Renovación)
ES182318583U,PRODUCT 1,64.0,2700.0,1. Urgente (Chatarra)
ES182170202K,PRODUCT 1,19.0,2700.0,1. Urgente (Chatarra)
ES182310001W,PRODUCT 1,19.0,2700.0,1. Urgente (Chatarra)
ES182128776S,PRODUCT 1,14.0,2700.0,2. Alta (Renovación)
ES182373721Y,PRODUCT 1,12.0,2700.0,2. Alta (Renovación)
ES182379139I,PRODUCT 1,11.0,2700.0,2. Alta (Renovación)
ES182213262C,PRODUCT 1,15.0,2700.0,2. Alta (Renovación)
ES182243903T,PRODUCT 1,10.0,2700.0,2. Alta (Renovación)
ES182179381N,PRODUCT 1,64.5,2700.0,1. Urgente (Chatarra)
ES182187701G,PRODUCT 1,24.0,2700.0,1. Urgente (Chatarra)
ES182105914K,PRODUCT 1,10.0,2700.0,2. Alta (Renovación)
ES182329853U,PRODUCT 1,10.0,2700.0,2. Alta (Renovación)
ES182374611O,PRODUCT 1,11.0,2700.0,2. Alta (Renovación)
ES182153763R,PRODUCT 1,15.0,2700.0,2. Alta (Renovación)
ES182206276X,PRODUCT 1,17.0,2700.0,1. Urgente (Chatarra)
ES182435472J,PRODUCT 1,16.0,2700.0,1. Urgente (Chatarra)
ES182339283I,PRODUCT 1,14.0,2700.0,2. Alta (Renovación)
ES182417373M,PRODUCT 1,13.0,2700.0,2. Alta (Renovación)
ES182131246V,PRODUCT 1,19.0,2700.0,1. Urgente (Chatarra)
ES182408341D,PRODUCT 2,15.0,2700.0,2. Alta (Renovación)
ES182381595T,PRODUCT 1,14.0,2700.0,2. Alta (Renovación)
ES182428185U,PRODUCT 1,10.0,2700.0,2. Alta (Renovación)
ES182138487Y,PRODUCT 1,28.0,2700.0,1. Urgente (Chatarra)
ES182302119P,PRODUCT 1,10.0,2700.0,2. Alta (Renovación)
ES182437907N,PRODUCT 1,17.0,2700.0,1. Urgente (Chatarra)
ES182176167S,PRODUCT 1,15.0,2700.0,2. Alta (Renovación)
ES182345697W,PRODUCT 1,12.0,2700.0,2. Alta (Renovación)
ES182297633C,PRODUCT 1,11.0,2700.0,2. Alta (Renovación)
ES182323677R,PRODUCT 1,23.0,2700.0,1. Urgente (Chatarra)
ES182278514W,PRODUCT 1,20.0,2700.0,1. Urgente (Chatarra)
ES182387872E,PRODUCT 1,64.0,2700.0,1. Urgente (Chatarra)
ES182256712N,PRODUCT 1,18.0,2700.0,1. Urgente (Chatarra)
ES182443545X,PRODUCT 1,16.0,2700.0,1. Urgente (Chatarra)
ES182310037Q,PRODUCT 1,14.0,2700.0,2. Alta (Renovación)
ES182293720U,PRODUCT 1,14.0,2700.0,2. Alta (Renovación)
ES182263855P,PRODUCT 1,15.0,2700.0,2. Alta (Renovación)
ES182285061H,PRODUCT 1,15.0,2700.0,2. Alta (Renovación)
ES182407231U,PRODUCT 1,19.0,2700.0,1. Urgente (Chatarra)
ES182188780Z,PRODUCT 1,13.0,2700.0,2. Alta (Renovación)
ES182374727A,PRODUCT 1,15.0,2700.0,2. Alta (Renovación)
ES182390196M,PRODUCT 1,38.0,2700.0,1. Urgente (Chatarra)
ES182374269L,PRODUCT 2,11.0,2700.0,2. Alta (Renovación)
ES182325463N,PRODUCT 1,64.0,2700.0,1. Urgente (Chatarra)
ES182361952B,PRODUCT 1,10.0,2700.0,2. Alta (Renovación)
ES182425378D,PRODUCT 2,20.0,2700.0,1. Urgente (Chatarra)
ES182456065N,PRODUCT 1,13.0,2700.0,2. Alta (Renovación)
ES182423861Q,PRODUCT 1,11.0,2700.0,2. Alta (Renovación)
ES182185456B,PRODUCT 1,15.0,2700.0,2. Alta (Renovación)
ES182156484F,PRODUCT 1,27.0,2700.0,1. Urgente (Chatarra)
ES182431678P,PRODUCT 2,64.5,2700.0,1. Urgente (Chatarra)
ES182255712Z,PRODUCT 1,64.0,2700.0,1. Urgente (Chatarra)
ES182337843C,PRODUCT 1,21.0,2700.0,1. Urgente (Chatarra)
ES182224976C,PRODUCT 1,64.5,2700.0,1. Urgente (Chatarra)
ES182176877H,PRODUCT 1,20.0,2700.0,1. Urgente (Chatarra)
ES182427572D,PRODUCT 1,22.0,2700.0,1. Urgente (Chatarra)
ES182363408F,PRODUCT 1,12.0,2700.0,2. Alta (Renovación)
ES182102908H,PRODUCT 1,11.0,2700.0,2. Alta (Renovación)
ES182237575R,PRODUCT 1,11.0,2700.0,2. Alta (Renovación)
ES182189306Q,PRODUCT 1,13.0,2700.0,2. Alta (Renovación)
ES182346011S,PRODUCT 1,19.0,2700.0,1. Urgente (Chatarra)
ES182447050D,PRODUCT 1,20.0,2700.0,1. Urgente (Chatarra)
ES182117200O,PRODUCT 1,24.0,2700.0,1. Urgente (Chatarra)
ES182246014E,PRODUCT 1,14.0,2700.0,2. Alta (Renovación)
ES182161870N,PRODUCT 1,11.0,2700.0,2. Alta (Renovación)
ES182117938O,PRODUCT 1,10.0,2700.0,2. Alta (Renovación)
ES182316273H,PRODUCT 1,16.0,2700.0,1. Urgente (Chatarra)
ES182300313L,PRODUCT 1,11.0,2700.0,2. Alta (Renovación)
ES182111114N,PRODUCT 1,10.0,2700.0,2. Alta (Renovación)
ES182438989I,PRODUCT 1,10.0,2700.0,2. Alta (Renovación)
ES182345549K,PRODUCT 2,15.0,2700.0,2. Alta (Renovación)
ES182214432U,PRODUCT 1,23.0,2700.0,1. Urgente (Chatarra)
ES182245917P,PRODUCT 1,17.0,2700.0,1. Urgente (Chatarra)
ES182157492K,PRODUCT 1,17.0,2700.0,1. Urgente (Chatarra)
ES182175115I,PRODUCT 1,11.0,2700.0,2. Alta (Renovación)
ES182298464H,PRODUCT 1,10.0,2700.0,2. Alta (Renovación)
ES182214856G,PRODUCT 2,22.0,2700.0,1. Urgente (Chatarra)
ES182239231Y,PRODUCT 1,16.0,2700.0,1. Urgente (Chatarra)
ES182226926H,PRODUCT 1,10.0,2700.0,2. Alta (Renovación)
ES182352240A,PRODUCT 1,13.0,2700.0,2. Alta (Renovación)
ES182262367N,PRODUCT 1,12.0,2700.0,2. Alta (Renovación)
ES182109166Q,PRODUCT 2,10.0,2700.0,2. Alta (Renovación)
ES182410748A,PRODUCT 1,10.0,2700.0,2. Alta (Renovación)
ES182253866A,PRODUCT 1,11.0,2700.0,2. Alta (Renovación)
ES182283354M,PRODUCT 1,19.0,2700.0,1. Urgente (Chatarra)
ES182336203T,PRODUCT 1,13.0,2700.0,2. Alta (Renovación)
ES182268633Y,PRODUCT 1,15.0,2700.0,2. Alta (Renovación)
ES182344447I,PRODUCT 2,12.0,2700.0,2. Alta (Renovación)
ES182325109U,PRODUCT 1,14.0,2700.0,2. Alta (Renovación)
ES182102842Y,PRODUCT 1,16.0,2700.0,1. Urgente (Chatarra)
ES182222770O,PRODUCT 1,16.0,2700.0,1. Urgente (Chatarra)
ES182361138O,PRODUCT 1,12.0,2700.0,2. Alta (Renovación)
ES182309368O,PRODUCT 1,21.0,2700.0,1. Urgente (Chatarra)
ES182430662J,PRODUCT 1,20.0,2700.0,1. Urgente (Chatarra)
ES182206559P,PRODUCT 1,12.0,2700.0,2. Alta (Renovación)
ES182253594T,PRODUCT 1,10.0,2700.0,2. Alta (Renovación)
ES182282784N,PRODUCT 1,12.0,2700.0,2. Alta (Renovación)
ES182178717K,PRODUCT 1,12.0,2700.0,2. Alta (Renovación)
ES182216276P,PRODUCT 1,14.0,2700.0,2. Alta (Renovación)
ES182358235O,PRODUCT 2,17.0,2700.0,1. Urgente (Chatarra)
ES182256572S,PRODUCT 1,12.0,2700.0,2. Alta (Renovación)
ES182260970S,PRODUCT 2,14.0,2700.0,2. Alta (Renovación)
ES182376967S,PRODUCT 1,20.0,2700.0,1. Urgente (Chatarra)
ES182322989V,PRODUCT 1,13.0,2700.0,2. Alta (Renovación)
ES182373259S,PRODUCT 1,23.0,2700.0,1. Urgente (Chatarra)
ES182119201L,PRODUCT 1,10.0,2700.0,2. Alta (Renovación)
ES182185600F,PRODUCT 1,20.0,2700.0,1. Urgente (Chatarra)
ES182217760A,PRODUCT 2,14.0,2700.0,2. Alta (Renovación)
ES182113725M,PRODUCT 1,64.0,2700.0,1. Urgente (Chatarra)
ES182179438X,PRODUCT 1,26.0,2700.0,1. Urgente (Chatarra)
ES182187886S,PRODUCT 1,24.0,2700.0,1. Urgente (Chatarra)
ES182375530N,PRODUCT 1,10.0,2700.0,2. Alta (Renovación)
ES182449288S,PRODUCT 1,13.0,2700.0,2. Alta (Renovación)
ES182392065C,PRODUCT 1,10.0,2700.0,2. Alta (Renovación)
ES182266760C,PRODUCT 1,14.0,2700.0,2. Alta (Renovación)
ES182296100N,PRODUCT 1,13.0,2700.0,2. Alta (Renovación)
ES182128134T,PRODUCT 1,21.0,2700.0,1. Urgente (Chatarra)
ES182316211N,PRODUCT 1,64.5,2700.0,1. Urgente (Chatarra)
ES182123006J,PRODUCT 2,64.0,2700.0,1. Urgente (Chatarra)
ES182144182O,PRODUCT 1,14.0,2700.0,2. Alta (Renovación)
ES182451246Z,PRODUCT 1,18.0,2700.0,1. Urgente (Chatarra)
ES182344747O,PRODUCT 1,11.0,2700.0,2. Alta (Renovación)
ES182201336S,PRODUCT 1,15.0,2700.0,2. Alta (Renovación)
ES182363594Y,PRODUCT 1,21.0,2700.0,1. Urgente (Chatarra)
ES182441555T,PRODUCT 1,17.0,2700.0,1. Urgente (Chatarra)
ES182376786R,PRODUCT 1,16.0,2700.0,1. Urgente (Chatarra)
ES182143233O,PRODUCT 1,10.0,2700.0,2. Alta (Renovación)
ES182437223P,PRODUCT 1,30.0,2700.0,1. Urgente (Chatarra)
ES182331150D,PRODUCT 1,13.0,2700.0,2. Alta (Renovación)
ES182131670Y,PRODUCT 1,14.0,2700.0,2. Alta (Renovación)
ES182269542L,PRODUCT 1,14.0,2700.0,2. Alta (Renovación)
ES182427201J,PRODUCT 1,13.0,2700.0,2. Alta (Renovación)
ES182393851B,PRODUCT 1,11.0,2700.0,2. Alta (Renovación)
ES182136699G,PRODUCT 1,17.0,2700.0,1. Urgente (Chatarra)
ES182403195A,PRODUCT 2,12.0,2700.0,2. Alta (Renovación)
ES182293638D,PRODUCT 1,18.0,2700.0,1. Urgente (Chatarra)
ES182454504K,PRODUCT 1,16.0,2700.0,1. Urgente (Chatarra)
ES182234441I,PRODUCT 1,13.0,2700.0,2. Alta (Renovación)
ES182340790S,PRODUCT 1,10.0,2700.0,2. Alta (Renovación)
ES182148595Q,PRODUCT 2,64.5,2700.0,1. Urgente (Chatarra)
ES182256960V,PRODUCT 1,64.0,2700.0,1. Urgente (Chatarra)
ES182140486E,PRODUCT 1,14.0,2700.0,2. Alta (Renovación)
ES182428638M,PRODUCT 1,28.0,2700.0,1. Urgente (Chatarra)
ES182278833Z,PRODUCT 2,12.0,2700.0,2. Alta (Renovación)
ES182335619U,PRODUCT 1,13.0,2700.0,2. Alta (Renovación)
ES182209132Z,PRODUCT 1,10.0,2700.0,2. Alta (Renovación)
ES182173326V,PRODUCT 1,17.0,2700.0,1. Urgente (Chatarra)
ES182359768O,PRODUCT 1,15.0,2700.0,2. Alta (Renovación)
ES182199553O,PRODUCT 1,17.0,2700.0,1. Urgente (Chatarra)
ES182242797B,PRODUCT 1,13.0,2700.0,2. Alta (Renovación)
ES182437589E,PRODUCT 2,15.0,2700.0,2. Alta (Renovación)
ES182295351E,PRODUCT 1,17.0,2700.0,1. Urgente (Chatarra)
ES182194224X,PRODUCT 1,12.0,2700.0,2. Alta (Renovación)
ES182133481R,PRODUCT 1,22.0,2700.0,1. Urgente (Chatarra)
ES182131357Z,PRODUCT 1,12.0,2700.0,2. Alta (Renovación)
ES182286488Y,PRODUCT 1,11.0,2700.0,2. Alta (Renovación)
ES182215218V,PRODUCT 1,18.0,2700.0,1. Urgente (Chatarra)
ES182255913N,PRODUCT 2,13.0,2700.0,2. Alta (Renovación)
ES182406152H,PRODUCT 2,16.0,2700.0,1. Urgente (Chatarra)
ES182152033P,PRODUCT 1,17.0,2700.0,1. Urgente (Chatarra)
ES182246566S,PRODUCT 1,14.0,2700.0,2. Alta (Renovación)
ES182120394E,PRODUCT 2,14.0,2700.0,2. Alta (Renovación)
ES182445009O,PRODUCT 2,16.0,2700.0,1. Urgente (Chatarra)
ES182252641G,PRODUCT 1,11.0,2700.0,2. Alta (Renovación)
ES182286350O,PRODUCT 1,15.0,2700.0,2. Alta (Renovación)
ES182375940V,PRODUCT 1,11.0,2700.0,2. Alta (Renovación)
ES182189790M,PRODUCT 1,11.0,2700.0,2. Alta (Renovación)
ES182140694N,PRODUCT 1,15.0,2700.0,2. Alta (Renovación)
ES182331418D,PRODUCT 1,20.0,2700.0,1. Urgente (Chatarra)
ES182445651W,PRODUCT 1,24.0,2700.0,1. Urgente (Chatarra)
ES182207526N,PRODUCT 1,16.0,2700.0,1. Urgente (Chatarra)
ES182323157G,PRODUCT 1,23.0,2700.0,1. Urgente (Chatarra)
ES182327154H,PRODUCT 1,13.0,2700.0,2. Alta (Renovación)
ES182287941O,PRODUCT 1,10.0,2700.0,2. Alta (Renovación)
ES182393234H,PRODUCT 2,16.0,2700.0,1. Urgente (Chatarra)
ES182427553Q,PRODUCT 1,24.0,2700.0,1. Urgente (Chatarra)
ES182177289W,PRODUCT 1,22.0,2700.0,1. Urgente (Chatarra)
ES182399700R,PRODUCT 1,11.0,2700.0,2. Alta (Renovación)
ES182443475L,PRODUCT 1,42.0,2700.0,1. Urgente (Chatarra)
ES182139818I,PRODUCT 1,20.0,2700.0,1. Urgente (Chatarra)
ES182361717D,PRODUCT 1,12.0,2700.0,2. Alta (Renovación)
ES182180427A,PRODUCT 1,17.0,2700.0,1. Urgente (Chatarra)
ES182213898F,PRODUCT 1,11.0,2700.0,2. Alta (Renovación)
ES182241776V,PRODUCT 2,11.0,2689.2,2. Alta (Renovación)
ES182374962O,PRODUCT 1,19.0,2689.2,1. Urgente (Chatarra)
ES182182592K,PRODUCT 1,15.0,2689.2,2. Alta (Renovación)
ES182168690X,PRODUCT 1,12.0,2686.99,2. Alta (Renovación)
ES182141282F,PRODUCT 1,15.0,2673.0,2. Alta (Renovación)
ES182102216I,PRODUCT 1,19.0,2673.0,1. Urgente (Chatarra)
ES182271529H,PRODUCT 1,15.0,2653.78,2. Alta (Renovación)
ES182182400R,PRODUCT 1,11.0,2646.0,2. Alta (Renovación)
ES182408519F,PRODUCT 1,24.0,2646.0,1. Urgente (Chatarra)
ES182267700R,PRODUCT 1,15.0,2646.0,2. Alta (Renovación)
ES182213561C,PRODUCT 1,20.0,2646.0,1. Urgente (Chatarra)
ES182175254F,PRODUCT 1,12.0,2646.0,2. Alta (Renovación)
ES182269277S,PRODUCT 1,12.0,2646.0,2. Alta (Renovación)
ES182257993Z,PRODUCT 1,10.0,2646.0,2. Alta (Renovación)
ES182231227J,PRODUCT 1,15.0,2646.0,2. Alta (Renovación)
ES182292163N,PRODUCT 1,16.0,2646.0,1. Urgente (Chatarra)
ES182306049C,PRODUCT 1,11.0,2646.0,2. Alta (Renovación)
ES182429599F,PRODUCT 1,11.0,2646.0,2. Alta (Renovación)
ES182367637W,PRODUCT 1,13.0,2646.0,2. Alta (Renovación)
ES182182383P,PRODUCT 1,13.0,2646.0,2. Alta (Renovación)
ES182221337B,PRODUCT 1,12.0,2646.0,2. Alta (Renovación)
ES182448049U,PRODUCT 1,19.0,2646.0,1. Urgente (Chatarra)
ES182398553L,PRODUCT 1,14.0,2646.0,2. Alta (Renovación)
ES182404145N,PRODUCT 1,14.0,2646.0,2. Alta (Renovación)
ES182292067I,PRODUCT 1,16.0,2646.0,1. Urgente (Chatarra)
ES182305591M,PRODUCT 1,14.0,2646.0,2. Alta (Renovación)
ES182207879I,PRODUCT 1,14.0,2646.0,2. Alta (Renovación)
ES182433131M,PRODUCT 1,28.0,2646.0,1. Urgente (Chatarra)
ES182187265M,PRODUCT 1,20.0,2646.0,1. Urgente (Chatarra)
ES182402628V,PRODUCT 1,10.0,2646.0,2. Alta (Renovación)
ES182169261M,PRODUCT 1,11.0,2646.0,2. Alta (Renovación)
ES182167337T,PRODUCT 1,14.0,2646.0,2. Alta (Renovación)
ES182308741I,PRODUCT 1,10.0,2646.0,2. Alta (Renovación)
ES182175004B,PRODUCT 1,11.0,2646.0,2. Alta (Renovación)
ES182391673V,PRODUCT 1,12.0,2646.0,2. Alta (Renovación)
ES182189440C,PRODUCT 1,11.0,2646.0,2. Alta (Renovación)
ES182437617X,PRODUCT 1,13.0,2646.0,2. Alta (Renovación)
ES182355844G,PRODUCT 1,64.0,2646.0,1. Urgente (Chatarra)
ES182372191F,PRODUCT 1,19.0,2646.0,1. Urgente (Chatarra)
ES182259788E,PRODUCT 1,15.0,2646.0,2. Alta (Renovación)
ES182418079O,PRODUCT 1,64.5,2646.0,1. Urgente (Chatarra)
ES182423340I,PRODUCT 1,18.0,2646.0,1. Urgente (Chatarra)
ES182381640N,PRODUCT 1,15.0,2646.0,2. Alta (Renovación)
ES182351793G,PRODUCT 1,12.0,2646.0,2. Alta (Renovación)
ES182210709W,PRODUCT 2,10.0,2646.0,2. Alta (Renovación)
ES182446494E,PRODUCT 1,14.0,2646.0,2. Alta (Renovación)
ES182218129G,PRODUCT 1,18.0,2640.6,1. Urgente (Chatarra)
ES182449673Q,PRODUCT 1,16.0,2629.8,1. Urgente (Chatarra)
ES182386232G,PRODUCT 1,13.0,2629.8,2. Alta (Renovación)
ES182410942I,PRODUCT 1,20.0,2624.4,1. Urgente (Chatarra)
ES182323286A,PRODUCT 1,11.0,2624.4,2. Alta (Renovación)
ES182409236K,PRODUCT 1,14.0,2624.4,2. Alta (Renovación)
ES182304277O,PRODUCT 2,14.0,2619.0,2. Alta (Renovación)
ES182304130F,PRODUCT 1,14.0,2619.0,2. Alta (Renovación)
ES182235822M,PRODUCT 2,11.0,2619.0,2. Alta (Renovación)
ES182351114W,PRODUCT 1,30.0,2592.0,1. Urgente (Chatarra)
ES182171440G,PRODUCT 1,28.0,2592.0,1. Urgente (Chatarra)
ES182360512C,PRODUCT 1,14.0,2592.0,2. Alta (Renovación)
ES182248495M,PRODUCT 1,10.0,2592.0,2. Alta (Renovación)
ES182146675F,PRODUCT 1,24.0,2592.0,1. Urgente (Chatarra)
ES182418326V,PRODUCT 1,22.0,2592.0,1. Urgente (Chatarra)
ES182398451O,PRODUCT 1,64.0,2592.0,1. Urgente (Chatarra)
ES182391161S,PRODUCT 1,18.0,2592.0,1. Urgente (Chatarra)
ES182364057B,PRODUCT 1,64.5,2592.0,1. Urgente (Chatarra)
ES182298943W,PRODUCT 1,13.0,2592.0,2. Alta (Renovación)
ES182211911V,PRODUCT 1,16.0,2592.0,1. Urgente (Chatarra)
ES182401505E,PRODUCT 1,13.0,2592.0,2. Alta (Renovación)
ES182154778Q,PRODUCT 1,31.0,2592.0,1. Urgente (Chatarra)
ES182204143F,PRODUCT 1,11.0,2592.0,2. Alta (Renovación)
ES182132960Z,PRODUCT 1,64.0,2592.0,1. Urgente (Chatarra)
ES182448724J,PRODUCT 1,14.0,2592.0,2. Alta (Renovación)
ES182217449L,PRODUCT 1,64.0,2592.0,1. Urgente (Chatarra)
ES182407281T,PRODUCT 1,23.0,2592.0,1. Urgente (Chatarra)
ES182327455W,PRODUCT 1,12.0,2592.0,2. Alta (Renovación)
ES182234323L,PRODUCT 1,27.0,2592.0,1. Urgente (Chatarra)
ES182318627O,PRODUCT 1,22.0,2592.0,1. Urgente (Chatarra)
ES182313353K,PRODUCT 1,15.0,2592.0,2. Alta (Renovación)
ES182252122N,PRODUCT 1,13.0,2592.0,2. Alta (Renovación)
ES182192836M,PRODUCT 1,39.0,2592.0,1. Urgente (Chatarra)
ES182312060B,PRODUCT 1,11.0,2592.0,2. Alta (Renovación)
ES182160405X,PRODUCT 1,27.0,2592.0,1. Urgente (Chatarra)
ES182175516F,PRODUCT 1,13.0,2592.0,2. Alta (Renovación)
ES182245544R,PRODUCT 1,14.0,2592.0,2. Alta (Renovación)
ES182214018U,PRODUCT 1,24.0,2592.0,1. Urgente (Chatarra)
ES182310597Y,PRODUCT 1,17.0,2592.0,1. Urgente (Chatarra)
ES182367380P,PRODUCT 1,12.0,2592.0,2. Alta (Renovación)
ES182365906X,PRODUCT 1,25.0,2592.0,1. Urgente (Chatarra)
ES182103556V,PRODUCT 1,23.0,2592.0,1. Urgente (Chatarra)
ES182242864X,PRODUCT 1,11.0,2592.0,2. Alta (Renovación)
ES182412356W,PRODUCT 1,20.0,2592.0,1. Urgente (Chatarra)
ES182372279Y,PRODUCT 1,12.0,2592.0,2. Alta (Renovación)
ES182268855T,PRODUCT 1,22.0,2592.0,1. Urgente (Chatarra)
ES182219831B,PRODUCT 1,14.0,2592.0,2. Alta (Renovación)
ES182367022I,PRODUCT 1,18.0,2592.0,1. Urgente (Chatarra)
ES182414600X,PRODUCT 1,11.0,2592.0,2. Alta (Renovación)
ES182375543O,PRODUCT 1,13.0,2592.0,2. Alta (Renovación)
ES182359255E,PRODUCT 1,27.0,2592.0,1. Urgente (Chatarra)
ES182413819Y,PRODUCT 1,15.0,2592.0,2. Alta (Renovación)
ES182179852B,PRODUCT 1,14.0,2592.0,2. Alta (Renovación)
ES182198812T,PRODUCT 1,11.0,2592.0,2. Alta (Renovación)
ES182199811J,PRODUCT 1,22.0,2592.0,1. Urgente (Chatarra)
ES182383376R,PRODUCT 1,21.0,2592.0,1. Urgente (Chatarra)
ES182114649I,PRODUCT 1,10.0,2592.0,2. Alta (Renovación)
ES182294924A,PRODUCT 1,12.0,2592.0,2. Alta (Renovación)
ES182380654M,PRODUCT 1,25.0,2592.0,1. Urgente (Chatarra)
ES182153385S,PRODUCT 1,22.0,2592.0,1. Urgente (Chatarra)
ES182165842L,PRODUCT 1,21.0,2592.0,1. Urgente (Chatarra)
ES182310486H,PRODUCT 1,12.0,2592.0,2. Alta (Renovación)
ES182285409O,PRODUCT 1,10.0,2592.0,2. Alta (Renovación)
ES182201496D,PRODUCT 1,15.0,2592.0,2. Alta (Renovación)
ES182360488B,PRODUCT 1,12.0,2592.0,2. Alta (Renovación)
ES182110303K,PRODUCT 2,17.0,2592.0,1. Urgente (Chatarra)
ES182433302K,PRODUCT 2,21.0,2592.0,1. Urgente (Chatarra)
ES182284616K,PRODUCT 1,14.0,2592.0,2. Alta (Renovación)
ES182380438E,PRODUCT 1,26.0,2592.0,1. Urgente (Chatarra)
ES182237949U,PRODUCT 1,10.0,2592.0,2. Alta (Renovación)
ES182145750K,PRODUCT 2,17.0,2592.0,1. Urgente (Chatarra)
ES182282850R,PRODUCT 1,15.0,2592.0,2. Alta (Renovación)
ES182138579O,PRODUCT 1,12.0,2592.0,2. Alta (Renovación)
ES182270872O,PRODUCT 1,18.0,2592.0,1. Urgente (Chatarra)
ES182387068E,PRODUCT 1,21.0,2592.0,1. Urgente (Chatarra)
ES182415590D,PRODUCT 1,10.0,2592.0,2. Alta (Renovación)
ES182251130Z,PRODUCT 1,13.0,2592.0,2. Alta (Renovación)
ES182313901B,PRODUCT 1,12.0,2592.0,2. Alta (Renovación)
ES182422920U,PRODUCT 1,14.0,2592.0,2. Alta (Renovación)
ES182352499E,PRODUCT 1,64.0,2592.0,1. Urgente (Chatarra)
ES182360435J,PRODUCT 1,13.0,2592.0,2. Alta (Renovación)
ES182312069A,PRODUCT 1,15.0,2592.0,2. Alta (Renovación)
ES182381989U,PRODUCT 1,26.0,2592.0,1. Urgente (Chatarra)
ES182357943O,PRODUCT 1,12.0,2592.0,2. Alta (Renovación)
ES182418061N,PRODUCT 1,15.0,2592.0,2. Alta (Renovación)
ES182126566C,PRODUCT 1,16.0,2592.0,1. Urgente (Chatarra)
ES182269773H,PRODUCT 1,22.0,2592.0,1. Urgente (Chatarra)
ES182260492O,PRODUCT 1,16.0,2592.0,1. Urgente (Chatarra)
ES182317588O,PRODUCT 1,12.0,2592.0,2. Alta (Renovación)
ES182236606N,PRODUCT 1,13.0,2592.0,2. Alta (Renovación)
ES182406747O,PRODUCT 1,18.0,2592.0,1. Urgente (Chatarra)
ES182339658B,PRODUCT 1,21.0,2592.0,1. Urgente (Chatarra)
ES182367265K,PRODUCT 1,16.0,2592.0,1. Urgente (Chatarra)
ES182142299Q,PRODUCT 1,17.0,2592.0,1. Urgente (Chatarra)
ES182113878J,PRODUCT 2,29.0,2592.0,1. Urgente (Chatarra)
ES182174450S,PRODUCT 1,10.0,2592.0,2. Alta (Renovación)
ES182437642D,PRODUCT 1,26.0,2592.0,1. Urgente (Chatarra)
ES182348375P,PRODUCT 1,23.0,2592.0,1. Urgente (Chatarra)
ES182119918U,PRODUCT 1,15.0,2592.0,2. Alta (Renovación)
ES182319793J,PRODUCT 1,17.0,2592.0,1. Urgente (Chatarra)
ES182162004V,PRODUCT 1,23.0,2592.0,1. Urgente (Chatarra)
ES182228875U,PRODUCT 1,10.0,2592.0,2. Alta (Renovación)
ES182374295C,PRODUCT 1,13.0,2592.0,2. Alta (Renovación)
ES182249665U,PRODUCT 1,11.0,2592.0,2. Alta (Renovación)
ES182269588A,PRODUCT 1,21.0,2592.0,1. Urgente (Chatarra)
ES182378708W,PRODUCT 1,11.0,2592.0,2. Alta (Renovación)
ES182306874Q,PRODUCT 1,21.0,2592.0,1. Urgente (Chatarra)
ES182311752M,PRODUCT 1,15.0,2592.0,2. Alta (Renovación)
ES182349763A,PRODUCT 1,17.0,2592.0,1. Urgente (Chatarra)
ES182253162J,PRODUCT 1,23.0,2592.0,1. Urgente (Chatarra)
ES182453831H,PRODUCT 1,24.0,2592.0,1. Urgente (Chatarra)
ES182376142H,PRODUCT 1,16.0,2592.0,1. Urgente (Chatarra)
ES182322857V,PRODUCT 1,15.0,2592.0,2. Alta (Renovación)
ES182335799C,PRODUCT 1,12.0,2592.0,2. Alta (Renovación)
ES182141464Z,PRODUCT 1,16.0,2592.0,1. Urgente (Chatarra)
ES182426079T,PRODUCT 1,22.0,2592.0,1. Urgente (Chatarra)
ES182211916H,PRODUCT 2,64.0,2592.0,1. Urgente (Chatarra)
ES182438572G,PRODUCT 1,10.0,2592.0,2. Alta (Renovación)
ES182301666L,PRODUCT 1,12.0,2592.0,2. Alta (Renovación)
ES182349388P,PRODUCT 1,22.0,2592.0,1. Urgente (Chatarra)
ES182361017D,PRODUCT 1,12.0,2592.0,2. Alta (Renovación)
ES182323072O,PRODUCT 1,30.0,2592.0,1. Urgente (Chatarra)
ES182226223E,PRODUCT 1,13.0,2592.0,2. Alta (Renovación)
ES182453778B,PRODUCT 1,16.0,2592.0,1. Urgente (Chatarra)
ES182436872M,PRODUCT 1,15.0,2592.0,2. Alta (Renovación)
ES182147822S,PRODUCT 1,11.0,2592.0,2. Alta (Renovación)
ES182213009O,PRODUCT 1,21.0,2592.0,1. Urgente (Chatarra)
ES182263502M,PRODUCT 1,15.0,2592.0,2. Alta (Renovación)
ES182326430L,PRODUCT 1,22.0,2592.0,1. Urgente (Chatarra)
ES182319499E,PRODUCT 1,26.0,2592.0,1. Urgente (Chatarra)
ES182300361M,PRODUCT 1,11.0,2592.0,2. Alta (Renovación)
ES182346015R,PRODUCT 1,10.0,2592.0,2. Alta (Renovación)
ES182253524D,PRODUCT 1,20.0,2592.0,1. Urgente (Chatarra)
ES182340651Q,PRODUCT 1,11.0,2592.0,2. Alta (Renovación)
ES182346793N,PRODUCT 1,17.0,2592.0,1. Urgente (Chatarra)
ES182258314N,PRODUCT 1,19.0,2592.0,1. Urgente (Chatarra)
ES182109171Q,PRODUCT 1,21.0,2592.0,1. Urgente (Chatarra)
ES182443534G,PRODUCT 1,11.0,2592.0,2. Alta (Renovación)
ES182293099Q,PRODUCT 1,12.0,2592.0,2. Alta (Renovación)
ES182256930M,PRODUCT 1,15.0,2592.0,2. Alta (Renovación)
ES182199407A,PRODUCT 1,11.0,2592.0,2. Alta (Renovación)
ES182437281F,PRODUCT 1,64.0,2592.0,1. Urgente (Chatarra)
ES182219907C,PRODUCT 1,27.0,2592.0,1. Urgente (Chatarra)
ES182354658M,PRODUCT 1,13.0,2592.0,2. Alta (Renovación)
ES182309480P,PRODUCT 1,12.0,2592.0,2. Alta (Renovación)
ES182294478U,PRODUCT 1,13.0,2592.0,2. Alta (Renovación)
ES182351847H,PRODUCT 1,14.0,2586.6,2. Alta (Renovación)
ES182126374N,PRODUCT 1,19.0,2583.9,1. Urgente (Chatarra)
ES182174257I,PRODUCT 1,16.0,2581.2,1. Urgente (Chatarra)
ES182115331B,PRODUCT 1,17.0,2581.2,1. Urgente (Chatarra)
ES182236785M,PRODUCT 1,15.0,2575.8,2. Alta (Renovación)
ES182130375T,PRODUCT 1,18.0,2565.0,1. Urgente (Chatarra)
ES182442454N,PRODUCT 1,10.0,2565.0,2. Alta (Renovación)
ES182146936H,PRODUCT 1,14.0,2565.0,2. Alta (Renovación)
ES182440728Q,PRODUCT 1,12.0,2539.24,2. Alta (Renovación)
ES182132997F,PRODUCT 1,17.0,2538.0,1. Urgente (Chatarra)
ES182269658M,PRODUCT 2,10.0,2538.0,2. Alta (Renovación)
ES182226934T,PRODUCT 1,19.0,2538.0,1. Urgente (Chatarra)
ES182154796F,PRODUCT 1,64.0,2538.0,1. Urgente (Chatarra)
ES182374092L,PRODUCT 1,23.0,2538.0,1. Urgente (Chatarra)
ES182131612M,PRODUCT 1,16.0,2538.0,1. Urgente (Chatarra)
ES182138155U,PRODUCT 1,12.0,2538.0,2. Alta (Renovación)
ES182100456W,PRODUCT 1,14.0,2538.0,2. Alta (Renovación)
ES182141888K,PRODUCT 1,14.0,2538.0,2. Alta (Renovación)
ES182151433B,PRODUCT 1,11.0,2538.0,2. Alta (Renovación)
ES182389428E,PRODUCT 1,20.0,2538.0,1. Urgente (Chatarra)
ES182284023A,PRODUCT 1,12.0,2538.0,2. Alta (Renovación)
ES182444702S,PRODUCT 1,22.0,2538.0,1. Urgente (Chatarra)
ES182152610M,PRODUCT 1,13.0,2538.0,2. Alta (Renovación)
ES182302450P,PRODUCT 1,13.0,2538.0,2. Alta (Renovación)
ES182448580H,PRODUCT 1,12.0,2538.0,2. Alta (Renovación)
ES182156583P,PRODUCT 1,15.0,2538.0,2. Alta (Renovación)
ES182409764H,PRODUCT 1,14.0,2538.0,2. Alta (Renovación)
ES182396381H,PRODUCT 1,22.0,2538.0,1. Urgente (Chatarra)
ES182239757A,PRODUCT 1,12.0,2538.0,2. Alta (Renovación)
ES182340466W,PRODUCT 1,64.5,2538.0,1. Urgente (Chatarra)
ES182220283G,PRODUCT 1,24.0,2538.0,1. Urgente (Chatarra)
ES182340422D,PRODUCT 1,37.0,2538.0,1. Urgente (Chatarra)
ES182438826N,PRODUCT 2,23.0,2538.0,1. Urgente (Chatarra)
ES182429731H,PRODUCT 1,17.0,2538.0,1. Urgente (Chatarra)
ES182442212M,PRODUCT 1,23.0,2538.0,1. Urgente (Chatarra)
ES182192479H,PRODUCT 1,18.0,2538.0,1. Urgente (Chatarra)
ES182252179W,PRODUCT 1,17.0,2538.0,1. Urgente (Chatarra)
ES182110051T,PRODUCT 1,10.0,2538.0,2. Alta (Renovación)
ES182183865E,PRODUCT 1,14.0,2538.0,2. Alta (Renovación)
ES182233134D,PRODUCT 1,16.0,2538.0,1. Urgente (Chatarra)
ES182207462W,PRODUCT 1,12.0,2538.0,2. Alta (Renovación)
ES182270544S,PRODUCT 2,13.0,2538.0,2. Alta (Renovación)
ES182348457T,PRODUCT 1,15.0,2538.0,2. Alta (Renovación)
ES182143546T,PRODUCT 1,19.0,2538.0,1. Urgente (Chatarra)
ES182242304Z,PRODUCT 1,21.0,2538.0,1. Urgente (Chatarra)
ES182448064D,PRODUCT 1,21.0,2538.0,1. Urgente (Chatarra)
ES182415007C,PRODUCT 1,12.0,2538.0,2. Alta (Renovación)
ES182163927Q,PRODUCT 1,11.0,2538.0,2. Alta (Renovación)
ES182255499Q,PRODUCT 1,10.0,2538.0,2. Alta (Renovación)
ES182179341B,PRODUCT 1,12.0,2538.0,2. Alta (Renovación)
ES182195449Z,PRODUCT 1,64.5,2538.0,1. Urgente (Chatarra)
ES182446975X,PRODUCT 1,12.0,2538.0,2. Alta (Renovación)
ES182294212K,PRODUCT 1,13.0,2538.0,2. Alta (Renovación)
ES182196127I,PRODUCT 2,19.0,2538.0,1. Urgente (Chatarra)
ES182248231D,PRODUCT 1,15.0,2538.0,2. Alta (Renovación)
ES182454771R,PRODUCT 1,15.0,2538.0,2. Alta (Renovación)
ES182124664I,PRODUCT 1,11.0,2538.0,2. Alta (Renovación)
ES182166830R,PRODUCT 1,10.0,2538.0,2. Alta (Renovación)
ES182186390K,PRODUCT 1,12.0,2538.0,2. Alta (Renovación)
ES182351574Q,PRODUCT 2,15.0,2538.0,2. Alta (Renovación)
ES182323413S,PRODUCT 1,10.0,2538.0,2. Alta (Renovación)
ES182352847J,PRODUCT 1,13.0,2538.0,2. Alta (Renovación)
ES182277308I,PRODUCT 2,15.0,2538.0,2. Alta (Renovación)
ES182251428L,PRODUCT 1,13.0,2538.0,2. Alta (Renovación)
ES182274607J,PRODUCT 1,11.0,2538.0,2. Alta (Renovación)
ES182214231V,PRODUCT 1,16.0,2538.0,1. Urgente (Chatarra)
ES182452440M,PRODUCT 1,17.0,2538.0,1. Urgente (Chatarra)
ES182264702I,PRODUCT 1,12.0,2538.0,2. Alta (Renovación)
ES182199953L,PRODUCT 1,13.0,2538.0,2. Alta (Renovación)
ES182354585R,PRODUCT 1,11.0,2538.0,2. Alta (Renovación)
ES182336157Y,PRODUCT 1,16.0,2538.0,1. Urgente (Chatarra)
ES182380063A,PRODUCT 1,14.0,2538.0,2. Alta (Renovación)
ES182424615J,PRODUCT 1,15.0,2538.0,2. Alta (Renovación)
ES182205280Q,PRODUCT 1,15.0,2538.0,2. Alta (Renovación)
ES182231368R,PRODUCT 1,14.0,2538.0,2. Alta (Renovación)
ES182410719S,PRODUCT 1,13.0,2538.0,2. Alta (Renovación)
ES182361631T,PRODUCT 1,20.0,2538.0,1. Urgente (Chatarra)
ES182323360C,PRODUCT 1,24.0,2538.0,1. Urgente (Chatarra)
ES182224015A,PRODUCT 1,12.0,2538.0,2. Alta (Renovación)
ES182277890B,PRODUCT 1,23.0,2538.0,1. Urgente (Chatarra)
ES182125594E,PRODUCT 1,11.0,2538.0,2. Alta (Renovación)
ES182281657V,PRODUCT 1,12.0,2538.0,2. Alta (Renovación)
ES182264814W,PRODUCT 1,17.0,2538.0,1. Urgente (Chatarra)
ES182106243I,PRODUCT 1,10.0,2538.0,2. Alta (Renovación)
ES182441517R,PRODUCT 1,12.0,2538.0,2. Alta (Renovación)
ES182276640E,PRODUCT 1,17.0,2538.0,1. Urgente (Chatarra)
ES182252663A,PRODUCT 1,20.0,2538.0,1. Urgente (Chatarra)
ES182239422Y,PRODUCT 1,10.0,2538.0,2. Alta (Renovación)
ES182304293E,PRODUCT 1,10.0,2538.0,2. Alta (Renovación)
ES182353803K,PRODUCT 1,10.0,2538.0,2. Alta (Renovación)
ES182163432S,PRODUCT 1,25.0,2538.0,1. Urgente (Chatarra)
ES182140784O,PRODUCT 2,10.0,2538.0,2. Alta (Renovación)
ES182231339N,PRODUCT 1,12.0,2538.0,2. Alta (Renovación)
ES182133555N,PRODUCT 1,16.0,2538.0,1. Urgente (Chatarra)
ES182205694Z,PRODUCT 1,13.0,2536.7,2. Alta (Renovación)
ES182322328N,PRODUCT 2,11.0,2525.31,2. Alta (Renovación)
ES182236639B,PRODUCT 1,16.0,2519.64,1. Urgente (Chatarra)
ES182322215E,PRODUCT 1,19.0,2516.4,1. Urgente (Chatarra)
ES182145324X,PRODUCT 1,64.5,2511.0,1. Urgente (Chatarra)
ES182205540R,PRODUCT 1,13.0,2511.0,2. Alta (Renovación)
ES182335239M,PRODUCT 1,18.0,2511.0,1. Urgente (Chatarra)
ES182378484P,PRODUCT 1,12.0,2508.3,2. Alta (Renovación)
ES182327971U,PRODUCT 1,10.0,2505.44,2. Alta (Renovación)
